sha256,group_size,split,source_split,image_path,label_path,file_name,label_hash,label_hash_count_in_group
00950d690534f86dd63848b55140cfc1587181449c1f906046f940571bfa6368,2,train,train,/kaggle/working/denguewatch_yolov8n_workspace/raw_data/roboflow_mosquito-breeding-expanded_v3_yolov8/train/images/images-12-1-_jpg.rf.11b1bd768aa865e800d12c9de6757974.jpg,/kaggle/working/denguewatch_yolov8n_workspace/raw_data/roboflow_mosquito-breeding-expanded_v3_yolov8/train/labels/images-12-1-_jpg.rf.11b1bd768aa865e800d12c9de6757974.txt,images-12-1-_jpg.rf.11b1bd768aa865e800d12c9de6757974.jpg,e3b0c44298fc1c149afbf4c8996fb92427ae41e4649b934ca495991b7852b855,2
00950d690534f86dd63848b55140cfc1587181449c1f906046f940571bfa6368,2,train,train,/kaggle/working/denguewatch_yolov8n_workspace/raw_data/roboflow_mosquito-breeding-expanded_v3_yolov8/train/images/images-12-1-_jpg.rf.e02530ef735ee9ea4c11f46f1f35b239.jpg,/kaggle/working/denguewatch_yolov8n_workspace/raw_data/roboflow_mosquito-breeding-expanded_v3_yolov8/train/labels/images-12-1-_jpg.rf.e02530ef735ee9ea4c11f46f1f35b239.txt,images-12-1-_jpg.rf.e02530ef735ee9ea4c11f46f1f35b239.jpg,5e17be6413103b6783816bea3c2c443d64f294c35c7c03c82e4af455517ac4ce,2
0208573db05f1c08998f5a19cc055a7cd1de249da0f28d1e8a80a61ecb020393,2,train,train,/kaggle/working/denguewatch_yolov8n_workspace/raw_data/roboflow_mosquito-breeding-expanded_v3_yolov8/train/images/download-3-1-_jpg.rf.f50a9f638e32d4d9824cf647c6ed1a68.jpg,/kaggle/working/denguewatch_yolov8n_workspace/raw_data/roboflow_mosquito-breeding-expanded_v3_yolov8/train/labels/download-3-1-_jpg.rf.f50a9f638e32d4d9824cf647c6ed1a68.txt,download-3-1-_jpg.rf.f50a9f638e32d4d9824cf647c6ed1a68.jpg,3edf6637d69a1ae6c1494269bed0ac7118ba8871d6c08e0c714110980ae74cc9,1
0208573db05f1c08998f5a19cc055a7cd1de249da0f28d1e8a80a61ecb020393,2,train,train,/kaggle/working/denguewatch_yolov8n_workspace/raw_data/roboflow_mosquito-breeding-expanded_v3_yolov8/train/images/download-3-1-_jpg.rf.fdaba077ae485d2466a5fc941fe5fda0.jpg,/kaggle/working/denguewatch_yolov8n_workspace/raw_data/roboflow_mosquito-breeding-expanded_v3_yolov8/train/labels/download-3-1-_jpg.rf.fdaba077ae485d2466a5fc941fe5fda0.txt,download-3-1-_jpg.rf.fdaba077ae485d2466a5fc941fe5fda0.jpg,3edf6637d69a1ae6c1494269bed0ac7118ba8871d6c08e0c714110980ae74cc9,1
02478fed90a52387be4f7b5a5af71168536dae2d4bcc5715a12e00e9633cfe24,2,train,train,/kaggle/working/denguewatch_yolov8n_workspace/raw_data/roboflow_mosquito-breeding-expanded_v3_yolov8/train/images/D_887238-MLB44886387857_022021-O_jpg.rf.b696074d0044e367e1008704684ba3e1.jpg,/kaggle/working/denguewatch_yolov8n_workspace/raw_data/roboflow_mosquito-breeding-expanded_v3_yolov8/train/labels/D_887238-MLB44886387857_022021-O_jpg.rf.b696074d0044e367e1008704684ba3e1.txt,D_887238-MLB44886387857_022021-O_jpg.rf.b696074d0044e367e1008704684ba3e1.jpg,c7cad7994cd88121d1959ccd9b69e60f72be184738c285e15ce8bd3518478a55,2
02478fed90a52387be4f7b5a5af71168536dae2d4bcc5715a12e00e9633cfe24,2,valid,valid,/kaggle/working/denguewatch_yolov8n_workspace/raw_data/roboflow_mosquito-breeding-expanded_v3_yolov8/valid/images/D_887238-MLB44886387857_022021-O_jpg.rf.2d83695a2770bdb6af54843b13713db7.jpg,/kaggle/working/denguewatch_yolov8n_workspace/raw_data/roboflow_mosquito-breeding-expanded_v3_yolov8/valid/labels/D_887238-MLB44886387857_022021-O_jpg.rf.2d83695a2770bdb6af54843b13713db7.txt,D_887238-MLB44886387857_022021-O_jpg.rf.2d83695a2770bdb6af54843b13713db7.jpg,786a290b1207b10bfff4be1fca1c859853dd70f18751c3c27aa8f985141325ce,2
03163423db66014ee9ef4a9cc7a951670a37610603121398e9248af510e47eb2,2,train,train,/kaggle/working/denguewatch_yolov8n_workspace/raw_data/roboflow_mosquito-breeding-expanded_v3_yolov8/train/images/images-17-_jpg.rf.6771ee395420810f76c21345af953c02.jpg,/kaggle/working/denguewatch_yolov8n_workspace/raw_data/roboflow_mosquito-breeding-expanded_v3_yolov8/train/labels/images-17-_jpg.rf.6771ee395420810f76c21345af953c02.txt,images-17-_jpg.rf.6771ee395420810f76c21345af953c02.jpg,b3408c5d12a4492e01594adb8d23ee83f7e2bb66c8aff0ddf469ada963d51513,2
03163423db66014ee9ef4a9cc7a951670a37610603121398e9248af510e47eb2,2,valid,valid,/kaggle/working/denguewatch_yolov8n_workspace/raw_data/roboflow_mosquito-breeding-expanded_v3_yolov8/valid/images/images-17-_jpg.rf.81439e40937365ddf41cf9e16a5337d2.jpg,/kaggle/working/denguewatch_yolov8n_workspace/raw_data/roboflow_mosquito-breeding-expanded_v3_yolov8/valid/labels/images-17-_jpg.rf.81439e40937365ddf41cf9e16a5337d2.txt,images-17-_jpg.rf.81439e40937365ddf41cf9e16a5337d2.jpg,718d30382c824075e275a8db8a3f85750355ec33c89675836e3d61c4931e3469,2
04326e5157b88e31784e2adf85cbd3cf91aeb9a0211770cb510426ebf5300af5,2,train,train,/kaggle/working/denguewatch_yolov8n_workspace/raw_data/roboflow_mosquito-breeding-expanded_v3_yolov8/train/images/garrafa13_jpg.rf.6eca94046c68aa6926a197daaee3380b.jpg,/kaggle/working/denguewatch_yolov8n_workspace/raw_data/roboflow_mosquito-breeding-expanded_v3_yolov8/train/labels/garrafa13_jpg.rf.6eca94046c68aa6926a197daaee3380b.txt,garrafa13_jpg.rf.6eca94046c68aa6926a197daaee3380b.jpg,37150d29f6d71313e2fe0123250a2368c81cc025c72c5f1c6fedf514f7b7540c,2
04326e5157b88e31784e2adf85cbd3cf91aeb9a0211770cb510426ebf5300af5,2,train,train,/kaggle/working/denguewatch_yolov8n_workspace/raw_data/roboflow_mosquito-breeding-expanded_v3_yolov8/train/images/garrafa13_jpg.rf.c0753e2bfceb6d6febfc21a0dd59fa27.jpg,/kaggle/working/denguewatch_yolov8n_workspace/raw_data/roboflow_mosquito-breeding-expanded_v3_yolov8/train/labels/garrafa13_jpg.rf.c0753e2bfceb6d6febfc21a0dd59fa27.txt,garrafa13_jpg.rf.c0753e2bfceb6d6febfc21a0dd59fa27.jpg,c6b4b6ba969fb4220809a2e2c4f356fb95a2ecb0788e0375bb2ff5d2657ec841,2
04a95ba13396763323ea7ebb9492cdb4f3f18e2cfd558d9b44022cc0a3726a24,2,train,train,/kaggle/working/denguewatch_yolov8n_workspace/raw_data/roboflow_mosquito-breeding-expanded_v3_yolov8/train/images/download-1-1-_jpg.rf.22b0bfb367fb70aea7916ff45e382e15.jpg,/kaggle/working/denguewatch_yolov8n_workspace/raw_data/roboflow_mosquito-breeding-expanded_v3_yolov8/train/labels/download-1-1-_jpg.rf.22b0bfb367fb70aea7916ff45e382e15.txt,download-1-1-_jpg.rf.22b0bfb367fb70aea7916ff45e382e15.jpg,87364ab28ece8ce06a74b91e3b500387ff735eda786c80e5c6c9a40f02b465be,2
04a95ba13396763323ea7ebb9492cdb4f3f18e2cfd558d9b44022cc0a3726a24,2,train,train,/kaggle/working/denguewatch_yolov8n_workspace/raw_data/roboflow_mosquito-breeding-expanded_v3_yolov8/train/images/download-1-1-_jpg.rf.2f3525965b4c5352404d03176b086e4f.jpg,/kaggle/working/denguewatch_yolov8n_workspace/raw_data/roboflow_mosquito-breeding-expanded_v3_yolov8/train/labels/download-1-1-_jpg.rf.2f3525965b4c5352404d03176b086e4f.txt,download-1-1-_jpg.rf.2f3525965b4c5352404d03176b086e4f.jpg,14df87f7d5b2d75715731ecc920ebb4701806ac16b20d138dbd0b3cd5b350f6c,2
053368bd39d37bc9ec069fdb98438199fe33761b2933282d33b88bdacda42b91,2,train,train,/kaggle/working/denguewatch_yolov8n_workspace/raw_data/roboflow_mosquito-breeding-expanded_v3_yolov8/train/images/images-24-_jpg.rf.bd31fbdeeb8e9635b514b50db3ed8223.jpg,/kaggle/working/denguewatch_yolov8n_workspace/raw_data/roboflow_mosquito-breeding-expanded_v3_yolov8/train/labels/images-24-_jpg.rf.bd31fbdeeb8e9635b514b50db3ed8223.txt,images-24-_jpg.rf.bd31fbdeeb8e9635b514b50db3ed8223.jpg,e3b0c44298fc1c149afbf4c8996fb92427ae41e4649b934ca495991b7852b855,1
053368bd39d37bc9ec069fdb98438199fe33761b2933282d33b88bdacda42b91,2,test,test,/kaggle/working/denguewatch_yolov8n_workspace/raw_data/roboflow_mosquito-breeding-expanded_v3_yolov8/test/images/images-24-_jpg.rf.1584df52cb635c349a3486701abefad9.jpg,/kaggle/working/denguewatch_yolov8n_workspace/raw_data/roboflow_mosquito-breeding-expanded_v3_yolov8/test/labels/images-24-_jpg.rf.1584df52cb635c349a3486701abefad9.txt,images-24-_jpg.rf.1584df52cb635c349a3486701abefad9.jpg,e3b0c44298fc1c149afbf4c8996fb92427ae41e4649b934ca495991b7852b855,1
0566ba5bf05c433511e4fbe00c4ee79159dc94448de1e6447ce4ff6b147107cb,2,train,train,/kaggle/working/denguewatch_yolov8n_workspace/raw_data/roboflow_mosquito-breeding-expanded_v3_yolov8/train/images/imagem9_jpg.rf.95bf2b9090a499cf07abe6d8516884f2.jpg,/kaggle/working/denguewatch_yolov8n_workspace/raw_data/roboflow_mosquito-breeding-expanded_v3_yolov8/train/labels/imagem9_jpg.rf.95bf2b9090a499cf07abe6d8516884f2.txt,imagem9_jpg.rf.95bf2b9090a499cf07abe6d8516884f2.jpg,2ca071f95a4e71eb93f7a3d2cb8f8ce4b2cbca0d09e152fd6dfc313a517c5384,2
0566ba5bf05c433511e4fbe00c4ee79159dc94448de1e6447ce4ff6b147107cb,2,train,train,/kaggle/working/denguewatch_yolov8n_workspace/raw_data/roboflow_mosquito-breeding-expanded_v3_yolov8/train/images/imagem9_jpg.rf.b8664ce723d9e5d4f2701f863d5a8ba7.jpg,/kaggle/working/denguewatch_yolov8n_workspace/raw_data/roboflow_mosquito-breeding-expanded_v3_yolov8/train/labels/imagem9_jpg.rf.b8664ce723d9e5d4f2701f863d5a8ba7.txt,imagem9_jpg.rf.b8664ce723d9e5d4f2701f863d5a8ba7.jpg,4e1a99588f7aaf10fc77e7503c0ba38659c24e2ca0ede1a6bd83dc782b42f873,2
05806023a1aec5fa4090b408cc74d9cc712e6a2402bd1448d46d0e9185e5248c,2,train,train,/kaggle/working/denguewatch_yolov8n_workspace/raw_data/roboflow_mosquito-breeding-expanded_v3_yolov8/train/images/garrafas-pet-podem-entupir-esgoto-700x467_jpg.rf.7bfb6db10298fa92f6e65e6fdf562662.jpg,/kaggle/working/denguewatch_yolov8n_workspace/raw_data/roboflow_mosquito-breeding-expanded_v3_yolov8/train/labels/garrafas-pet-podem-entupir-esgoto-700x467_jpg.rf.7bfb6db10298fa92f6e65e6fdf562662.txt,garrafas-pet-podem-entupir-esgoto-700x467_jpg.rf.7bfb6db10298fa92f6e65e6fdf562662.jpg,a50acd176734096b5ee220e9d0224bf86f7bffddf95cbd0daf77cd4d94fb6b09,2
05806023a1aec5fa4090b408cc74d9cc712e6a2402bd1448d46d0e9185e5248c,2,train,train,/kaggle/working/denguewatch_yolov8n_workspace/raw_data/roboflow_mosquito-breeding-expanded_v3_yolov8/train/images/garrafas-pet-podem-entupir-esgoto-700x467_jpg.rf.f9b1ecd73384acf653c17babca6030be.jpg,/kaggle/working/denguewatch_yolov8n_workspace/raw_data/roboflow_mosquito-breeding-expanded_v3_yolov8/train/labels/garrafas-pet-podem-entupir-esgoto-700x467_jpg.rf.f9b1ecd73384acf653c17babca6030be.txt,garrafas-pet-podem-entupir-esgoto-700x467_jpg.rf.f9b1ecd73384acf653c17babca6030be.jpg,cbc807633f3b4f2d717a4d835610f1019c78abb5d9d29b5e238d7278671ef779,2
09804c8e42b78dab4cfb987364333b9c70daf86d8a2182f5845f903154e9f16e,2,train,train,/kaggle/working/denguewatch_yolov8n_workspace/raw_data/roboflow_mosquito-breeding-expanded_v3_yolov8/train/images/images-23-_jpg.rf.58ffbf78848f84f68e2121059732fc0a.jpg,/kaggle/working/denguewatch_yolov8n_workspace/raw_data/roboflow_mosquito-breeding-expanded_v3_yolov8/train/labels/images-23-_jpg.rf.58ffbf78848f84f68e2121059732fc0a.txt,images-23-_jpg.rf.58ffbf78848f84f68e2121059732fc0a.jpg,3113e52bc6b13cee4ef0e0820aaa1758c01a76a55004a8ff9de45b085b126a50,1
09804c8e42b78dab4cfb987364333b9c70daf86d8a2182f5845f903154e9f16e,2,valid,valid,/kaggle/working/denguewatch_yolov8n_workspace/raw_data/roboflow_mosquito-breeding-expanded_v3_yolov8/valid/images/images-23-_jpg.rf.f280d0c0b4a83feb92229555683760b9.jpg,/kaggle/working/denguewatch_yolov8n_workspace/raw_data/roboflow_mosquito-breeding-expanded_v3_yolov8/valid/labels/images-23-_jpg.rf.f280d0c0b4a83feb92229555683760b9.txt,images-23-_jpg.rf.f280d0c0b4a83feb92229555683760b9.jpg,3113e52bc6b13cee4ef0e0820aaa1758c01a76a55004a8ff9de45b085b126a50,1
0a540a085ceda3540cc9763a7e1e96282c90b92dd1a5e640e394e35ad503cdf5,2,train,train,/kaggle/working/denguewatch_yolov8n_workspace/raw_data/roboflow_mosquito-breeding-expanded_v3_yolov8/train/images/imagem14_jpg.rf.8ca9f56068223d4671cb675248db2d02.jpg,/kaggle/working/denguewatch_yolov8n_workspace/raw_data/roboflow_mosquito-breeding-expanded_v3_yolov8/train/labels/imagem14_jpg.rf.8ca9f56068223d4671cb675248db2d02.txt,imagem14_jpg.rf.8ca9f56068223d4671cb675248db2d02.jpg,1cdd0724baf6d5a4de9d1bed63f131e16a3a1dcb2618765cb2404a18420a8a54,2
0a540a085ceda3540cc9763a7e1e96282c90b92dd1a5e640e394e35ad503cdf5,2,train,train,/kaggle/working/denguewatch_yolov8n_workspace/raw_data/roboflow_mosquito-breeding-expanded_v3_yolov8/train/images/imagem14_jpg.rf.ae4231f4dea21ace1d5e6736874fd3af.jpg,/kaggle/working/denguewatch_yolov8n_workspace/raw_data/roboflow_mosquito-breeding-expanded_v3_yolov8/train/labels/imagem14_jpg.rf.ae4231f4dea21ace1d5e6736874fd3af.txt,imagem14_jpg.rf.ae4231f4dea21ace1d5e6736874fd3af.jpg,8abfbd58ac8baf87d4f611977a962fcbf3f1ce53cdc36703a5f9a71afb027b54,2
0a7e181ccb0ce14ed24ca13bad9519664565c7c47f9868031bea6ee62971e87f,2,train,train,/kaggle/working/denguewatch_yolov8n_workspace/raw_data/roboflow_mosquito-breeding-expanded_v3_yolov8/train/images/images-3-_jpeg_jpg.rf.406b3c2b89839ab553953d1baf7bba36.jpg,/kaggle/working/denguewatch_yolov8n_workspace/raw_data/roboflow_mosquito-breeding-expanded_v3_yolov8/train/labels/images-3-_jpeg_jpg.rf.406b3c2b89839ab553953d1baf7bba36.txt,images-3-_jpeg_jpg.rf.406b3c2b89839ab553953d1baf7bba36.jpg,78ee1a7c3c7a21cc7b7d3fa1b7c135fa98cca9563f1f4d9971b13c8df164fc9b,2
0a7e181ccb0ce14ed24ca13bad9519664565c7c47f9868031bea6ee62971e87f,2,train,train,/kaggle/working/denguewatch_yolov8n_workspace/raw_data/roboflow_mosquito-breeding-expanded_v3_yolov8/train/images/images-3-_jpeg_jpg.rf.448624cfc0d60577b686136c6facf971.jpg,/kaggle/working/denguewatch_yolov8n_workspace/raw_data/roboflow_mosquito-breeding-expanded_v3_yolov8/train/labels/images-3-_jpeg_jpg.rf.448624cfc0d60577b686136c6facf971.txt,images-3-_jpeg_jpg.rf.448624cfc0d60577b686136c6facf971.jpg,8771b12ff092c3942a0d893dcbabc0027b5f8e2f4aab7ce7d1dbae4f36c602f2,2
0b61b2e130a0bff2f4ce8ebd8e0577715770a5530451db9384b91c3f0f5dff64,2,train,train,/kaggle/working/denguewatch_yolov8n_workspace/raw_data/roboflow_mosquito-breeding-expanded_v3_yolov8/train/images/caixaaberta21_jpeg_jpg.rf.b39aab4bf94d33b6f05eef4070ebbd72.jpg,/kaggle/working/denguewatch_yolov8n_workspace/raw_data/roboflow_mosquito-breeding-expanded_v3_yolov8/train/labels/caixaaberta21_jpeg_jpg.rf.b39aab4bf94d33b6f05eef4070ebbd72.txt,caixaaberta21_jpeg_jpg.rf.b39aab4bf94d33b6f05eef4070ebbd72.jpg,4144d42a3b6ad28302e1a634209142a52799f7506474fab1557986451f091b5e,2
0b61b2e130a0bff2f4ce8ebd8e0577715770a5530451db9384b91c3f0f5dff64,2,train,train,/kaggle/working/denguewatch_yolov8n_workspace/raw_data/roboflow_mosquito-breeding-expanded_v3_yolov8/train/images/caixaaberta21_jpeg_jpg.rf.f9a07ebfb7f994898ab3bc1cadf2a5bd.jpg,/kaggle/working/denguewatch_yolov8n_workspace/raw_data/roboflow_mosquito-breeding-expanded_v3_yolov8/train/labels/caixaaberta21_jpeg_jpg.rf.f9a07ebfb7f994898ab3bc1cadf2a5bd.txt,caixaaberta21_jpeg_jpg.rf.f9a07ebfb7f994898ab3bc1cadf2a5bd.jpg,033baafb14317b88819c35edc94c9f62d9d169443a70a78da0dbf83010d5780f,2
0bbe77310108478a4f1d8601a8df6e7f592312d18a1b0047e15a57d44fe58bc9,2,train,train,/kaggle/working/denguewatch_yolov8n_workspace/raw_data/roboflow_mosquito-breeding-expanded_v3_yolov8/train/images/caixaaberta8_jpeg_jpg.rf.a8fa20e7f29fd08f514e9fc925a7449f.jpg,/kaggle/working/denguewatch_yolov8n_workspace/raw_data/roboflow_mosquito-breeding-expanded_v3_yolov8/train/labels/caixaaberta8_jpeg_jpg.rf.a8fa20e7f29fd08f514e9fc925a7449f.txt,caixaaberta8_jpeg_jpg.rf.a8fa20e7f29fd08f514e9fc925a7449f.jpg,cedf95aaac037660119ec78c2795de1eea11f14b2331dd7f022badba3e8b74c4,1
0bbe77310108478a4f1d8601a8df6e7f592312d18a1b0047e15a57d44fe58bc9,2,train,train,/kaggle/working/denguewatch_yolov8n_workspace/raw_data/roboflow_mosquito-breeding-expanded_v3_yolov8/train/images/caixaaberta8_jpeg_jpg.rf.d356774bb73b902d94623b6c5791a455.jpg,/kaggle/working/denguewatch_yolov8n_workspace/raw_data/roboflow_mosquito-breeding-expanded_v3_yolov8/train/labels/caixaaberta8_jpeg_jpg.rf.d356774bb73b902d94623b6c5791a455.txt,caixaaberta8_jpeg_jpg.rf.d356774bb73b902d94623b6c5791a455.jpg,cedf95aaac037660119ec78c2795de1eea11f14b2331dd7f022badba3e8b74c4,1
0ee885f72c0f5fe98c5daf3604d7154b10c9f3c866b212c3eb92808256ae44b1,2,train,train,/kaggle/working/denguewatch_yolov8n_workspace/raw_data/roboflow_mosquito-breeding-expanded_v3_yolov8/train/images/imagem6_jpg.rf.11921c7c1ddcb718a264fe79da05155b.jpg,/kaggle/working/denguewatch_yolov8n_workspace/raw_data/roboflow_mosquito-breeding-expanded_v3_yolov8/train/labels/imagem6_jpg.rf.11921c7c1ddcb718a264fe79da05155b.txt,imagem6_jpg.rf.11921c7c1ddcb718a264fe79da05155b.jpg,6e66db20d36d5b4879f3a2e3ea012d8654de71129a954dd35de9a29c1940bec7,2
0ee885f72c0f5fe98c5daf3604d7154b10c9f3c866b212c3eb92808256ae44b1,2,valid,valid,/kaggle/working/denguewatch_yolov8n_workspace/raw_data/roboflow_mosquito-breeding-expanded_v3_yolov8/valid/images/imagem6_jpg.rf.97baabfc3a4d00a708b2e4ca92038048.jpg,/kaggle/working/denguewatch_yolov8n_workspace/raw_data/roboflow_mosquito-breeding-expanded_v3_yolov8/valid/labels/imagem6_jpg.rf.97baabfc3a4d00a708b2e4ca92038048.txt,imagem6_jpg.rf.97baabfc3a4d00a708b2e4ca92038048.jpg,bde43f549c60c766cd2b6c9404f9f7569a2e1e2e486e10e0b4494d1ae787cec4,2
0fb4ca85891b04e91331423c6e5c8689ebaaa762bd921811684a7c2801cf37b2,2,train,train,/kaggle/working/denguewatch_yolov8n_workspace/raw_data/roboflow_mosquito-breeding-expanded_v3_yolov8/train/images/images-3-1-_jpg.rf.5ca3049a495aa72385a1dfc06656fec4.jpg,/kaggle/working/denguewatch_yolov8n_workspace/raw_data/roboflow_mosquito-breeding-expanded_v3_yolov8/train/labels/images-3-1-_jpg.rf.5ca3049a495aa72385a1dfc06656fec4.txt,images-3-1-_jpg.rf.5ca3049a495aa72385a1dfc06656fec4.jpg,8b3485d88cb2e79966ced147ddcd4dc38e868c4dc14c267712a91fd231c739b1,2
0fb4ca85891b04e91331423c6e5c8689ebaaa762bd921811684a7c2801cf37b2,2,train,train,/kaggle/working/denguewatch_yolov8n_workspace/raw_data/roboflow_mosquito-breeding-expanded_v3_yolov8/train/images/images-3-1-_jpg.rf.6703eb793500a9ef4fb43da0a0c54de9.jpg,/kaggle/working/denguewatch_yolov8n_workspace/raw_data/roboflow_mosquito-breeding-expanded_v3_yolov8/train/labels/images-3-1-_jpg.rf.6703eb793500a9ef4fb43da0a0c54de9.txt,images-3-1-_jpg.rf.6703eb793500a9ef4fb43da0a0c54de9.jpg,bd0b9a282336cdf655520576bf4109d5fb4da0f6d241826ad4d58e81592b77a8,2
11ee2cfc72dbcb67c19851a37ee452350406605df8d3815ada30193e27a17282,2,train,train,/kaggle/working/denguewatch_yolov8n_workspace/raw_data/roboflow_mosquito-breeding-expanded_v3_yolov8/train/images/images-57-_jpg.rf.4e3d3278571432ee034c5ef651faf7e6.jpg,/kaggle/working/denguewatch_yolov8n_workspace/raw_data/roboflow_mosquito-breeding-expanded_v3_yolov8/train/labels/images-57-_jpg.rf.4e3d3278571432ee034c5ef651faf7e6.txt,images-57-_jpg.rf.4e3d3278571432ee034c5ef651faf7e6.jpg,22026fe86b4b58783c558318cb5705cf6d68d1fec89f4dce7b22c66299d1be6d,2
11ee2cfc72dbcb67c19851a37ee452350406605df8d3815ada30193e27a17282,2,train,train,/kaggle/working/denguewatch_yolov8n_workspace/raw_data/roboflow_mosquito-breeding-expanded_v3_yolov8/train/images/images-57-_jpg.rf.c46acbe8eb9c6b81ce1670fda62ae3e7.jpg,/kaggle/working/denguewatch_yolov8n_workspace/raw_data/roboflow_mosquito-breeding-expanded_v3_yolov8/train/labels/images-57-_jpg.rf.c46acbe8eb9c6b81ce1670fda62ae3e7.txt,images-57-_jpg.rf.c46acbe8eb9c6b81ce1670fda62ae3e7.jpg,530af010edab59b335d55d047a3b1cdc5e9f2a1c7465e6af7977002b313f4e2c,2
11f766d9505d8b5f9e5cbbe2c720a7492f4433aa30771fc4455e60521b15048d,2,train,train,/kaggle/working/denguewatch_yolov8n_workspace/raw_data/roboflow_mosquito-breeding-expanded_v3_yolov8/train/images/garrafa7_jpg.rf.2e3b0e40216befe1bac9ebac3d986ce9.jpg,/kaggle/working/denguewatch_yolov8n_workspace/raw_data/roboflow_mosquito-breeding-expanded_v3_yolov8/train/labels/garrafa7_jpg.rf.2e3b0e40216befe1bac9ebac3d986ce9.txt,garrafa7_jpg.rf.2e3b0e40216befe1bac9ebac3d986ce9.jpg,5658d9a62f7c9864c22241df9322c58d12192bf1290b2ad04a5bf22a0e4974da,2
11f766d9505d8b5f9e5cbbe2c720a7492f4433aa30771fc4455e60521b15048d,2,valid,valid,/kaggle/working/denguewatch_yolov8n_workspace/raw_data/roboflow_mosquito-breeding-expanded_v3_yolov8/valid/images/garrafa7_jpg.rf.f664b5e96bc08ad0152d7e62b48cb72f.jpg,/kaggle/working/denguewatch_yolov8n_workspace/raw_data/roboflow_mosquito-breeding-expanded_v3_yolov8/valid/labels/garrafa7_jpg.rf.f664b5e96bc08ad0152d7e62b48cb72f.txt,garrafa7_jpg.rf.f664b5e96bc08ad0152d7e62b48cb72f.jpg,df3c24f15ab256289cfa4ab2126dc08a4979c6c229c2cb74bb6a4cbd7dad783d,2
1273425586d6feaa23eec29c63f73371c54ad9b95ec05c72fb475d13168de6f2,2,train,train,/kaggle/working/denguewatch_yolov8n_workspace/raw_data/roboflow_mosquito-breeding-expanded_v3_yolov8/train/images/caixad-agua2_jpg.rf.81816988f994592ad1480a08a2aeff80.jpg,/kaggle/working/denguewatch_yolov8n_workspace/raw_data/roboflow_mosquito-breeding-expanded_v3_yolov8/train/labels/caixad-agua2_jpg.rf.81816988f994592ad1480a08a2aeff80.txt,caixad-agua2_jpg.rf.81816988f994592ad1480a08a2aeff80.jpg,4c16b604f83fd9b4dd06fef9e82214a81d8415197283f222d700abc4b678e2f7,2
1273425586d6feaa23eec29c63f73371c54ad9b95ec05c72fb475d13168de6f2,2,train,train,/kaggle/working/denguewatch_yolov8n_workspace/raw_data/roboflow_mosquito-breeding-expanded_v3_yolov8/train/images/caixad-agua2_jpg.rf.bbdfd29248abddb4ef8d01e1148cb0c9.jpg,/kaggle/working/denguewatch_yolov8n_workspace/raw_data/roboflow_mosquito-breeding-expanded_v3_yolov8/train/labels/caixad-agua2_jpg.rf.bbdfd29248abddb4ef8d01e1148cb0c9.txt,caixad-agua2_jpg.rf.bbdfd29248abddb4ef8d01e1148cb0c9.jpg,d664784ca1ea9a03465ec773f1fdeb8687c31ec3d291ffd374d1d0be915674df,2
127a1ef66484e0cb0665c7f40b1d8be60e8e595911a053991bf1e0c60d7750d3,2,train,train,/kaggle/working/denguewatch_yolov8n_workspace/raw_data/roboflow_mosquito-breeding-expanded_v3_yolov8/train/images/images-15-_jpg.rf.2390970b026feb419e55f04d2c9ed41c.jpg,/kaggle/working/denguewatch_yolov8n_workspace/raw_data/roboflow_mosquito-breeding-expanded_v3_yolov8/train/labels/images-15-_jpg.rf.2390970b026feb419e55f04d2c9ed41c.txt,images-15-_jpg.rf.2390970b026feb419e55f04d2c9ed41c.jpg,4b365fedf4acea7f89750afe389dbad6e43387bd289b4865602a41a54f667810,2
127a1ef66484e0cb0665c7f40b1d8be60e8e595911a053991bf1e0c60d7750d3,2,test,test,/kaggle/working/denguewatch_yolov8n_workspace/raw_data/roboflow_mosquito-breeding-expanded_v3_yolov8/test/images/images-15-_jpg.rf.554633b59400818a9420c08fdd4f5427.jpg,/kaggle/working/denguewatch_yolov8n_workspace/raw_data/roboflow_mosquito-breeding-expanded_v3_yolov8/test/labels/images-15-_jpg.rf.554633b59400818a9420c08fdd4f5427.txt,images-15-_jpg.rf.554633b59400818a9420c08fdd4f5427.jpg,a8fad6cfbec8db96b4fbea4b34dd296d352fc5a891213447d91872ee421a9ad4,2
133f4d7be7e717ed16f66a07cc18e11fd09201e6b329c81948ac2b986ee51f98,2,train,train,/kaggle/working/denguewatch_yolov8n_workspace/raw_data/roboflow_mosquito-breeding-expanded_v3_yolov8/train/images/caixaaberta28_jpeg_jpg.rf.918a48a176f41402e13388b1af949e14.jpg,/kaggle/working/denguewatch_yolov8n_workspace/raw_data/roboflow_mosquito-breeding-expanded_v3_yolov8/train/labels/caixaaberta28_jpeg_jpg.rf.918a48a176f41402e13388b1af949e14.txt,caixaaberta28_jpeg_jpg.rf.918a48a176f41402e13388b1af949e14.jpg,f70f78a86690cf364f47d6ae150358cb92d96723bf412414912c3d14d3da92e8,1
133f4d7be7e717ed16f66a07cc18e11fd09201e6b329c81948ac2b986ee51f98,2,train,train,/kaggle/working/denguewatch_yolov8n_workspace/raw_data/roboflow_mosquito-breeding-expanded_v3_yolov8/train/images/caixaaberta28_jpeg_jpg.rf.f3310b5706c42a8faee0dfe1488695f7.jpg,/kaggle/working/denguewatch_yolov8n_workspace/raw_data/roboflow_mosquito-breeding-expanded_v3_yolov8/train/labels/caixaaberta28_jpeg_jpg.rf.f3310b5706c42a8faee0dfe1488695f7.txt,caixaaberta28_jpeg_jpg.rf.f3310b5706c42a8faee0dfe1488695f7.jpg,f70f78a86690cf364f47d6ae150358cb92d96723bf412414912c3d14d3da92e8,1
14064a003509475646a9524c53529e03be4b2d80b8975e13fe9c2a5efe4cdbaa,2,train,train,/kaggle/working/denguewatch_yolov8n_workspace/raw_data/roboflow_mosquito-breeding-expanded_v3_yolov8/train/images/images-2-1-_jpg.rf.f7bbbc10fe06e5b6a196c421042a4d81.jpg,/kaggle/working/denguewatch_yolov8n_workspace/raw_data/roboflow_mosquito-breeding-expanded_v3_yolov8/train/labels/images-2-1-_jpg.rf.f7bbbc10fe06e5b6a196c421042a4d81.txt,images-2-1-_jpg.rf.f7bbbc10fe06e5b6a196c421042a4d81.jpg,317652ef520c2b8a387ad6027c8e429b05785faeafcc599dc713c3e823a37f2e,1
14064a003509475646a9524c53529e03be4b2d80b8975e13fe9c2a5efe4cdbaa,2,valid,valid,/kaggle/working/denguewatch_yolov8n_workspace/raw_data/roboflow_mosquito-breeding-expanded_v3_yolov8/valid/images/images-2-1-_jpg.rf.12c3a962f48e0e9dfd5e9b6872063e09.jpg,/kaggle/working/denguewatch_yolov8n_workspace/raw_data/roboflow_mosquito-breeding-expanded_v3_yolov8/valid/labels/images-2-1-_jpg.rf.12c3a962f48e0e9dfd5e9b6872063e09.txt,images-2-1-_jpg.rf.12c3a962f48e0e9dfd5e9b6872063e09.jpg,317652ef520c2b8a387ad6027c8e429b05785faeafcc599dc713c3e823a37f2e,1
150ecdbf21e7f0cb3177a7191e477030abfce3967fea56ac6356ad7c59b7f9e3,2,train,train,/kaggle/working/denguewatch_yolov8n_workspace/raw_data/roboflow_mosquito-breeding-expanded_v3_yolov8/train/images/images-55-_jpg.rf.73cabdb97d0d52d3d09e9a95ec7d78b7.jpg,/kaggle/working/denguewatch_yolov8n_workspace/raw_data/roboflow_mosquito-breeding-expanded_v3_yolov8/train/labels/images-55-_jpg.rf.73cabdb97d0d52d3d09e9a95ec7d78b7.txt,images-55-_jpg.rf.73cabdb97d0d52d3d09e9a95ec7d78b7.jpg,f05dec05a90bdca212e8c75566cf483e9d2db42a2745b4b4de410dbc5242e80b,1
150ecdbf21e7f0cb3177a7191e477030abfce3967fea56ac6356ad7c59b7f9e3,2,train,train,/kaggle/working/denguewatch_yolov8n_workspace/raw_data/roboflow_mosquito-breeding-expanded_v3_yolov8/train/images/images-55-_jpg.rf.77650cecfc0f7b4106c8a6b0651cd27c.jpg,/kaggle/working/denguewatch_yolov8n_workspace/raw_data/roboflow_mosquito-breeding-expanded_v3_yolov8/train/labels/images-55-_jpg.rf.77650cecfc0f7b4106c8a6b0651cd27c.txt,images-55-_jpg.rf.77650cecfc0f7b4106c8a6b0651cd27c.jpg,f05dec05a90bdca212e8c75566cf483e9d2db42a2745b4b4de410dbc5242e80b,1
17fcf4c8d21ec0ff2fd4074c77cc6eb56bcfa284292c8838915ed9a37ea7ec81,2,train,train,/kaggle/working/denguewatch_yolov8n_workspace/raw_data/roboflow_mosquito-breeding-expanded_v3_yolov8/train/images/caixadagua5_jpg.rf.abf0fc20cc76138665c5f31a66f05dae.jpg,/kaggle/working/denguewatch_yolov8n_workspace/raw_data/roboflow_mosquito-breeding-expanded_v3_yolov8/train/labels/caixadagua5_jpg.rf.abf0fc20cc76138665c5f31a66f05dae.txt,caixadagua5_jpg.rf.abf0fc20cc76138665c5f31a66f05dae.jpg,61898458cdb491973e4eb0fbb4558ad8118c76d57845c856c9562977f5d86bc1,1
17fcf4c8d21ec0ff2fd4074c77cc6eb56bcfa284292c8838915ed9a37ea7ec81,2,train,train,/kaggle/working/denguewatch_yolov8n_workspace/raw_data/roboflow_mosquito-breeding-expanded_v3_yolov8/train/images/caixadagua5_jpg.rf.b3a40b01e799b9cb24896213443be699.jpg,/kaggle/working/denguewatch_yolov8n_workspace/raw_data/roboflow_mosquito-breeding-expanded_v3_yolov8/train/labels/caixadagua5_jpg.rf.b3a40b01e799b9cb24896213443be699.txt,caixadagua5_jpg.rf.b3a40b01e799b9cb24896213443be699.jpg,61898458cdb491973e4eb0fbb4558ad8118c76d57845c856c9562977f5d86bc1,1
1acb938db0650a4984d0c52ef1ce1fec2a8c1dd874943d9801a839a1a9b429a8,2,train,train,/kaggle/working/denguewatch_yolov8n_workspace/raw_data/roboflow_mosquito-breeding-expanded_v3_yolov8/train/images/DSCF1059_jpeg_jpg.rf.aaaf6b9cf4c922117393a994ffcadc96.jpg,/kaggle/working/denguewatch_yolov8n_workspace/raw_data/roboflow_mosquito-breeding-expanded_v3_yolov8/train/labels/DSCF1059_jpeg_jpg.rf.aaaf6b9cf4c922117393a994ffcadc96.txt,DSCF1059_jpeg_jpg.rf.aaaf6b9cf4c922117393a994ffcadc96.jpg,13a28968a5f2186287a399b971604283025736737cde87685df2bbb7ea6ca908,2
1acb938db0650a4984d0c52ef1ce1fec2a8c1dd874943d9801a839a1a9b429a8,2,valid,valid,/kaggle/working/denguewatch_yolov8n_workspace/raw_data/roboflow_mosquito-breeding-expanded_v3_yolov8/valid/images/DSCF1059_jpeg_jpg.rf.78ed5d189449cf117b23d32458b36903.jpg,/kaggle/working/denguewatch_yolov8n_workspace/raw_data/roboflow_mosquito-breeding-expanded_v3_yolov8/valid/labels/DSCF1059_jpeg_jpg.rf.78ed5d189449cf117b23d32458b36903.txt,DSCF1059_jpeg_jpg.rf.78ed5d189449cf117b23d32458b36903.jpg,4f3c23826cdfb6139e405b05dfc1972cee4cbeb40d35f6a50067fb2913c6341f,2
1c2f1e40c680ae84b6afbdf98fdabb3570b8f0ba056b78262b0b21a2ce3056d7,2,train,train,/kaggle/working/denguewatch_yolov8n_workspace/raw_data/roboflow_mosquito-breeding-expanded_v3_yolov8/train/images/images-5-_jpeg_jpg.rf.015635e9eaaa21afa225ce2c54679670.jpg,/kaggle/working/denguewatch_yolov8n_workspace/raw_data/roboflow_mosquito-breeding-expanded_v3_yolov8/train/labels/images-5-_jpeg_jpg.rf.015635e9eaaa21afa225ce2c54679670.txt,images-5-_jpeg_jpg.rf.015635e9eaaa21afa225ce2c54679670.jpg,29aaaf302af5dbb50d71f550f1cc131fe934d80e074096d1f5a34a2c7e5b1156,2
1c2f1e40c680ae84b6afbdf98fdabb3570b8f0ba056b78262b0b21a2ce3056d7,2,valid,valid,/kaggle/working/denguewatch_yolov8n_workspace/raw_data/roboflow_mosquito-breeding-expanded_v3_yolov8/valid/images/images-5-_jpeg_jpg.rf.bab2fbcb8ccc2a73859bfea793f6a52e.jpg,/kaggle/working/denguewatch_yolov8n_workspace/raw_data/roboflow_mosquito-breeding-expanded_v3_yolov8/valid/labels/images-5-_jpeg_jpg.rf.bab2fbcb8ccc2a73859bfea793f6a52e.txt,images-5-_jpeg_jpg.rf.bab2fbcb8ccc2a73859bfea793f6a52e.jpg,f3006fb07144fc21553e780ea3943161aa83ac53fc8e9ee42d6c2be73899ce59,2
1ca0181d055c67a8672d647b7844b633424879e1e0b392a7bb9e7ad4887e1205,2,train,train,/kaggle/working/denguewatch_yolov8n_workspace/raw_data/roboflow_mosquito-breeding-expanded_v3_yolov8/train/images/-1D5949D1-5187-454E-8ACC-924AD82CAC9C-png_jpg.rf.dc2ff38354687ae3096408be4ae3b516.jpg,/kaggle/working/denguewatch_yolov8n_workspace/raw_data/roboflow_mosquito-breeding-expanded_v3_yolov8/train/labels/-1D5949D1-5187-454E-8ACC-924AD82CAC9C-png_jpg.rf.dc2ff38354687ae3096408be4ae3b516.txt,-1D5949D1-5187-454E-8ACC-924AD82CAC9C-png_jpg.rf.dc2ff38354687ae3096408be4ae3b516.jpg,e3b0c44298fc1c149afbf4c8996fb92427ae41e4649b934ca495991b7852b855,1
1ca0181d055c67a8672d647b7844b633424879e1e0b392a7bb9e7ad4887e1205,2,valid,valid,/kaggle/working/denguewatch_yolov8n_workspace/raw_data/roboflow_mosquito-breeding-expanded_v3_yolov8/valid/images/-1D5949D1-5187-454E-8ACC-924AD82CAC9C-png_jpg.rf.356ddc5c38f06fb0e03658d79d7aa661.jpg,/kaggle/working/denguewatch_yolov8n_workspace/raw_data/roboflow_mosquito-breeding-expanded_v3_yolov8/valid/labels/-1D5949D1-5187-454E-8ACC-924AD82CAC9C-png_jpg.rf.356ddc5c38f06fb0e03658d79d7aa661.txt,-1D5949D1-5187-454E-8ACC-924AD82CAC9C-png_jpg.rf.356ddc5c38f06fb0e03658d79d7aa661.jpg,e3b0c44298fc1c149afbf4c8996fb92427ae41e4649b934ca495991b7852b855,1
1e84f32f89c0d6859918f252f3300b71641df2a50d9abc817e366ba74ba2a34c,2,train,train,/kaggle/working/denguewatch_yolov8n_workspace/raw_data/roboflow_mosquito-breeding-expanded_v3_yolov8/train/images/images-18-_jpg.rf.31085b5bc330f325adc2ffe3d2389b05.jpg,/kaggle/working/denguewatch_yolov8n_workspace/raw_data/roboflow_mosquito-breeding-expanded_v3_yolov8/train/labels/images-18-_jpg.rf.31085b5bc330f325adc2ffe3d2389b05.txt,images-18-_jpg.rf.31085b5bc330f325adc2ffe3d2389b05.jpg,427dff615c2a0ed3612288b209a2d6cd22ee498b0a9efca4725c6363d41f3eba,1
1e84f32f89c0d6859918f252f3300b71641df2a50d9abc817e366ba74ba2a34c,2,valid,valid,/kaggle/working/denguewatch_yolov8n_workspace/raw_data/roboflow_mosquito-breeding-expanded_v3_yolov8/valid/images/images-18-_jpg.rf.a0bdc772e9120b6f11be0f1f8429a1c0.jpg,/kaggle/working/denguewatch_yolov8n_workspace/raw_data/roboflow_mosquito-breeding-expanded_v3_yolov8/valid/labels/images-18-_jpg.rf.a0bdc772e9120b6f11be0f1f8429a1c0.txt,images-18-_jpg.rf.a0bdc772e9120b6f11be0f1f8429a1c0.jpg,427dff615c2a0ed3612288b209a2d6cd22ee498b0a9efca4725c6363d41f3eba,1
1ef7fbb28a2c9e8f00be1033902cd0763dd5f615646ae48c93d2b0f5312ca7d3,2,train,train,/kaggle/working/denguewatch_yolov8n_workspace/raw_data/roboflow_mosquito-breeding-expanded_v3_yolov8/train/images/images-2-_jpeg_jpg.rf.a3fb0406c6b33fa2e3f0778fae09b41f.jpg,/kaggle/working/denguewatch_yolov8n_workspace/raw_data/roboflow_mosquito-breeding-expanded_v3_yolov8/train/labels/images-2-_jpeg_jpg.rf.a3fb0406c6b33fa2e3f0778fae09b41f.txt,images-2-_jpeg_jpg.rf.a3fb0406c6b33fa2e3f0778fae09b41f.jpg,02a80df1fd01cbc0d7da3d09f2acd89216892ef8bc4267cff2b6b57fa44f6ac0,2
1ef7fbb28a2c9e8f00be1033902cd0763dd5f615646ae48c93d2b0f5312ca7d3,2,train,train,/kaggle/working/denguewatch_yolov8n_workspace/raw_data/roboflow_mosquito-breeding-expanded_v3_yolov8/train/images/images-2-_jpeg_jpg.rf.deb657bdcdcbe9a5094b6b8d7a938ded.jpg,/kaggle/working/denguewatch_yolov8n_workspace/raw_data/roboflow_mosquito-breeding-expanded_v3_yolov8/train/labels/images-2-_jpeg_jpg.rf.deb657bdcdcbe9a5094b6b8d7a938ded.txt,images-2-_jpeg_jpg.rf.deb657bdcdcbe9a5094b6b8d7a938ded.jpg,9239c66e78fccf2956fb7173fa288c38ee0a13e58626e30d90088469a25b7173,2
2296fe8a4c1d7abb4049e024bae8cfc063aafe7e32c98d9ab295f7ff5153a879,2,valid,valid,/kaggle/working/denguewatch_yolov8n_workspace/raw_data/roboflow_mosquito-breeding-expanded_v3_yolov8/valid/images/images-16-_jpg.rf.868d452bb7b7d35f4f78d03c59702ab9.jpg,/kaggle/working/denguewatch_yolov8n_workspace/raw_data/roboflow_mosquito-breeding-expanded_v3_yolov8/valid/labels/images-16-_jpg.rf.868d452bb7b7d35f4f78d03c59702ab9.txt,images-16-_jpg.rf.868d452bb7b7d35f4f78d03c59702ab9.jpg,3882013331a84750d482f31a1c2b479d51ef9be76cc032ba0110bfe7d8359af4,1
2296fe8a4c1d7abb4049e024bae8cfc063aafe7e32c98d9ab295f7ff5153a879,2,valid,valid,/kaggle/working/denguewatch_yolov8n_workspace/raw_data/roboflow_mosquito-breeding-expanded_v3_yolov8/valid/images/images-16-_jpg.rf.ac1174e7c71b0c303e92601b27cd958e.jpg,/kaggle/working/denguewatch_yolov8n_workspace/raw_data/roboflow_mosquito-breeding-expanded_v3_yolov8/valid/labels/images-16-_jpg.rf.ac1174e7c71b0c303e92601b27cd958e.txt,images-16-_jpg.rf.ac1174e7c71b0c303e92601b27cd958e.jpg,3882013331a84750d482f31a1c2b479d51ef9be76cc032ba0110bfe7d8359af4,1
2584cc990e71759baf977127582cf40f7b13eef69e343dcd47fadbef565d13b9,2,train,train,/kaggle/working/denguewatch_yolov8n_workspace/raw_data/roboflow_mosquito-breeding-expanded_v3_yolov8/train/images/images-16-_jpg.rf.bca8a5e02bdeaa2180ce602c59cb9a5a.jpg,/kaggle/working/denguewatch_yolov8n_workspace/raw_data/roboflow_mosquito-breeding-expanded_v3_yolov8/train/labels/images-16-_jpg.rf.bca8a5e02bdeaa2180ce602c59cb9a5a.txt,images-16-_jpg.rf.bca8a5e02bdeaa2180ce602c59cb9a5a.jpg,ca43a825b8bb48497fd9833504b570a82b30c8f9fe47cdd0427c194c6565a0e8,2
2584cc990e71759baf977127582cf40f7b13eef69e343dcd47fadbef565d13b9,2,test,test,/kaggle/working/denguewatch_yolov8n_workspace/raw_data/roboflow_mosquito-breeding-expanded_v3_yolov8/test/images/images-16-_jpg.rf.51984d378121d3d8e7531d0d77cc5a12.jpg,/kaggle/working/denguewatch_yolov8n_workspace/raw_data/roboflow_mosquito-breeding-expanded_v3_yolov8/test/labels/images-16-_jpg.rf.51984d378121d3d8e7531d0d77cc5a12.txt,images-16-_jpg.rf.51984d378121d3d8e7531d0d77cc5a12.jpg,4330b77c63572290f5009dd71816c8cebc3e88f676c784a96d4afea0ccd61229,2
2b9a3c985b0079df6353cf22c476cac55d8fcd77863ccf102c952326c942965e,2,train,train,/kaggle/working/denguewatch_yolov8n_workspace/raw_data/roboflow_mosquito-breeding-expanded_v3_yolov8/train/images/download-9-_jpg.rf.0552974aede7022693804eb9fc952fe3.jpg,/kaggle/working/denguewatch_yolov8n_workspace/raw_data/roboflow_mosquito-breeding-expanded_v3_yolov8/train/labels/download-9-_jpg.rf.0552974aede7022693804eb9fc952fe3.txt,download-9-_jpg.rf.0552974aede7022693804eb9fc952fe3.jpg,71bc1bfe6982bb354898837f21963e624e84b10d406e240be0d273dcb7932e33,2
2b9a3c985b0079df6353cf22c476cac55d8fcd77863ccf102c952326c942965e,2,train,train,/kaggle/working/denguewatch_yolov8n_workspace/raw_data/roboflow_mosquito-breeding-expanded_v3_yolov8/train/images/download-9-_jpg.rf.b0c2d30de4851f7e622ca3adaf6c8aed.jpg,/kaggle/working/denguewatch_yolov8n_workspace/raw_data/roboflow_mosquito-breeding-expanded_v3_yolov8/train/labels/download-9-_jpg.rf.b0c2d30de4851f7e622ca3adaf6c8aed.txt,download-9-_jpg.rf.b0c2d30de4851f7e622ca3adaf6c8aed.jpg,3f790a369cc4cf39c9c8c879af18207a5e799a454e81d691b6bf0c38b6309b62,2
2e1131c0b69330802dc0f2e9847f97cb91b6285a873c65f2b994f9a6f156453c,2,train,train,/kaggle/working/denguewatch_yolov8n_workspace/raw_data/roboflow_mosquito-breeding-expanded_v3_yolov8/train/images/ae571d38-830d-4cae-a2d1-71dc74d54eee_600x400_jpeg_jpg.rf.7662228551d8caabe12a8a01b22c8034.jpg,/kaggle/working/denguewatch_yolov8n_workspace/raw_data/roboflow_mosquito-breeding-expanded_v3_yolov8/train/labels/ae571d38-830d-4cae-a2d1-71dc74d54eee_600x400_jpeg_jpg.rf.7662228551d8caabe12a8a01b22c8034.txt,ae571d38-830d-4cae-a2d1-71dc74d54eee_600x400_jpeg_jpg.rf.7662228551d8caabe12a8a01b22c8034.jpg,8dc072d58733071367bc39f886802a35ed61aa4a508aabc5fb596219cfd35ee2,2
2e1131c0b69330802dc0f2e9847f97cb91b6285a873c65f2b994f9a6f156453c,2,test,test,/kaggle/working/denguewatch_yolov8n_workspace/raw_data/roboflow_mosquito-breeding-expanded_v3_yolov8/test/images/ae571d38-830d-4cae-a2d1-71dc74d54eee_600x400_jpeg_jpg.rf.91c83f74ce782b0a3c3e694a3bcd9f8c.jpg,/kaggle/working/denguewatch_yolov8n_workspace/raw_data/roboflow_mosquito-breeding-expanded_v3_yolov8/test/labels/ae571d38-830d-4cae-a2d1-71dc74d54eee_600x400_jpeg_jpg.rf.91c83f74ce782b0a3c3e694a3bcd9f8c.txt,ae571d38-830d-4cae-a2d1-71dc74d54eee_600x400_jpeg_jpg.rf.91c83f74ce782b0a3c3e694a3bcd9f8c.jpg,2ca1106acd0b8c6ffbaf11b24288643205023747a053c069dccfe7fbd141ffce,2
34f13bfc10ca75170c201b8866e1d3fa7552fcfdf364e44de7babe7b0088b6df,2,train,train,/kaggle/working/denguewatch_yolov8n_workspace/raw_data/roboflow_mosquito-breeding-expanded_v3_yolov8/train/images/images-40-_jpg.rf.5238ecf2957884161d81e88e054320ce.jpg,/kaggle/working/denguewatch_yolov8n_workspace/raw_data/roboflow_mosquito-breeding-expanded_v3_yolov8/train/labels/images-40-_jpg.rf.5238ecf2957884161d81e88e054320ce.txt,images-40-_jpg.rf.5238ecf2957884161d81e88e054320ce.jpg,e3b0c44298fc1c149afbf4c8996fb92427ae41e4649b934ca495991b7852b855,1
34f13bfc10ca75170c201b8866e1d3fa7552fcfdf364e44de7babe7b0088b6df,2,test,test,/kaggle/working/denguewatch_yolov8n_workspace/raw_data/roboflow_mosquito-breeding-expanded_v3_yolov8/test/images/images-40-_jpg.rf.2f5757cab725ec9756148119898ec074.jpg,/kaggle/working/denguewatch_yolov8n_workspace/raw_data/roboflow_mosquito-breeding-expanded_v3_yolov8/test/labels/images-40-_jpg.rf.2f5757cab725ec9756148119898ec074.txt,images-40-_jpg.rf.2f5757cab725ec9756148119898ec074.jpg,e3b0c44298fc1c149afbf4c8996fb92427ae41e4649b934ca495991b7852b855,1
392bff2233aac92d3a0811401988eed2306900e5ab0b708b067772cc6095695d,2,train,train,/kaggle/working/denguewatch_yolov8n_workspace/raw_data/roboflow_mosquito-breeding-expanded_v3_yolov8/train/images/garrafa2_jpg.rf.1824c0ef9eebc15366827143ac4b9b1b.jpg,/kaggle/working/denguewatch_yolov8n_workspace/raw_data/roboflow_mosquito-breeding-expanded_v3_yolov8/train/labels/garrafa2_jpg.rf.1824c0ef9eebc15366827143ac4b9b1b.txt,garrafa2_jpg.rf.1824c0ef9eebc15366827143ac4b9b1b.jpg,a28b3005d70be4a5c38a78989a92515078466f8c39f8033158ab8822db90a627,2
392bff2233aac92d3a0811401988eed2306900e5ab0b708b067772cc6095695d,2,test,test,/kaggle/working/denguewatch_yolov8n_workspace/raw_data/roboflow_mosquito-breeding-expanded_v3_yolov8/test/images/garrafa2_jpg.rf.79c3b7c45710fca6f6f36535f3e98d5e.jpg,/kaggle/working/denguewatch_yolov8n_workspace/raw_data/roboflow_mosquito-breeding-expanded_v3_yolov8/test/labels/garrafa2_jpg.rf.79c3b7c45710fca6f6f36535f3e98d5e.txt,garrafa2_jpg.rf.79c3b7c45710fca6f6f36535f3e98d5e.jpg,f4f0b8432249e3944856bef8e8b5523bf57fa2f0521f75b89456621f570c9d2a,2
39c37a13af2dcaad9f23dd06354fcf6bee56fcddc41e6931e0ac1f8496b04a22,2,train,train,/kaggle/working/denguewatch_yolov8n_workspace/raw_data/roboflow_mosquito-breeding-expanded_v3_yolov8/train/images/imagem22_jpg.rf.1243036a0c19991b7d544ed5862daa7f.jpg,/kaggle/working/denguewatch_yolov8n_workspace/raw_data/roboflow_mosquito-breeding-expanded_v3_yolov8/train/labels/imagem22_jpg.rf.1243036a0c19991b7d544ed5862daa7f.txt,imagem22_jpg.rf.1243036a0c19991b7d544ed5862daa7f.jpg,301b76efd2700d2df6c270121c82e614d0b1bb34648fd6be5cb87bcf77d96c8e,1
39c37a13af2dcaad9f23dd06354fcf6bee56fcddc41e6931e0ac1f8496b04a22,2,test,test,/kaggle/working/denguewatch_yolov8n_workspace/raw_data/roboflow_mosquito-breeding-expanded_v3_yolov8/test/images/imagem22_jpg.rf.31a51250a2e6295344dd11754df68d79.jpg,/kaggle/working/denguewatch_yolov8n_workspace/raw_data/roboflow_mosquito-breeding-expanded_v3_yolov8/test/labels/imagem22_jpg.rf.31a51250a2e6295344dd11754df68d79.txt,imagem22_jpg.rf.31a51250a2e6295344dd11754df68d79.jpg,301b76efd2700d2df6c270121c82e614d0b1bb34648fd6be5cb87bcf77d96c8e,1
3a6ab0b444cae638b9d69e4e1e9054b4db73289a89032dbf03d643735aa2c07e,2,train,train,/kaggle/working/denguewatch_yolov8n_workspace/raw_data/roboflow_mosquito-breeding-expanded_v3_yolov8/train/images/images-21-_jpg.rf.bab94804c35cdcfaac3db74229865e3f.jpg,/kaggle/working/denguewatch_yolov8n_workspace/raw_data/roboflow_mosquito-breeding-expanded_v3_yolov8/train/labels/images-21-_jpg.rf.bab94804c35cdcfaac3db74229865e3f.txt,images-21-_jpg.rf.bab94804c35cdcfaac3db74229865e3f.jpg,446f0b1a8718239b845193bc987352dae45f0a4d214b2688f3c36b59d10b4111,2
3a6ab0b444cae638b9d69e4e1e9054b4db73289a89032dbf03d643735aa2c07e,2,train,train,/kaggle/working/denguewatch_yolov8n_workspace/raw_data/roboflow_mosquito-breeding-expanded_v3_yolov8/train/images/images-21-_jpg.rf.c4375b74dcf3493e32111cde549fbdab.jpg,/kaggle/working/denguewatch_yolov8n_workspace/raw_data/roboflow_mosquito-breeding-expanded_v3_yolov8/train/labels/images-21-_jpg.rf.c4375b74dcf3493e32111cde549fbdab.txt,images-21-_jpg.rf.c4375b74dcf3493e32111cde549fbdab.jpg,aa3fef635e9d30b1f6638d9a7199e5624e2a79a0cfaca846298625032bc7828e,2
3bef67cd776175a944fd71fc32ebfc924724a0947e0176e225a8581e70f6498e,2,train,train,/kaggle/working/denguewatch_yolov8n_workspace/raw_data/roboflow_mosquito-breeding-expanded_v3_yolov8/train/images/imagem8_jpg.rf.411aa50d6a145a7ac58afebad5b67ccb.jpg,/kaggle/working/denguewatch_yolov8n_workspace/raw_data/roboflow_mosquito-breeding-expanded_v3_yolov8/train/labels/imagem8_jpg.rf.411aa50d6a145a7ac58afebad5b67ccb.txt,imagem8_jpg.rf.411aa50d6a145a7ac58afebad5b67ccb.jpg,d6ef69162f3ce191e68ba9c04190f6cf5a3b632fbd7383a2d942a7da98778d27,2
3bef67cd776175a944fd71fc32ebfc924724a0947e0176e225a8581e70f6498e,2,test,test,/kaggle/working/denguewatch_yolov8n_workspace/raw_data/roboflow_mosquito-breeding-expanded_v3_yolov8/test/images/imagem8_jpg.rf.b1d2265d289a633fb9cb52f6b647cc9d.jpg,/kaggle/working/denguewatch_yolov8n_workspace/raw_data/roboflow_mosquito-breeding-expanded_v3_yolov8/test/labels/imagem8_jpg.rf.b1d2265d289a633fb9cb52f6b647cc9d.txt,imagem8_jpg.rf.b1d2265d289a633fb9cb52f6b647cc9d.jpg,6ac47d415d64e65aea0dc8e2a839693e760826657cb3b7834008d56f70df2a6a,2
3e0173e4515e9ff39ccdf08baada1dc3d77aae0f9f05245e9669446dc984372a,2,train,train,/kaggle/working/denguewatch_yolov8n_workspace/raw_data/roboflow_mosquito-breeding-expanded_v3_yolov8/train/images/images-1-_jpeg_jpg.rf.b411776dc7ce61e17ca5aaf5e1f44194.jpg,/kaggle/working/denguewatch_yolov8n_workspace/raw_data/roboflow_mosquito-breeding-expanded_v3_yolov8/train/labels/images-1-_jpeg_jpg.rf.b411776dc7ce61e17ca5aaf5e1f44194.txt,images-1-_jpeg_jpg.rf.b411776dc7ce61e17ca5aaf5e1f44194.jpg,f61d7ce34c224801f8c4fabb2579cf07f029a57be62ed3fa20679acf05c25f77,2
3e0173e4515e9ff39ccdf08baada1dc3d77aae0f9f05245e9669446dc984372a,2,train,train,/kaggle/working/denguewatch_yolov8n_workspace/raw_data/roboflow_mosquito-breeding-expanded_v3_yolov8/train/images/images-1-_jpeg_jpg.rf.b55127b1685350d671cde5271c25c0ff.jpg,/kaggle/working/denguewatch_yolov8n_workspace/raw_data/roboflow_mosquito-breeding-expanded_v3_yolov8/train/labels/images-1-_jpeg_jpg.rf.b55127b1685350d671cde5271c25c0ff.txt,images-1-_jpeg_jpg.rf.b55127b1685350d671cde5271c25c0ff.jpg,1a7b5d104ef03d880e09547befbaed2f5b0bdd2fb66d54340feaeabbbd3e553f,2
427fd94e1895778ed3d1bb02652bd1ae041b83d05af5753928e6e53b62a284e6,2,train,train,/kaggle/working/denguewatch_yolov8n_workspace/raw_data/roboflow_mosquito-breeding-expanded_v3_yolov8/train/images/caixad-agua_jpg.rf.360f0b9c9dea92aeb0b34b34e860a723.jpg,/kaggle/working/denguewatch_yolov8n_workspace/raw_data/roboflow_mosquito-breeding-expanded_v3_yolov8/train/labels/caixad-agua_jpg.rf.360f0b9c9dea92aeb0b34b34e860a723.txt,caixad-agua_jpg.rf.360f0b9c9dea92aeb0b34b34e860a723.jpg,9b007527c44ddc016d3bb601d45058f6e9beb0be2445dc88571f1aa632037bf7,1
427fd94e1895778ed3d1bb02652bd1ae041b83d05af5753928e6e53b62a284e6,2,train,train,/kaggle/working/denguewatch_yolov8n_workspace/raw_data/roboflow_mosquito-breeding-expanded_v3_yolov8/train/images/caixad-agua_jpg.rf.dbd15add4e12c45bb6852df639666204.jpg,/kaggle/working/denguewatch_yolov8n_workspace/raw_data/roboflow_mosquito-breeding-expanded_v3_yolov8/train/labels/caixad-agua_jpg.rf.dbd15add4e12c45bb6852df639666204.txt,caixad-agua_jpg.rf.dbd15add4e12c45bb6852df639666204.jpg,9b007527c44ddc016d3bb601d45058f6e9beb0be2445dc88571f1aa632037bf7,1
42d5bb8b755799b55f0ebf21dd7d55888e93e5d1088a5be3f050cc38524dd7a7,2,train,train,/kaggle/working/denguewatch_yolov8n_workspace/raw_data/roboflow_mosquito-breeding-expanded_v3_yolov8/train/images/download-3-2-_jpg.rf.44649a9d125a1eadc2fd7368c3e7f998.jpg,/kaggle/working/denguewatch_yolov8n_workspace/raw_data/roboflow_mosquito-breeding-expanded_v3_yolov8/train/labels/download-3-2-_jpg.rf.44649a9d125a1eadc2fd7368c3e7f998.txt,download-3-2-_jpg.rf.44649a9d125a1eadc2fd7368c3e7f998.jpg,c0134e34b5eacc42da5bbf0191c9de87b5f9f8199ce0e21073c6ce7da535b4c8,1
42d5bb8b755799b55f0ebf21dd7d55888e93e5d1088a5be3f050cc38524dd7a7,2,train,train,/kaggle/working/denguewatch_yolov8n_workspace/raw_data/roboflow_mosquito-breeding-expanded_v3_yolov8/train/images/download-3-2-_jpg.rf.67de22eb54a71c856e8a62d395e82641.jpg,/kaggle/working/denguewatch_yolov8n_workspace/raw_data/roboflow_mosquito-breeding-expanded_v3_yolov8/train/labels/download-3-2-_jpg.rf.67de22eb54a71c856e8a62d395e82641.txt,download-3-2-_jpg.rf.67de22eb54a71c856e8a62d395e82641.jpg,c0134e34b5eacc42da5bbf0191c9de87b5f9f8199ce0e21073c6ce7da535b4c8,1
48604738d896abdea5ae1d887d77e65b718b333d950d500d6bda4ad950c17c66,2,train,train,/kaggle/working/denguewatch_yolov8n_workspace/raw_data/roboflow_mosquito-breeding-expanded_v3_yolov8/train/images/depositphotos_13380574-stock-photo-water-pollution_jpg.rf.3260f10d739c79a43f62bcef06951424.jpg,/kaggle/working/denguewatch_yolov8n_workspace/raw_data/roboflow_mosquito-breeding-expanded_v3_yolov8/train/labels/depositphotos_13380574-stock-photo-water-pollution_jpg.rf.3260f10d739c79a43f62bcef06951424.txt,depositphotos_13380574-stock-photo-water-pollution_jpg.rf.3260f10d739c79a43f62bcef06951424.jpg,7ea362e7243a65e0b794753e11ec6304d1860ea1b660f2e448423d1ca230e55b,2
48604738d896abdea5ae1d887d77e65b718b333d950d500d6bda4ad950c17c66,2,train,train,/kaggle/working/denguewatch_yolov8n_workspace/raw_data/roboflow_mosquito-breeding-expanded_v3_yolov8/train/images/depositphotos_13380574-stock-photo-water-pollution_jpg.rf.7a70055193bd96d961fd1f7d933c73a9.jpg,/kaggle/working/denguewatch_yolov8n_workspace/raw_data/roboflow_mosquito-breeding-expanded_v3_yolov8/train/labels/depositphotos_13380574-stock-photo-water-pollution_jpg.rf.7a70055193bd96d961fd1f7d933c73a9.txt,depositphotos_13380574-stock-photo-water-pollution_jpg.rf.7a70055193bd96d961fd1f7d933c73a9.jpg,5b1c16c56c50629ae4929079dee8ee7d3436af7ddd4b3c216be3b1c3faa021c6,2
487100f0c42c9a00bba8369e08a1e97d2721d3693f8e7f68112fb7bc42ffc826,2,train,train,/kaggle/working/denguewatch_yolov8n_workspace/raw_data/roboflow_mosquito-breeding-expanded_v3_yolov8/train/images/aguaparada3_jpeg_jpg.rf.bd7ba6b29bc80c90ebae95f14532a479.jpg,/kaggle/working/denguewatch_yolov8n_workspace/raw_data/roboflow_mosquito-breeding-expanded_v3_yolov8/train/labels/aguaparada3_jpeg_jpg.rf.bd7ba6b29bc80c90ebae95f14532a479.txt,aguaparada3_jpeg_jpg.rf.bd7ba6b29bc80c90ebae95f14532a479.jpg,e3b0c44298fc1c149afbf4c8996fb92427ae41e4649b934ca495991b7852b855,2
487100f0c42c9a00bba8369e08a1e97d2721d3693f8e7f68112fb7bc42ffc826,2,test,test,/kaggle/working/denguewatch_yolov8n_workspace/raw_data/roboflow_mosquito-breeding-expanded_v3_yolov8/test/images/aguaparada3_jpeg_jpg.rf.02b13e8d9ebb11b067add40439db2efa.jpg,/kaggle/working/denguewatch_yolov8n_workspace/raw_data/roboflow_mosquito-breeding-expanded_v3_yolov8/test/labels/aguaparada3_jpeg_jpg.rf.02b13e8d9ebb11b067add40439db2efa.txt,aguaparada3_jpeg_jpg.rf.02b13e8d9ebb11b067add40439db2efa.jpg,ec9717d2a68dcc961a17969b95b93c4202747ae085cb75583bf97e2c712db2ac,2
4a086dd572f8d8e9985f6cdd57ed1b64629bb59934e2fc46018e9673fa0b1127,2,train,train,/kaggle/working/denguewatch_yolov8n_workspace/raw_data/roboflow_mosquito-breeding-expanded_v3_yolov8/train/images/imagem12_jpg.rf.3a78224a3c644d1918957cb8d2597248.jpg,/kaggle/working/denguewatch_yolov8n_workspace/raw_data/roboflow_mosquito-breeding-expanded_v3_yolov8/train/labels/imagem12_jpg.rf.3a78224a3c644d1918957cb8d2597248.txt,imagem12_jpg.rf.3a78224a3c644d1918957cb8d2597248.jpg,85f31638aa89d4a56b9b7781777d70f0dd656b7e985d284371370b6bc92ec5d4,1
4a086dd572f8d8e9985f6cdd57ed1b64629bb59934e2fc46018e9673fa0b1127,2,train,train,/kaggle/working/denguewatch_yolov8n_workspace/raw_data/roboflow_mosquito-breeding-expanded_v3_yolov8/train/images/imagem12_jpg.rf.af4017840779459c8f62c5fc2c3a8876.jpg,/kaggle/working/denguewatch_yolov8n_workspace/raw_data/roboflow_mosquito-breeding-expanded_v3_yolov8/train/labels/imagem12_jpg.rf.af4017840779459c8f62c5fc2c3a8876.txt,imagem12_jpg.rf.af4017840779459c8f62c5fc2c3a8876.jpg,85f31638aa89d4a56b9b7781777d70f0dd656b7e985d284371370b6bc92ec5d4,1
4b651e3b5264ddff1761ce2ddab108d31f1c7c095ec853e939298e9125a16527,2,train,train,/kaggle/working/denguewatch_yolov8n_workspace/raw_data/roboflow_mosquito-breeding-expanded_v3_yolov8/train/images/imagem26_jpg.rf.41bf49485ee8ae856b89113954d0454e.jpg,/kaggle/working/denguewatch_yolov8n_workspace/raw_data/roboflow_mosquito-breeding-expanded_v3_yolov8/train/labels/imagem26_jpg.rf.41bf49485ee8ae856b89113954d0454e.txt,imagem26_jpg.rf.41bf49485ee8ae856b89113954d0454e.jpg,f6c95886bba86fadbad35c0504955d64475f19914c34ff289d6e92562ea71c5b,1
4b651e3b5264ddff1761ce2ddab108d31f1c7c095ec853e939298e9125a16527,2,train,train,/kaggle/working/denguewatch_yolov8n_workspace/raw_data/roboflow_mosquito-breeding-expanded_v3_yolov8/train/images/imagem26_jpg.rf.7a5e4dbefd38b8bc68d1437e504f1fb2.jpg,/kaggle/working/denguewatch_yolov8n_workspace/raw_data/roboflow_mosquito-breeding-expanded_v3_yolov8/train/labels/imagem26_jpg.rf.7a5e4dbefd38b8bc68d1437e504f1fb2.txt,imagem26_jpg.rf.7a5e4dbefd38b8bc68d1437e504f1fb2.jpg,f6c95886bba86fadbad35c0504955d64475f19914c34ff289d6e92562ea71c5b,1
4dae4c1fdb2d2a4ab026747f6fb65a5047edda36e12cd90297d370fad01a1b85,2,train,train,/kaggle/working/denguewatch_yolov8n_workspace/raw_data/roboflow_mosquito-breeding-expanded_v3_yolov8/train/images/images-11-1-_jpg.rf.2b5848bf4210a8d27295d8dec788ff7b.jpg,/kaggle/working/denguewatch_yolov8n_workspace/raw_data/roboflow_mosquito-breeding-expanded_v3_yolov8/train/labels/images-11-1-_jpg.rf.2b5848bf4210a8d27295d8dec788ff7b.txt,images-11-1-_jpg.rf.2b5848bf4210a8d27295d8dec788ff7b.jpg,3321df166d58fcc9c93fc3788cfef62fee4123d0ddb79072bab9fa21c7876df2,2
4dae4c1fdb2d2a4ab026747f6fb65a5047edda36e12cd90297d370fad01a1b85,2,train,train,/kaggle/working/denguewatch_yolov8n_workspace/raw_data/roboflow_mosquito-breeding-expanded_v3_yolov8/train/images/images-11-1-_jpg.rf.5227eb2a530a5d0f2772b1e3aa4b71b4.jpg,/kaggle/working/denguewatch_yolov8n_workspace/raw_data/roboflow_mosquito-breeding-expanded_v3_yolov8/train/labels/images-11-1-_jpg.rf.5227eb2a530a5d0f2772b1e3aa4b71b4.txt,images-11-1-_jpg.rf.5227eb2a530a5d0f2772b1e3aa4b71b4.jpg,1585e51850029784a818577862db445c392cdfecf6c93fc38bc75cf1a244be3c,2
501bd821809af800dd866cc900f7e0ea8247aef5bb7815daf668dcd54e6d2459,2,train,train,/kaggle/working/denguewatch_yolov8n_workspace/raw_data/roboflow_mosquito-breeding-expanded_v3_yolov8/train/images/caixaaberta16_jpeg_jpg.rf.c9dd6205fb1d22b49af06b1818b3f58f.jpg,/kaggle/working/denguewatch_yolov8n_workspace/raw_data/roboflow_mosquito-breeding-expanded_v3_yolov8/train/labels/caixaaberta16_jpeg_jpg.rf.c9dd6205fb1d22b49af06b1818b3f58f.txt,caixaaberta16_jpeg_jpg.rf.c9dd6205fb1d22b49af06b1818b3f58f.jpg,c0775123c1c0773c6be17bbd81fc42fd319bf1409def78526f022b69fdef839f,2
501bd821809af800dd866cc900f7e0ea8247aef5bb7815daf668dcd54e6d2459,2,valid,valid,/kaggle/working/denguewatch_yolov8n_workspace/raw_data/roboflow_mosquito-breeding-expanded_v3_yolov8/valid/images/caixaaberta16_jpeg_jpg.rf.e70ff191704854674864b1f001455518.jpg,/kaggle/working/denguewatch_yolov8n_workspace/raw_data/roboflow_mosquito-breeding-expanded_v3_yolov8/valid/labels/caixaaberta16_jpeg_jpg.rf.e70ff191704854674864b1f001455518.txt,caixaaberta16_jpeg_jpg.rf.e70ff191704854674864b1f001455518.jpg,fb14a590ee2ec456daf4936d0ad5bd7b124737711b40976a796254dd30166ea6,2
507a36a0ae625aeb684e205131277d48818d70e4a7c343c8e028109a5b58c809,2,train,train,/kaggle/working/denguewatch_yolov8n_workspace/raw_data/roboflow_mosquito-breeding-expanded_v3_yolov8/train/images/images-37-_jpg.rf.9f4e9c3d7ad0a7d5061a1382d79ae404.jpg,/kaggle/working/denguewatch_yolov8n_workspace/raw_data/roboflow_mosquito-breeding-expanded_v3_yolov8/train/labels/images-37-_jpg.rf.9f4e9c3d7ad0a7d5061a1382d79ae404.txt,images-37-_jpg.rf.9f4e9c3d7ad0a7d5061a1382d79ae404.jpg,e3b0c44298fc1c149afbf4c8996fb92427ae41e4649b934ca495991b7852b855,1
507a36a0ae625aeb684e205131277d48818d70e4a7c343c8e028109a5b58c809,2,train,train,/kaggle/working/denguewatch_yolov8n_workspace/raw_data/roboflow_mosquito-breeding-expanded_v3_yolov8/train/images/images-37-_jpg.rf.a3e87d5b38eb8d0e6348e63c78ff6d54.jpg,/kaggle/working/denguewatch_yolov8n_workspace/raw_data/roboflow_mosquito-breeding-expanded_v3_yolov8/train/labels/images-37-_jpg.rf.a3e87d5b38eb8d0e6348e63c78ff6d54.txt,images-37-_jpg.rf.a3e87d5b38eb8d0e6348e63c78ff6d54.jpg,e3b0c44298fc1c149afbf4c8996fb92427ae41e4649b934ca495991b7852b855,1
53493147335075a8795c6dd7135112f497b7f2373245abeda6c6c1bfc9aea346,2,train,train,/kaggle/working/denguewatch_yolov8n_workspace/raw_data/roboflow_mosquito-breeding-expanded_v3_yolov8/train/images/imagem27_jpg.rf.4fa3c5717ad91690628e0ad7644cf54b.jpg,/kaggle/working/denguewatch_yolov8n_workspace/raw_data/roboflow_mosquito-breeding-expanded_v3_yolov8/train/labels/imagem27_jpg.rf.4fa3c5717ad91690628e0ad7644cf54b.txt,imagem27_jpg.rf.4fa3c5717ad91690628e0ad7644cf54b.jpg,e3b0c44298fc1c149afbf4c8996fb92427ae41e4649b934ca495991b7852b855,1
53493147335075a8795c6dd7135112f497b7f2373245abeda6c6c1bfc9aea346,2,train,train,/kaggle/working/denguewatch_yolov8n_workspace/raw_data/roboflow_mosquito-breeding-expanded_v3_yolov8/train/images/imagem27_jpg.rf.e17274c66ab3310f33510ca8ea14a8e2.jpg,/kaggle/working/denguewatch_yolov8n_workspace/raw_data/roboflow_mosquito-breeding-expanded_v3_yolov8/train/labels/imagem27_jpg.rf.e17274c66ab3310f33510ca8ea14a8e2.txt,imagem27_jpg.rf.e17274c66ab3310f33510ca8ea14a8e2.jpg,e3b0c44298fc1c149afbf4c8996fb92427ae41e4649b934ca495991b7852b855,1
53b337a6b9506723a6257f8429e13acfafcc2d88fc2d134d92135f13d18071b0,2,train,train,/kaggle/working/denguewatch_yolov8n_workspace/raw_data/roboflow_mosquito-breeding-expanded_v3_yolov8/train/images/garrafa_jpg.rf.25ba5372fe4aa3d394d2249b4fd3ecb5.jpg,/kaggle/working/denguewatch_yolov8n_workspace/raw_data/roboflow_mosquito-breeding-expanded_v3_yolov8/train/labels/garrafa_jpg.rf.25ba5372fe4aa3d394d2249b4fd3ecb5.txt,garrafa_jpg.rf.25ba5372fe4aa3d394d2249b4fd3ecb5.jpg,1aca2bd5851e1e0140874de8f67d86a53a3fb991ee78f8601c30f9d741633298,1
53b337a6b9506723a6257f8429e13acfafcc2d88fc2d134d92135f13d18071b0,2,train,train,/kaggle/working/denguewatch_yolov8n_workspace/raw_data/roboflow_mosquito-breeding-expanded_v3_yolov8/train/images/garrafa_jpg.rf.a8d8da18e03c89fea5c2a9bb50a11505.jpg,/kaggle/working/denguewatch_yolov8n_workspace/raw_data/roboflow_mosquito-breeding-expanded_v3_yolov8/train/labels/garrafa_jpg.rf.a8d8da18e03c89fea5c2a9bb50a11505.txt,garrafa_jpg.rf.a8d8da18e03c89fea5c2a9bb50a11505.jpg,1aca2bd5851e1e0140874de8f67d86a53a3fb991ee78f8601c30f9d741633298,1
5787b1cb6ebbfea9e0ef442f050b27882c6a1edfd5ab0d261e3f810c68307a3e,2,train,train,/kaggle/working/denguewatch_yolov8n_workspace/raw_data/roboflow_mosquito-breeding-expanded_v3_yolov8/train/images/Dengue-01_64717_jpeg_jpg.rf.20d1627494d9cf95cf2384580af001bf.jpg,/kaggle/working/denguewatch_yolov8n_workspace/raw_data/roboflow_mosquito-breeding-expanded_v3_yolov8/train/labels/Dengue-01_64717_jpeg_jpg.rf.20d1627494d9cf95cf2384580af001bf.txt,Dengue-01_64717_jpeg_jpg.rf.20d1627494d9cf95cf2384580af001bf.jpg,199c37935421265c43b6b9681eeb88e6f6ad624973293bbfd274bb4244cbc075,2
5787b1cb6ebbfea9e0ef442f050b27882c6a1edfd5ab0d261e3f810c68307a3e,2,train,train,/kaggle/working/denguewatch_yolov8n_workspace/raw_data/roboflow_mosquito-breeding-expanded_v3_yolov8/train/images/Dengue-01_64717_jpeg_jpg.rf.a0f58f18383c31cf3efd68b1753b1fab.jpg,/kaggle/working/denguewatch_yolov8n_workspace/raw_data/roboflow_mosquito-breeding-expanded_v3_yolov8/train/labels/Dengue-01_64717_jpeg_jpg.rf.a0f58f18383c31cf3efd68b1753b1fab.txt,Dengue-01_64717_jpeg_jpg.rf.a0f58f18383c31cf3efd68b1753b1fab.jpg,d48074f4daf3baab464771ef10308dcae828bc1c31c4f440a17c8513e9ad2167,2
57f2c8daa91960a73a339e7926d5a27f3eed19972b0430b83704d35f0a8271da,2,train,train,/kaggle/working/denguewatch_yolov8n_workspace/raw_data/roboflow_mosquito-breeding-expanded_v3_yolov8/train/images/garrafa18_jpg.rf.6ddb507a5acbc361f8d34cc598a6c377.jpg,/kaggle/working/denguewatch_yolov8n_workspace/raw_data/roboflow_mosquito-breeding-expanded_v3_yolov8/train/labels/garrafa18_jpg.rf.6ddb507a5acbc361f8d34cc598a6c377.txt,garrafa18_jpg.rf.6ddb507a5acbc361f8d34cc598a6c377.jpg,f6339ec154ae889deb3ce28076d81682e8f59e2248dad452325495b8189b1632,2
57f2c8daa91960a73a339e7926d5a27f3eed19972b0430b83704d35f0a8271da,2,train,train,/kaggle/working/denguewatch_yolov8n_workspace/raw_data/roboflow_mosquito-breeding-expanded_v3_yolov8/train/images/garrafa18_jpg.rf.7cb8f1e1436762c3bbf177a22ad9a5fa.jpg,/kaggle/working/denguewatch_yolov8n_workspace/raw_data/roboflow_mosquito-breeding-expanded_v3_yolov8/train/labels/garrafa18_jpg.rf.7cb8f1e1436762c3bbf177a22ad9a5fa.txt,garrafa18_jpg.rf.7cb8f1e1436762c3bbf177a22ad9a5fa.jpg,f66648b7f8a7a6ee34fc2b016fafa583f53c1f329ace30732705effed30add65,2
5d25ab42590ea023ef680f15946fe89a11923c92c644c92a443366d9ddf75d05,2,train,train,/kaggle/working/denguewatch_yolov8n_workspace/raw_data/roboflow_mosquito-breeding-expanded_v3_yolov8/train/images/dengue-pneu_jpg.rf.341a56ba94238c579ce3ee32d1b1cf6f.jpg,/kaggle/working/denguewatch_yolov8n_workspace/raw_data/roboflow_mosquito-breeding-expanded_v3_yolov8/train/labels/dengue-pneu_jpg.rf.341a56ba94238c579ce3ee32d1b1cf6f.txt,dengue-pneu_jpg.rf.341a56ba94238c579ce3ee32d1b1cf6f.jpg,6c3dfea570e72727c4f4782168590d867c5a58687c784d451ccc1b739400e0d2,2
5d25ab42590ea023ef680f15946fe89a11923c92c644c92a443366d9ddf75d05,2,train,train,/kaggle/working/denguewatch_yolov8n_workspace/raw_data/roboflow_mosquito-breeding-expanded_v3_yolov8/train/images/dengue-pneu_jpg.rf.8ab9b830f77bb326b7954a982723e45a.jpg,/kaggle/working/denguewatch_yolov8n_workspace/raw_data/roboflow_mosquito-breeding-expanded_v3_yolov8/train/labels/dengue-pneu_jpg.rf.8ab9b830f77bb326b7954a982723e45a.txt,dengue-pneu_jpg.rf.8ab9b830f77bb326b7954a982723e45a.jpg,4c64f970c66ced3984f1b7bbcf329866cc98f1483955d6c124a2f29c6f1d7e3f,2
60d8a45ffff0ea7dda7a2204cda9b2d71beb15f7b7795c3ea917dc99995b705c,2,train,train,/kaggle/working/denguewatch_yolov8n_workspace/raw_data/roboflow_mosquito-breeding-expanded_v3_yolov8/train/images/download-2-_jpg.rf.00cc50711403b9c0896f0ec410991044.jpg,/kaggle/working/denguewatch_yolov8n_workspace/raw_data/roboflow_mosquito-breeding-expanded_v3_yolov8/train/labels/download-2-_jpg.rf.00cc50711403b9c0896f0ec410991044.txt,download-2-_jpg.rf.00cc50711403b9c0896f0ec410991044.jpg,149a5a0a0bf933156409032138259385879498b06805551032e785b4aa643e8d,2
60d8a45ffff0ea7dda7a2204cda9b2d71beb15f7b7795c3ea917dc99995b705c,2,test,test,/kaggle/working/denguewatch_yolov8n_workspace/raw_data/roboflow_mosquito-breeding-expanded_v3_yolov8/test/images/download-2-_jpg.rf.e4eb4405545dc7e424a9608f86d9a2ce.jpg,/kaggle/working/denguewatch_yolov8n_workspace/raw_data/roboflow_mosquito-breeding-expanded_v3_yolov8/test/labels/download-2-_jpg.rf.e4eb4405545dc7e424a9608f86d9a2ce.txt,download-2-_jpg.rf.e4eb4405545dc7e424a9608f86d9a2ce.jpg,f0609da966759179c9217f6415e0f4d92cfc473dccdf650c93cf30eadd07486b,2
63432baff22dbc19be76e6e91179e94c7a19b02125666976e96e39b9a4b00d9b,2,train,train,/kaggle/working/denguewatch_yolov8n_workspace/raw_data/roboflow_mosquito-breeding-expanded_v3_yolov8/train/images/Focos-2-1024x576_jpeg_jpg.rf.0731cee93572c65269b95c549d8c7022.jpg,/kaggle/working/denguewatch_yolov8n_workspace/raw_data/roboflow_mosquito-breeding-expanded_v3_yolov8/train/labels/Focos-2-1024x576_jpeg_jpg.rf.0731cee93572c65269b95c549d8c7022.txt,Focos-2-1024x576_jpeg_jpg.rf.0731cee93572c65269b95c549d8c7022.jpg,e78eb204b33f492b5fd9dafef1788f3d82f8004c9cb23635ad64230ebed81d42,2
63432baff22dbc19be76e6e91179e94c7a19b02125666976e96e39b9a4b00d9b,2,train,train,/kaggle/working/denguewatch_yolov8n_workspace/raw_data/roboflow_mosquito-breeding-expanded_v3_yolov8/train/images/Focos-2-1024x576_jpeg_jpg.rf.e08f6381249b354198688a4de8045cd5.jpg,/kaggle/working/denguewatch_yolov8n_workspace/raw_data/roboflow_mosquito-breeding-expanded_v3_yolov8/train/labels/Focos-2-1024x576_jpeg_jpg.rf.e08f6381249b354198688a4de8045cd5.txt,Focos-2-1024x576_jpeg_jpg.rf.e08f6381249b354198688a4de8045cd5.jpg,b9142a29dfcb1f8488e4ae8676c594d2b4e3915e9454c14b0eaa4231fd4845b6,2
63e2d9c29e4b6e175939cbb56f269b1203b19d47e62105f90b7fc75c1b56ee24,2,train,train,/kaggle/working/denguewatch_yolov8n_workspace/raw_data/roboflow_mosquito-breeding-expanded_v3_yolov8/train/images/garrafa11_jpg.rf.2fd61ed17e031a8b48197afd025e78a1.jpg,/kaggle/working/denguewatch_yolov8n_workspace/raw_data/roboflow_mosquito-breeding-expanded_v3_yolov8/train/labels/garrafa11_jpg.rf.2fd61ed17e031a8b48197afd025e78a1.txt,garrafa11_jpg.rf.2fd61ed17e031a8b48197afd025e78a1.jpg,99800da9f261f567253d387b0d7015336f1f9af67a630e0f1b925ceb458a0222,2
63e2d9c29e4b6e175939cbb56f269b1203b19d47e62105f90b7fc75c1b56ee24,2,train,train,/kaggle/working/denguewatch_yolov8n_workspace/raw_data/roboflow_mosquito-breeding-expanded_v3_yolov8/train/images/garrafa11_jpg.rf.e8b386a8c162affede8db68d9c2b5049.jpg,/kaggle/working/denguewatch_yolov8n_workspace/raw_data/roboflow_mosquito-breeding-expanded_v3_yolov8/train/labels/garrafa11_jpg.rf.e8b386a8c162affede8db68d9c2b5049.txt,garrafa11_jpg.rf.e8b386a8c162affede8db68d9c2b5049.jpg,5d041a6754cd9ffe2a2a4cfde437ea0ad08712d9264d25433a5166e14a72ce41,2
6709ffae052905edda9faecb2fccee1ca2f0d77dfc0ed71b7bbee510c906c633,2,train,train,/kaggle/working/denguewatch_yolov8n_workspace/raw_data/roboflow_mosquito-breeding-expanded_v3_yolov8/train/images/imagem16_jpg.rf.2ed486ecf27a5247093cd2b217fea377.jpg,/kaggle/working/denguewatch_yolov8n_workspace/raw_data/roboflow_mosquito-breeding-expanded_v3_yolov8/train/labels/imagem16_jpg.rf.2ed486ecf27a5247093cd2b217fea377.txt,imagem16_jpg.rf.2ed486ecf27a5247093cd2b217fea377.jpg,c6de2310e24e224442529645e78bfcc913dd731617d2c52177c78233e05d5d0b,2
6709ffae052905edda9faecb2fccee1ca2f0d77dfc0ed71b7bbee510c906c633,2,valid,valid,/kaggle/working/denguewatch_yolov8n_workspace/raw_data/roboflow_mosquito-breeding-expanded_v3_yolov8/valid/images/imagem16_jpg.rf.db105312d17c9b5abd217db8ef36abc9.jpg,/kaggle/working/denguewatch_yolov8n_workspace/raw_data/roboflow_mosquito-breeding-expanded_v3_yolov8/valid/labels/imagem16_jpg.rf.db105312d17c9b5abd217db8ef36abc9.txt,imagem16_jpg.rf.db105312d17c9b5abd217db8ef36abc9.jpg,84fc36ddc18806bdb7ba28bebd8b53883d10fd38cbdc02eceaff4ec3a71734c1,2
68085863d4b9fed7a2b03bd27e2eaad174e38a0cfbd7c5a03768c2aa192fb9fd,2,train,train,/kaggle/working/denguewatch_yolov8n_workspace/raw_data/roboflow_mosquito-breeding-expanded_v3_yolov8/train/images/imagem25_jpg.rf.6674026921ddacd21cc639470309ef72.jpg,/kaggle/working/denguewatch_yolov8n_workspace/raw_data/roboflow_mosquito-breeding-expanded_v3_yolov8/train/labels/imagem25_jpg.rf.6674026921ddacd21cc639470309ef72.txt,imagem25_jpg.rf.6674026921ddacd21cc639470309ef72.jpg,4eb8a308b6281a42f1bea1362c76d61f12749bb83f7b49d99dbdf7b3b2b8cf60,2
68085863d4b9fed7a2b03bd27e2eaad174e38a0cfbd7c5a03768c2aa192fb9fd,2,train,train,/kaggle/working/denguewatch_yolov8n_workspace/raw_data/roboflow_mosquito-breeding-expanded_v3_yolov8/train/images/imagem25_jpg.rf.b79ac1a35414e615b437401706c45d57.jpg,/kaggle/working/denguewatch_yolov8n_workspace/raw_data/roboflow_mosquito-breeding-expanded_v3_yolov8/train/labels/imagem25_jpg.rf.b79ac1a35414e615b437401706c45d57.txt,imagem25_jpg.rf.b79ac1a35414e615b437401706c45d57.jpg,a4593d31646f95fabcbc886ab996575b01f10aba3245b6b1884f4b1eea4a993c,2
691fbe164e4d8b2fa305e5fa3cc7fd9c0cc9af0817453f93e9d430c78657c2d8,2,train,train,/kaggle/working/denguewatch_yolov8n_workspace/raw_data/roboflow_mosquito-breeding-expanded_v3_yolov8/train/images/images-1-1-_jpg.rf.0c0ebaff920387d595a848896d4ffaf7.jpg,/kaggle/working/denguewatch_yolov8n_workspace/raw_data/roboflow_mosquito-breeding-expanded_v3_yolov8/train/labels/images-1-1-_jpg.rf.0c0ebaff920387d595a848896d4ffaf7.txt,images-1-1-_jpg.rf.0c0ebaff920387d595a848896d4ffaf7.jpg,f45b45739e3d0d0db3d8f4a665c1cf74bb81aa6fb5b37f30deceae8d81f1ecae,2
691fbe164e4d8b2fa305e5fa3cc7fd9c0cc9af0817453f93e9d430c78657c2d8,2,train,train,/kaggle/working/denguewatch_yolov8n_workspace/raw_data/roboflow_mosquito-breeding-expanded_v3_yolov8/train/images/images-1-1-_jpg.rf.78f184ae3b5aa6abdd92969ad62616d8.jpg,/kaggle/working/denguewatch_yolov8n_workspace/raw_data/roboflow_mosquito-breeding-expanded_v3_yolov8/train/labels/images-1-1-_jpg.rf.78f184ae3b5aa6abdd92969ad62616d8.txt,images-1-1-_jpg.rf.78f184ae3b5aa6abdd92969ad62616d8.jpg,c6edbf3c2f411f341afc2ab2341da8b308f83050611a1d9b9e23fbae6e0bdb36,2
69b8e01db0df272f498590ebd55415e7ef635eddd34f6fb6c7c24bce7b4627e3,2,train,train,/kaggle/working/denguewatch_yolov8n_workspace/raw_data/roboflow_mosquito-breeding-expanded_v3_yolov8/train/images/images-1-_jpg.rf.af3a9f3658df84c5b4d0d936ec07f0af.jpg,/kaggle/working/denguewatch_yolov8n_workspace/raw_data/roboflow_mosquito-breeding-expanded_v3_yolov8/train/labels/images-1-_jpg.rf.af3a9f3658df84c5b4d0d936ec07f0af.txt,images-1-_jpg.rf.af3a9f3658df84c5b4d0d936ec07f0af.jpg,f91660e753f5c314f2c1c876b3b11b7d6f83042f4be8046b0886a79dcb7e6b17,2
69b8e01db0df272f498590ebd55415e7ef635eddd34f6fb6c7c24bce7b4627e3,2,test,test,/kaggle/working/denguewatch_yolov8n_workspace/raw_data/roboflow_mosquito-breeding-expanded_v3_yolov8/test/images/images-1-_jpg.rf.e3e945d918bb31631cd6a351b3abf475.jpg,/kaggle/working/denguewatch_yolov8n_workspace/raw_data/roboflow_mosquito-breeding-expanded_v3_yolov8/test/labels/images-1-_jpg.rf.e3e945d918bb31631cd6a351b3abf475.txt,images-1-_jpg.rf.e3e945d918bb31631cd6a351b3abf475.jpg,dc3c3831735f8306477e9b483d459dec2ffb4924ea3b4c23eefac0b89d67f06f,2
6a24373705836c070cc220075f4e3e43d6fdc4062d6a033ae33d9bdc52453f6c,2,train,train,/kaggle/working/denguewatch_yolov8n_workspace/raw_data/roboflow_mosquito-breeding-expanded_v3_yolov8/train/images/eliminar-criaderos-mosquito_jpeg_jpg.rf.ad6eaed30b79ad7c7978a6e9400d279e.jpg,/kaggle/working/denguewatch_yolov8n_workspace/raw_data/roboflow_mosquito-breeding-expanded_v3_yolov8/train/labels/eliminar-criaderos-mosquito_jpeg_jpg.rf.ad6eaed30b79ad7c7978a6e9400d279e.txt,eliminar-criaderos-mosquito_jpeg_jpg.rf.ad6eaed30b79ad7c7978a6e9400d279e.jpg,963bad30c5eb5910710d6455c40e51eadca4ec6748df36fcc4c46728bf21f421,2
6a24373705836c070cc220075f4e3e43d6fdc4062d6a033ae33d9bdc52453f6c,2,test,test,/kaggle/working/denguewatch_yolov8n_workspace/raw_data/roboflow_mosquito-breeding-expanded_v3_yolov8/test/images/eliminar-criaderos-mosquito_jpeg_jpg.rf.1748abf91d9d15b96014002266a6260c.jpg,/kaggle/working/denguewatch_yolov8n_workspace/raw_data/roboflow_mosquito-breeding-expanded_v3_yolov8/test/labels/eliminar-criaderos-mosquito_jpeg_jpg.rf.1748abf91d9d15b96014002266a6260c.txt,eliminar-criaderos-mosquito_jpeg_jpg.rf.1748abf91d9d15b96014002266a6260c.jpg,d37d7de71b40f4a1ae53b35c662626567276eca2f7a7a1c1a1d7df2dfd3e1d3f,2
6b10226fd95bcb3c7346c0dc1231c63ff36892ffaf10a5dee58c3f2da7fda7e6,2,train,train,/kaggle/working/denguewatch_yolov8n_workspace/raw_data/roboflow_mosquito-breeding-expanded_v3_yolov8/train/images/imagem34_jpg.rf.4a3241148e46815dd79aaa32e6fda074.jpg,/kaggle/working/denguewatch_yolov8n_workspace/raw_data/roboflow_mosquito-breeding-expanded_v3_yolov8/train/labels/imagem34_jpg.rf.4a3241148e46815dd79aaa32e6fda074.txt,imagem34_jpg.rf.4a3241148e46815dd79aaa32e6fda074.jpg,cae3b23f62e6624563779dab919b0436d76ec208fac2324974579eb4c7a624f0,1
6b10226fd95bcb3c7346c0dc1231c63ff36892ffaf10a5dee58c3f2da7fda7e6,2,valid,valid,/kaggle/working/denguewatch_yolov8n_workspace/raw_data/roboflow_mosquito-breeding-expanded_v3_yolov8/valid/images/imagem34_jpg.rf.6428b46fb66dc49a47c159dc506888f8.jpg,/kaggle/working/denguewatch_yolov8n_workspace/raw_data/roboflow_mosquito-breeding-expanded_v3_yolov8/valid/labels/imagem34_jpg.rf.6428b46fb66dc49a47c159dc506888f8.txt,imagem34_jpg.rf.6428b46fb66dc49a47c159dc506888f8.jpg,cae3b23f62e6624563779dab919b0436d76ec208fac2324974579eb4c7a624f0,1
6b38a2114a92de0c3cd006a4d0bc99400b5fd23561a96df173ebf74d2f9ce2a5,2,train,train,/kaggle/working/denguewatch_yolov8n_workspace/raw_data/roboflow_mosquito-breeding-expanded_v3_yolov8/train/images/garrafa4_jpg.rf.308c6c7ed50324f9a6a66870e18ecbf6.jpg,/kaggle/working/denguewatch_yolov8n_workspace/raw_data/roboflow_mosquito-breeding-expanded_v3_yolov8/train/labels/garrafa4_jpg.rf.308c6c7ed50324f9a6a66870e18ecbf6.txt,garrafa4_jpg.rf.308c6c7ed50324f9a6a66870e18ecbf6.jpg,590162a9fbd662637be1876a6554163e4457185f279af41b310729bf00d18ed1,1
6b38a2114a92de0c3cd006a4d0bc99400b5fd23561a96df173ebf74d2f9ce2a5,2,train,train,/kaggle/working/denguewatch_yolov8n_workspace/raw_data/roboflow_mosquito-breeding-expanded_v3_yolov8/train/images/garrafa4_jpg.rf.a086254bcdb2f847c23474c49d28511a.jpg,/kaggle/working/denguewatch_yolov8n_workspace/raw_data/roboflow_mosquito-breeding-expanded_v3_yolov8/train/labels/garrafa4_jpg.rf.a086254bcdb2f847c23474c49d28511a.txt,garrafa4_jpg.rf.a086254bcdb2f847c23474c49d28511a.jpg,590162a9fbd662637be1876a6554163e4457185f279af41b310729bf00d18ed1,1
6e84e023151e2d4170525004565a99d4c4d6dfa9077815f687ad5d3403895399,2,train,train,/kaggle/working/denguewatch_yolov8n_workspace/raw_data/roboflow_mosquito-breeding-expanded_v3_yolov8/train/images/imagem1_jpg.rf.84117b745b7faefbdd52dc866dd1f653.jpg,/kaggle/working/denguewatch_yolov8n_workspace/raw_data/roboflow_mosquito-breeding-expanded_v3_yolov8/train/labels/imagem1_jpg.rf.84117b745b7faefbdd52dc866dd1f653.txt,imagem1_jpg.rf.84117b745b7faefbdd52dc866dd1f653.jpg,09b9758affd5ad74cbe71bf102ef500f398c8975095a9c4f794d82c0bb3cc9ba,2
6e84e023151e2d4170525004565a99d4c4d6dfa9077815f687ad5d3403895399,2,valid,valid,/kaggle/working/denguewatch_yolov8n_workspace/raw_data/roboflow_mosquito-breeding-expanded_v3_yolov8/valid/images/imagem1_jpg.rf.3fd150ddf616a300e616c0cc1212a361.jpg,/kaggle/working/denguewatch_yolov8n_workspace/raw_data/roboflow_mosquito-breeding-expanded_v3_yolov8/valid/labels/imagem1_jpg.rf.3fd150ddf616a300e616c0cc1212a361.txt,imagem1_jpg.rf.3fd150ddf616a300e616c0cc1212a361.jpg,dc18a562d82eb88e5bd5f038666f0c4f67bbc5be966f874b6ccdee05c3d5a561,2
77717c3b74aa95b52f29e3d8a4d244e6d12e8485b373702d7212508fdc369809,2,train,train,/kaggle/working/denguewatch_yolov8n_workspace/raw_data/roboflow_mosquito-breeding-expanded_v3_yolov8/train/images/caixaaberta17_jpeg_jpg.rf.7ebb96f3077769aacc1ea7e69220a756.jpg,/kaggle/working/denguewatch_yolov8n_workspace/raw_data/roboflow_mosquito-breeding-expanded_v3_yolov8/train/labels/caixaaberta17_jpeg_jpg.rf.7ebb96f3077769aacc1ea7e69220a756.txt,caixaaberta17_jpeg_jpg.rf.7ebb96f3077769aacc1ea7e69220a756.jpg,a8a4451d5896a30973b72c26d705de62a06a2423ea3a7e38fbaaeb35e37019e8,1
77717c3b74aa95b52f29e3d8a4d244e6d12e8485b373702d7212508fdc369809,2,valid,valid,/kaggle/working/denguewatch_yolov8n_workspace/raw_data/roboflow_mosquito-breeding-expanded_v3_yolov8/valid/images/caixaaberta17_jpeg_jpg.rf.264f342a4448cdada7ee2c524583e614.jpg,/kaggle/working/denguewatch_yolov8n_workspace/raw_data/roboflow_mosquito-breeding-expanded_v3_yolov8/valid/labels/caixaaberta17_jpeg_jpg.rf.264f342a4448cdada7ee2c524583e614.txt,caixaaberta17_jpeg_jpg.rf.264f342a4448cdada7ee2c524583e614.jpg,a8a4451d5896a30973b72c26d705de62a06a2423ea3a7e38fbaaeb35e37019e8,1
778a098738676eabbc5172f1888baa8ce93d51bdd8fd8534b89eaf36e8cda70a,2,train,train,/kaggle/working/denguewatch_yolov8n_workspace/raw_data/roboflow_mosquito-breeding-expanded_v3_yolov8/train/images/creche_-_caixa_dagua_em_antigo_predio_de_creche_vira_criadouro_de_mosquito_da_dengue_-_gleiciane_lima_arquivo_pessoal_-_jpg.rf.1701255d8328baa5423da13d10f63c01.jpg,/kaggle/working/denguewatch_yolov8n_workspace/raw_data/roboflow_mosquito-breeding-expanded_v3_yolov8/train/labels/creche_-_caixa_dagua_em_antigo_predio_de_creche_vira_criadouro_de_mosquito_da_dengue_-_gleiciane_lima_arquivo_pessoal_-_jpg.rf.1701255d8328baa5423da13d10f63c01.txt,creche_-_caixa_dagua_em_antigo_predio_de_creche_vira_criadouro_de_mosquito_da_dengue_-_gleiciane_lima_arquivo_pessoal_-_jpg.rf.1701255d8328baa5423da13d10f63c01.jpg,2b2f07a5e9bad6c2eba68485c48e0d9941af22c638259de02ecf0a7dac5d0940,1
778a098738676eabbc5172f1888baa8ce93d51bdd8fd8534b89eaf36e8cda70a,2,train,train,/kaggle/working/denguewatch_yolov8n_workspace/raw_data/roboflow_mosquito-breeding-expanded_v3_yolov8/train/images/creche_-_caixa_dagua_em_antigo_predio_de_creche_vira_criadouro_de_mosquito_da_dengue_-_gleiciane_lima_arquivo_pessoal_-_jpg.rf.ad725a0ea5534c96d2e55e8192763367.jpg,/kaggle/working/denguewatch_yolov8n_workspace/raw_data/roboflow_mosquito-breeding-expanded_v3_yolov8/train/labels/creche_-_caixa_dagua_em_antigo_predio_de_creche_vira_criadouro_de_mosquito_da_dengue_-_gleiciane_lima_arquivo_pessoal_-_jpg.rf.ad725a0ea5534c96d2e55e8192763367.txt,creche_-_caixa_dagua_em_antigo_predio_de_creche_vira_criadouro_de_mosquito_da_dengue_-_gleiciane_lima_arquivo_pessoal_-_jpg.rf.ad725a0ea5534c96d2e55e8192763367.jpg,2b2f07a5e9bad6c2eba68485c48e0d9941af22c638259de02ecf0a7dac5d0940,1
7c7aa421093c570c78741c52bd526514f648d763ce341e82a730499e2d006bff,2,train,train,/kaggle/working/denguewatch_yolov8n_workspace/raw_data/roboflow_mosquito-breeding-expanded_v3_yolov8/train/images/images-17-_jpg.rf.2a48bdac6541e3a60b8cba3b289f3650.jpg,/kaggle/working/denguewatch_yolov8n_workspace/raw_data/roboflow_mosquito-breeding-expanded_v3_yolov8/train/labels/images-17-_jpg.rf.2a48bdac6541e3a60b8cba3b289f3650.txt,images-17-_jpg.rf.2a48bdac6541e3a60b8cba3b289f3650.jpg,da59d0d1953dc1303cfd29a1e8dd0f594595508f539aa07f250a73ca6849fe62,2
7c7aa421093c570c78741c52bd526514f648d763ce341e82a730499e2d006bff,2,train,train,/kaggle/working/denguewatch_yolov8n_workspace/raw_data/roboflow_mosquito-breeding-expanded_v3_yolov8/train/images/images-17-_jpg.rf.2bbf0cf5fb2a9f85a090823a99c2a989.jpg,/kaggle/working/denguewatch_yolov8n_workspace/raw_data/roboflow_mosquito-breeding-expanded_v3_yolov8/train/labels/images-17-_jpg.rf.2bbf0cf5fb2a9f85a090823a99c2a989.txt,images-17-_jpg.rf.2bbf0cf5fb2a9f85a090823a99c2a989.jpg,dbffdb70bb06680f7b7e45dd6a32e428e33783881983eab1f5028a623499afb3,2
7cd5078bed045b26f81e226e4031b014eae055f0222c06c7f04d73353698c5b0,2,train,train,/kaggle/working/denguewatch_yolov8n_workspace/raw_data/roboflow_mosquito-breeding-expanded_v3_yolov8/train/images/depositphotos_347982526-stock-photo-plastic-garbage-autumn-leaves_jpg.rf.f13f6c6054a25a8b4d8f4ca3fc7eabc6.jpg,/kaggle/working/denguewatch_yolov8n_workspace/raw_data/roboflow_mosquito-breeding-expanded_v3_yolov8/train/labels/depositphotos_347982526-stock-photo-plastic-garbage-autumn-leaves_jpg.rf.f13f6c6054a25a8b4d8f4ca3fc7eabc6.txt,depositphotos_347982526-stock-photo-plastic-garbage-autumn-leaves_jpg.rf.f13f6c6054a25a8b4d8f4ca3fc7eabc6.jpg,a9742510d14c5c20dff59e1d2c7af21d27ed670e37a939e1c0b4ea530fa29dc0,2
7cd5078bed045b26f81e226e4031b014eae055f0222c06c7f04d73353698c5b0,2,valid,valid,/kaggle/working/denguewatch_yolov8n_workspace/raw_data/roboflow_mosquito-breeding-expanded_v3_yolov8/valid/images/depositphotos_347982526-stock-photo-plastic-garbage-autumn-leaves_jpg.rf.1493752fd17cd73b835ac75fd3569d1c.jpg,/kaggle/working/denguewatch_yolov8n_workspace/raw_data/roboflow_mosquito-breeding-expanded_v3_yolov8/valid/labels/depositphotos_347982526-stock-photo-plastic-garbage-autumn-leaves_jpg.rf.1493752fd17cd73b835ac75fd3569d1c.txt,depositphotos_347982526-stock-photo-plastic-garbage-autumn-leaves_jpg.rf.1493752fd17cd73b835ac75fd3569d1c.jpg,6b4b488c36417847d760c84d2c2a356c51f60ac3410439d9bf377481a929ed8b,2
7db6d9ff4382b58ecb20eb95c9a200cf66db0e97182dc72a8ecbaf2281cd078e,2,train,train,/kaggle/working/denguewatch_yolov8n_workspace/raw_data/roboflow_mosquito-breeding-expanded_v3_yolov8/train/images/images-4-_jpeg_jpg.rf.23a5a6c5a8b79a4cb538137f505b3f73.jpg,/kaggle/working/denguewatch_yolov8n_workspace/raw_data/roboflow_mosquito-breeding-expanded_v3_yolov8/train/labels/images-4-_jpeg_jpg.rf.23a5a6c5a8b79a4cb538137f505b3f73.txt,images-4-_jpeg_jpg.rf.23a5a6c5a8b79a4cb538137f505b3f73.jpg,5003b73272549b3050f394f7ea9fb2b6cbc17f96011c2065f494db24bad73200,2
7db6d9ff4382b58ecb20eb95c9a200cf66db0e97182dc72a8ecbaf2281cd078e,2,train,train,/kaggle/working/denguewatch_yolov8n_workspace/raw_data/roboflow_mosquito-breeding-expanded_v3_yolov8/train/images/images-4-_jpeg_jpg.rf.3ab643d94dc8f9a8a90613a9d67be564.jpg,/kaggle/working/denguewatch_yolov8n_workspace/raw_data/roboflow_mosquito-breeding-expanded_v3_yolov8/train/labels/images-4-_jpeg_jpg.rf.3ab643d94dc8f9a8a90613a9d67be564.txt,images-4-_jpeg_jpg.rf.3ab643d94dc8f9a8a90613a9d67be564.jpg,36bc898038776555d1a7555e6c47d1487e4180ed634506dea9353f07afb44b66,2
805347ecae4dd144017406a05b06a0a17bd66caa260011ecf1b244606f31db0a,2,train,train,/kaggle/working/denguewatch_yolov8n_workspace/raw_data/roboflow_mosquito-breeding-expanded_v3_yolov8/train/images/download-3-_jpg.rf.5292cbf123c2f63c141405828e558f61.jpg,/kaggle/working/denguewatch_yolov8n_workspace/raw_data/roboflow_mosquito-breeding-expanded_v3_yolov8/train/labels/download-3-_jpg.rf.5292cbf123c2f63c141405828e558f61.txt,download-3-_jpg.rf.5292cbf123c2f63c141405828e558f61.jpg,7745b990a647346ae9e736e31fc58f7a937eea6e04475a4fc592dba8c1f922fa,2
805347ecae4dd144017406a05b06a0a17bd66caa260011ecf1b244606f31db0a,2,train,train,/kaggle/working/denguewatch_yolov8n_workspace/raw_data/roboflow_mosquito-breeding-expanded_v3_yolov8/train/images/download-3-_jpg.rf.da86755c24b68c6aea269aef4333bc20.jpg,/kaggle/working/denguewatch_yolov8n_workspace/raw_data/roboflow_mosquito-breeding-expanded_v3_yolov8/train/labels/download-3-_jpg.rf.da86755c24b68c6aea269aef4333bc20.txt,download-3-_jpg.rf.da86755c24b68c6aea269aef4333bc20.jpg,8ce5a41ded81387f110d11cfba358d3fae4988865fef19cdcb25546f863abee6,2
813de53727a13dc5dd763a3a1bc143a6cc9db1de9f234dd7cffd3fcd5215ab5e,2,train,train,/kaggle/working/denguewatch_yolov8n_workspace/raw_data/roboflow_mosquito-breeding-expanded_v3_yolov8/train/images/images-23-_jpg.rf.81f3ae9e85a445572ae4077bac0e27f6.jpg,/kaggle/working/denguewatch_yolov8n_workspace/raw_data/roboflow_mosquito-breeding-expanded_v3_yolov8/train/labels/images-23-_jpg.rf.81f3ae9e85a445572ae4077bac0e27f6.txt,images-23-_jpg.rf.81f3ae9e85a445572ae4077bac0e27f6.jpg,1b679fb59d846c2112649b24624269ff5989472c533111de76971c2c92355810,2
813de53727a13dc5dd763a3a1bc143a6cc9db1de9f234dd7cffd3fcd5215ab5e,2,valid,valid,/kaggle/working/denguewatch_yolov8n_workspace/raw_data/roboflow_mosquito-breeding-expanded_v3_yolov8/valid/images/images-23-_jpg.rf.87038f8073d9a3ede95ed4fe71789122.jpg,/kaggle/working/denguewatch_yolov8n_workspace/raw_data/roboflow_mosquito-breeding-expanded_v3_yolov8/valid/labels/images-23-_jpg.rf.87038f8073d9a3ede95ed4fe71789122.txt,images-23-_jpg.rf.87038f8073d9a3ede95ed4fe71789122.jpg,323fa953ce70c454a1ee120b94a5e61cd4bf431d7b1d246de33477ced6295fe7,2
847b3d323ae11978d074890562888e36069b0d67edf02c0f15fd228b10cbf045,2,train,train,/kaggle/working/denguewatch_yolov8n_workspace/raw_data/roboflow_mosquito-breeding-expanded_v3_yolov8/train/images/imagem17_jpg.rf.a1e9739b8f73616b21ad1e70215cee45.jpg,/kaggle/working/denguewatch_yolov8n_workspace/raw_data/roboflow_mosquito-breeding-expanded_v3_yolov8/train/labels/imagem17_jpg.rf.a1e9739b8f73616b21ad1e70215cee45.txt,imagem17_jpg.rf.a1e9739b8f73616b21ad1e70215cee45.jpg,127d32532fa7e3a2ed2d8730e385173f5e00e11bc08771f0ee5e5c8d76e293ca,2
847b3d323ae11978d074890562888e36069b0d67edf02c0f15fd228b10cbf045,2,valid,valid,/kaggle/working/denguewatch_yolov8n_workspace/raw_data/roboflow_mosquito-breeding-expanded_v3_yolov8/valid/images/imagem17_jpg.rf.c2d341511d0e749fc9380f541edf82da.jpg,/kaggle/working/denguewatch_yolov8n_workspace/raw_data/roboflow_mosquito-breeding-expanded_v3_yolov8/valid/labels/imagem17_jpg.rf.c2d341511d0e749fc9380f541edf82da.txt,imagem17_jpg.rf.c2d341511d0e749fc9380f541edf82da.jpg,33896a308c382b92371d2e32d9d946b503a1f6dfd091dd1ccc909d0901c9ac50,2
8529e6ea04596d5b3af977611e8744968c90f2424fd35f87108652adc0b7f0b6,2,train,train,/kaggle/working/denguewatch_yolov8n_workspace/raw_data/roboflow_mosquito-breeding-expanded_v3_yolov8/train/images/-1121F9BD-6C24-47D6-937E-DC2AB1906098-png_jpg.rf.1f834d60ac9b60852c36b0c98d271f0d.jpg,/kaggle/working/denguewatch_yolov8n_workspace/raw_data/roboflow_mosquito-breeding-expanded_v3_yolov8/train/labels/-1121F9BD-6C24-47D6-937E-DC2AB1906098-png_jpg.rf.1f834d60ac9b60852c36b0c98d271f0d.txt,-1121F9BD-6C24-47D6-937E-DC2AB1906098-png_jpg.rf.1f834d60ac9b60852c36b0c98d271f0d.jpg,e3b0c44298fc1c149afbf4c8996fb92427ae41e4649b934ca495991b7852b855,1
8529e6ea04596d5b3af977611e8744968c90f2424fd35f87108652adc0b7f0b6,2,test,test,/kaggle/working/denguewatch_yolov8n_workspace/raw_data/roboflow_mosquito-breeding-expanded_v3_yolov8/test/images/-1121F9BD-6C24-47D6-937E-DC2AB1906098-png_jpg.rf.f8b54d03e2ae7c30938aea0cb9db0faa.jpg,/kaggle/working/denguewatch_yolov8n_workspace/raw_data/roboflow_mosquito-breeding-expanded_v3_yolov8/test/labels/-1121F9BD-6C24-47D6-937E-DC2AB1906098-png_jpg.rf.f8b54d03e2ae7c30938aea0cb9db0faa.txt,-1121F9BD-6C24-47D6-937E-DC2AB1906098-png_jpg.rf.f8b54d03e2ae7c30938aea0cb9db0faa.jpg,e3b0c44298fc1c149afbf4c8996fb92427ae41e4649b934ca495991b7852b855,1
85686ee31493501837cdfe0064154eb314cc9b0db01027ad0b32ee3eac32f353,2,valid,valid,/kaggle/working/denguewatch_yolov8n_workspace/raw_data/roboflow_mosquito-breeding-expanded_v3_yolov8/valid/images/download-2-_jpg.rf.4204fbb722728bc7213fd445a480fa29.jpg,/kaggle/working/denguewatch_yolov8n_workspace/raw_data/roboflow_mosquito-breeding-expanded_v3_yolov8/valid/labels/download-2-_jpg.rf.4204fbb722728bc7213fd445a480fa29.txt,download-2-_jpg.rf.4204fbb722728bc7213fd445a480fa29.jpg,abbfbfcf5ab36520fc720b2749e598603137a7006691571b5250845486f83718,2
85686ee31493501837cdfe0064154eb314cc9b0db01027ad0b32ee3eac32f353,2,test,test,/kaggle/working/denguewatch_yolov8n_workspace/raw_data/roboflow_mosquito-breeding-expanded_v3_yolov8/test/images/download-2-_jpg.rf.8a3894d76cc67cf9a17c2ffe3f0d1f91.jpg,/kaggle/working/denguewatch_yolov8n_workspace/raw_data/roboflow_mosquito-breeding-expanded_v3_yolov8/test/labels/download-2-_jpg.rf.8a3894d76cc67cf9a17c2ffe3f0d1f91.txt,download-2-_jpg.rf.8a3894d76cc67cf9a17c2ffe3f0d1f91.jpg,073fe9370d47e020eddcb013c188909b01b261b301e40b42b59c1a9fc2887f7f,2
86d2ea4eb322c23e3bbfd9caa5289f3472e0858399a7b9901242cfe623437e88,2,train,train,/kaggle/working/denguewatch_yolov8n_workspace/raw_data/roboflow_mosquito-breeding-expanded_v3_yolov8/train/images/images-10-1-_jpg.rf.6f65c380909b9416380fada9c6d03531.jpg,/kaggle/working/denguewatch_yolov8n_workspace/raw_data/roboflow_mosquito-breeding-expanded_v3_yolov8/train/labels/images-10-1-_jpg.rf.6f65c380909b9416380fada9c6d03531.txt,images-10-1-_jpg.rf.6f65c380909b9416380fada9c6d03531.jpg,bed1f025e57b30d7f435f8f5f8645c6ff43d04cc27d51206225fdad3834e6752,1
86d2ea4eb322c23e3bbfd9caa5289f3472e0858399a7b9901242cfe623437e88,2,train,train,/kaggle/working/denguewatch_yolov8n_workspace/raw_data/roboflow_mosquito-breeding-expanded_v3_yolov8/train/images/images-10-1-_jpg.rf.72269ef3eea07586fb2a3dcc7a0368a6.jpg,/kaggle/working/denguewatch_yolov8n_workspace/raw_data/roboflow_mosquito-breeding-expanded_v3_yolov8/train/labels/images-10-1-_jpg.rf.72269ef3eea07586fb2a3dcc7a0368a6.txt,images-10-1-_jpg.rf.72269ef3eea07586fb2a3dcc7a0368a6.jpg,bed1f025e57b30d7f435f8f5f8645c6ff43d04cc27d51206225fdad3834e6752,1
8b13a9ff9c8d3777ca9f76a862531a2edcf03dfb148af5bb32816d5f6e907e8c,2,train,train,/kaggle/working/denguewatch_yolov8n_workspace/raw_data/roboflow_mosquito-breeding-expanded_v3_yolov8/train/images/images-2-_jpg.rf.422f618fe1f66e11842a5642d1dc4978.jpg,/kaggle/working/denguewatch_yolov8n_workspace/raw_data/roboflow_mosquito-breeding-expanded_v3_yolov8/train/labels/images-2-_jpg.rf.422f618fe1f66e11842a5642d1dc4978.txt,images-2-_jpg.rf.422f618fe1f66e11842a5642d1dc4978.jpg,c7052505e92a3bd8994cd7c8ee8ea577529460ae9b64e06b29b0915e6022f135,2
8b13a9ff9c8d3777ca9f76a862531a2edcf03dfb148af5bb32816d5f6e907e8c,2,train,train,/kaggle/working/denguewatch_yolov8n_workspace/raw_data/roboflow_mosquito-breeding-expanded_v3_yolov8/train/images/images-2-_jpg.rf.c2a9f6012403b247351627a91e856c82.jpg,/kaggle/working/denguewatch_yolov8n_workspace/raw_data/roboflow_mosquito-breeding-expanded_v3_yolov8/train/labels/images-2-_jpg.rf.c2a9f6012403b247351627a91e856c82.txt,images-2-_jpg.rf.c2a9f6012403b247351627a91e856c82.jpg,b362000961d1cdd45a1f6a026bad79e864064f43459ecae683db935f8f4aef04,2
8c8ee239e257e45d22ddbfc2d0cff3cd9fcab74bbf4ddea7c490ac66fca0ae50,2,train,train,/kaggle/working/denguewatch_yolov8n_workspace/raw_data/roboflow_mosquito-breeding-expanded_v3_yolov8/train/images/garrafa2_jpg.rf.c3350773f65cc396cf3ca1a6e6eb06d7.jpg,/kaggle/working/denguewatch_yolov8n_workspace/raw_data/roboflow_mosquito-breeding-expanded_v3_yolov8/train/labels/garrafa2_jpg.rf.c3350773f65cc396cf3ca1a6e6eb06d7.txt,garrafa2_jpg.rf.c3350773f65cc396cf3ca1a6e6eb06d7.jpg,0e092baed2435fdba3352069f5bbc7882e1531461352281df6b041a5e724c5ec,2
8c8ee239e257e45d22ddbfc2d0cff3cd9fcab74bbf4ddea7c490ac66fca0ae50,2,test,test,/kaggle/working/denguewatch_yolov8n_workspace/raw_data/roboflow_mosquito-breeding-expanded_v3_yolov8/test/images/garrafa2_jpg.rf.aedeebd83387ed06a0861569159e5f41.jpg,/kaggle/working/denguewatch_yolov8n_workspace/raw_data/roboflow_mosquito-breeding-expanded_v3_yolov8/test/labels/garrafa2_jpg.rf.aedeebd83387ed06a0861569159e5f41.txt,garrafa2_jpg.rf.aedeebd83387ed06a0861569159e5f41.jpg,2569c8bf3b86dd03fde899150d1b25cbb1c56d1560a4698bde174fd1eb1408f7,2
8cb30a5627f1edccd38e9ec428f5f94b973d2ef591c5fba6e5b49c0b9a300670,2,train,train,/kaggle/working/denguewatch_yolov8n_workspace/raw_data/roboflow_mosquito-breeding-expanded_v3_yolov8/train/images/images-14-_jpg.rf.487a11452316ef458a0ddbc2a7ebd33e.jpg,/kaggle/working/denguewatch_yolov8n_workspace/raw_data/roboflow_mosquito-breeding-expanded_v3_yolov8/train/labels/images-14-_jpg.rf.487a11452316ef458a0ddbc2a7ebd33e.txt,images-14-_jpg.rf.487a11452316ef458a0ddbc2a7ebd33e.jpg,b59d3c9b414be85af34bea4e94f7e14c254e348b59033ff80465373960ccfba9,2
8cb30a5627f1edccd38e9ec428f5f94b973d2ef591c5fba6e5b49c0b9a300670,2,train,train,/kaggle/working/denguewatch_yolov8n_workspace/raw_data/roboflow_mosquito-breeding-expanded_v3_yolov8/train/images/images-14-_jpg.rf.4ecff3fb44e33ec87a1d5fce4d557ad4.jpg,/kaggle/working/denguewatch_yolov8n_workspace/raw_data/roboflow_mosquito-breeding-expanded_v3_yolov8/train/labels/images-14-_jpg.rf.4ecff3fb44e33ec87a1d5fce4d557ad4.txt,images-14-_jpg.rf.4ecff3fb44e33ec87a1d5fce4d557ad4.jpg,fc5c92d219077bab8809e630a7a54075ca50140e81097a6cfc554520b0ca2fc3,2
8cce22a672b82bc4a7a1e7824458f51353ce2c1f928610d796543486fd94c5ee,2,train,train,/kaggle/working/denguewatch_yolov8n_workspace/raw_data/roboflow_mosquito-breeding-expanded_v3_yolov8/train/images/caixaaberta4_jpeg_jpg.rf.7d853361836dffc7c27e6101f5c0b99a.jpg,/kaggle/working/denguewatch_yolov8n_workspace/raw_data/roboflow_mosquito-breeding-expanded_v3_yolov8/train/labels/caixaaberta4_jpeg_jpg.rf.7d853361836dffc7c27e6101f5c0b99a.txt,caixaaberta4_jpeg_jpg.rf.7d853361836dffc7c27e6101f5c0b99a.jpg,c89a809fd66f8757d143bc68cb89c373f28828c9fc111573457738c6986a48a7,2
8cce22a672b82bc4a7a1e7824458f51353ce2c1f928610d796543486fd94c5ee,2,train,train,/kaggle/working/denguewatch_yolov8n_workspace/raw_data/roboflow_mosquito-breeding-expanded_v3_yolov8/train/images/caixaaberta4_jpeg_jpg.rf.816abb9432456d83f2fb085487490804.jpg,/kaggle/working/denguewatch_yolov8n_workspace/raw_data/roboflow_mosquito-breeding-expanded_v3_yolov8/train/labels/caixaaberta4_jpeg_jpg.rf.816abb9432456d83f2fb085487490804.txt,caixaaberta4_jpeg_jpg.rf.816abb9432456d83f2fb085487490804.jpg,017cde97e329d8befe4cd3c3a0a02d123eacb624f71a0f00ffabe17675f87b4e,2
8f6ee952d37cbf91c3e2d5e55bfcdcbe5a25e97636cffe91644973a276f6c138,2,train,train,/kaggle/working/denguewatch_yolov8n_workspace/raw_data/roboflow_mosquito-breeding-expanded_v3_yolov8/train/images/download-7-_jpg.rf.02637d8f23751250372e0dac9f198b61.jpg,/kaggle/working/denguewatch_yolov8n_workspace/raw_data/roboflow_mosquito-breeding-expanded_v3_yolov8/train/labels/download-7-_jpg.rf.02637d8f23751250372e0dac9f198b61.txt,download-7-_jpg.rf.02637d8f23751250372e0dac9f198b61.jpg,e3b0c44298fc1c149afbf4c8996fb92427ae41e4649b934ca495991b7852b855,1
8f6ee952d37cbf91c3e2d5e55bfcdcbe5a25e97636cffe91644973a276f6c138,2,train,train,/kaggle/working/denguewatch_yolov8n_workspace/raw_data/roboflow_mosquito-breeding-expanded_v3_yolov8/train/images/download-7-_jpg.rf.c811cd87540ae1b55e17961da628bf46.jpg,/kaggle/working/denguewatch_yolov8n_workspace/raw_data/roboflow_mosquito-breeding-expanded_v3_yolov8/train/labels/download-7-_jpg.rf.c811cd87540ae1b55e17961da628bf46.txt,download-7-_jpg.rf.c811cd87540ae1b55e17961da628bf46.jpg,e3b0c44298fc1c149afbf4c8996fb92427ae41e4649b934ca495991b7852b855,1
8fc97e843bc0a8e2726a0fbc603e24c4faf057bdedcf7694fa142c47d683412e,2,train,train,/kaggle/working/denguewatch_yolov8n_workspace/raw_data/roboflow_mosquito-breeding-expanded_v3_yolov8/train/images/images-2-1-_jpg.rf.1821c9d8d4df856315c1e8fc28357f0e.jpg,/kaggle/working/denguewatch_yolov8n_workspace/raw_data/roboflow_mosquito-breeding-expanded_v3_yolov8/train/labels/images-2-1-_jpg.rf.1821c9d8d4df856315c1e8fc28357f0e.txt,images-2-1-_jpg.rf.1821c9d8d4df856315c1e8fc28357f0e.jpg,2c65c417acdf4738f69bcf4f1dc0d4decd103637f532941e6b1a3ed87e251af1,1
8fc97e843bc0a8e2726a0fbc603e24c4faf057bdedcf7694fa142c47d683412e,2,train,train,/kaggle/working/denguewatch_yolov8n_workspace/raw_data/roboflow_mosquito-breeding-expanded_v3_yolov8/train/images/images-2-1-_jpg.rf.71ba19330915015aaf093c67e8e0d505.jpg,/kaggle/working/denguewatch_yolov8n_workspace/raw_data/roboflow_mosquito-breeding-expanded_v3_yolov8/train/labels/images-2-1-_jpg.rf.71ba19330915015aaf093c67e8e0d505.txt,images-2-1-_jpg.rf.71ba19330915015aaf093c67e8e0d505.jpg,2c65c417acdf4738f69bcf4f1dc0d4decd103637f532941e6b1a3ed87e251af1,1
9056cf4f106c84e05598c155cb360027494af440b5145e8ea2338a6a18191289,2,train,train,/kaggle/working/denguewatch_yolov8n_workspace/raw_data/roboflow_mosquito-breeding-expanded_v3_yolov8/train/images/imagem7_jpg.rf.31044db27b4898409de4e6e30c10bc2c.jpg,/kaggle/working/denguewatch_yolov8n_workspace/raw_data/roboflow_mosquito-breeding-expanded_v3_yolov8/train/labels/imagem7_jpg.rf.31044db27b4898409de4e6e30c10bc2c.txt,imagem7_jpg.rf.31044db27b4898409de4e6e30c10bc2c.jpg,3d97d4ed8d24b1fc1d6c0cb7a43f87a1b3ed34a4a88460282e5bb83bbbe2d084,1
9056cf4f106c84e05598c155cb360027494af440b5145e8ea2338a6a18191289,2,train,train,/kaggle/working/denguewatch_yolov8n_workspace/raw_data/roboflow_mosquito-breeding-expanded_v3_yolov8/train/images/imagem7_jpg.rf.9beccc44010b50c9c8e571c95e7ad5ee.jpg,/kaggle/working/denguewatch_yolov8n_workspace/raw_data/roboflow_mosquito-breeding-expanded_v3_yolov8/train/labels/imagem7_jpg.rf.9beccc44010b50c9c8e571c95e7ad5ee.txt,imagem7_jpg.rf.9beccc44010b50c9c8e571c95e7ad5ee.jpg,3d97d4ed8d24b1fc1d6c0cb7a43f87a1b3ed34a4a88460282e5bb83bbbe2d084,1
958ce4b7214e9366a0efe895e727de750f6a677fa0ddcb4b4a0b6bdad505ea36,2,valid,valid,/kaggle/working/denguewatch_yolov8n_workspace/raw_data/roboflow_mosquito-breeding-expanded_v3_yolov8/valid/images/download-6-_jpg.rf.028c991a9dbaa247b2617eb2dbdaf111.jpg,/kaggle/working/denguewatch_yolov8n_workspace/raw_data/roboflow_mosquito-breeding-expanded_v3_yolov8/valid/labels/download-6-_jpg.rf.028c991a9dbaa247b2617eb2dbdaf111.txt,download-6-_jpg.rf.028c991a9dbaa247b2617eb2dbdaf111.jpg,e3b0c44298fc1c149afbf4c8996fb92427ae41e4649b934ca495991b7852b855,1
958ce4b7214e9366a0efe895e727de750f6a677fa0ddcb4b4a0b6bdad505ea36,2,test,test,/kaggle/working/denguewatch_yolov8n_workspace/raw_data/roboflow_mosquito-breeding-expanded_v3_yolov8/test/images/download-6-_jpg.rf.8686d0f4a058d3e5dd36260aeaf36317.jpg,/kaggle/working/denguewatch_yolov8n_workspace/raw_data/roboflow_mosquito-breeding-expanded_v3_yolov8/test/labels/download-6-_jpg.rf.8686d0f4a058d3e5dd36260aeaf36317.txt,download-6-_jpg.rf.8686d0f4a058d3e5dd36260aeaf36317.jpg,e3b0c44298fc1c149afbf4c8996fb92427ae41e4649b934ca495991b7852b855,1
9a6382e361a262e61dd41cd834bfbb62d4c922c33724ed6d25a8606969ad261e,2,train,train,/kaggle/working/denguewatch_yolov8n_workspace/raw_data/roboflow_mosquito-breeding-expanded_v3_yolov8/train/images/images-51-_jpg.rf.e9d246dbb806199707b44c3a6ad0ec35.jpg,/kaggle/working/denguewatch_yolov8n_workspace/raw_data/roboflow_mosquito-breeding-expanded_v3_yolov8/train/labels/images-51-_jpg.rf.e9d246dbb806199707b44c3a6ad0ec35.txt,images-51-_jpg.rf.e9d246dbb806199707b44c3a6ad0ec35.jpg,e3b0c44298fc1c149afbf4c8996fb92427ae41e4649b934ca495991b7852b855,2
9a6382e361a262e61dd41cd834bfbb62d4c922c33724ed6d25a8606969ad261e,2,valid,valid,/kaggle/working/denguewatch_yolov8n_workspace/raw_data/roboflow_mosquito-breeding-expanded_v3_yolov8/valid/images/images-51-_jpg.rf.61294fca6d4d3597fbade3a945c53a61.jpg,/kaggle/working/denguewatch_yolov8n_workspace/raw_data/roboflow_mosquito-breeding-expanded_v3_yolov8/valid/labels/images-51-_jpg.rf.61294fca6d4d3597fbade3a945c53a61.txt,images-51-_jpg.rf.61294fca6d4d3597fbade3a945c53a61.jpg,e758bb93506bb4103694d931ee792c6ff1f5064a82705a215f40eaaeaf44a20c,2
9f7ab0f90accf0f6df9dceed993c6b644168e78fc7753f50bdd671a2adc602cb,2,train,train,/kaggle/working/denguewatch_yolov8n_workspace/raw_data/roboflow_mosquito-breeding-expanded_v3_yolov8/train/images/images-4-_jpg.rf.012fd49f32fa2184704470be7814f74d.jpg,/kaggle/working/denguewatch_yolov8n_workspace/raw_data/roboflow_mosquito-breeding-expanded_v3_yolov8/train/labels/images-4-_jpg.rf.012fd49f32fa2184704470be7814f74d.txt,images-4-_jpg.rf.012fd49f32fa2184704470be7814f74d.jpg,41016891bccbce8fa828cd0c018265f8372a539b6510c323dde6572d00d5bb0c,2
9f7ab0f90accf0f6df9dceed993c6b644168e78fc7753f50bdd671a2adc602cb,2,test,test,/kaggle/working/denguewatch_yolov8n_workspace/raw_data/roboflow_mosquito-breeding-expanded_v3_yolov8/test/images/images-4-_jpg.rf.5d72981596c2baabf464ed0ce9fd3649.jpg,/kaggle/working/denguewatch_yolov8n_workspace/raw_data/roboflow_mosquito-breeding-expanded_v3_yolov8/test/labels/images-4-_jpg.rf.5d72981596c2baabf464ed0ce9fd3649.txt,images-4-_jpg.rf.5d72981596c2baabf464ed0ce9fd3649.jpg,f1cfacfa55133a1b2e1fab8a222fdfba33dec0d9c2b5683479885006c70caf42,2
9f8346d98b6c07273fad7752270075418c3244f872fdb0b5ffef2085081a437b,2,train,train,/kaggle/working/denguewatch_yolov8n_workspace/raw_data/roboflow_mosquito-breeding-expanded_v3_yolov8/train/images/dsc_0028_3_jpeg_jpg.rf.1aba54bf265c7cc650d3c0ec0774687d.jpg,/kaggle/working/denguewatch_yolov8n_workspace/raw_data/roboflow_mosquito-breeding-expanded_v3_yolov8/train/labels/dsc_0028_3_jpeg_jpg.rf.1aba54bf265c7cc650d3c0ec0774687d.txt,dsc_0028_3_jpeg_jpg.rf.1aba54bf265c7cc650d3c0ec0774687d.jpg,24eebd0be54278463a577087b506746e912b55ca2d7cbf3630f588d5dd7eb5ec,2
9f8346d98b6c07273fad7752270075418c3244f872fdb0b5ffef2085081a437b,2,valid,valid,/kaggle/working/denguewatch_yolov8n_workspace/raw_data/roboflow_mosquito-breeding-expanded_v3_yolov8/valid/images/dsc_0028_3_jpeg_jpg.rf.6a6824a86b4560b8abaa0e2636210320.jpg,/kaggle/working/denguewatch_yolov8n_workspace/raw_data/roboflow_mosquito-breeding-expanded_v3_yolov8/valid/labels/dsc_0028_3_jpeg_jpg.rf.6a6824a86b4560b8abaa0e2636210320.txt,dsc_0028_3_jpeg_jpg.rf.6a6824a86b4560b8abaa0e2636210320.jpg,7b1fc07a2c7aa17e843297a79e3de15c842c41415b53ad4951c0ff1f445b1476,2
a0851c953402e27f4681ea6b4f3ce74d19bb296bbcf0e8b6c7f43074c363ca51,2,valid,valid,/kaggle/working/denguewatch_yolov8n_workspace/raw_data/roboflow_mosquito-breeding-expanded_v3_yolov8/valid/images/download-5-_jpg.rf.d864475e1eff4192ac95018e6ed1c4c7.jpg,/kaggle/working/denguewatch_yolov8n_workspace/raw_data/roboflow_mosquito-breeding-expanded_v3_yolov8/valid/labels/download-5-_jpg.rf.d864475e1eff4192ac95018e6ed1c4c7.txt,download-5-_jpg.rf.d864475e1eff4192ac95018e6ed1c4c7.jpg,e3b0c44298fc1c149afbf4c8996fb92427ae41e4649b934ca495991b7852b855,1
a0851c953402e27f4681ea6b4f3ce74d19bb296bbcf0e8b6c7f43074c363ca51,2,valid,valid,/kaggle/working/denguewatch_yolov8n_workspace/raw_data/roboflow_mosquito-breeding-expanded_v3_yolov8/valid/images/download-5-_jpg.rf.ea17305e773753bc814eaf23337f69c5.jpg,/kaggle/working/denguewatch_yolov8n_workspace/raw_data/roboflow_mosquito-breeding-expanded_v3_yolov8/valid/labels/download-5-_jpg.rf.ea17305e773753bc814eaf23337f69c5.txt,download-5-_jpg.rf.ea17305e773753bc814eaf23337f69c5.jpg,e3b0c44298fc1c149afbf4c8996fb92427ae41e4649b934ca495991b7852b855,1
a3105a15bcb37e81c284d0264d992266a1d7adce534dc133e949f1489ce18a13,2,train,train,/kaggle/working/denguewatch_yolov8n_workspace/raw_data/roboflow_mosquito-breeding-expanded_v3_yolov8/train/images/images-38-_jpg.rf.b73110107b261650647c6efa398f0beb.jpg,/kaggle/working/denguewatch_yolov8n_workspace/raw_data/roboflow_mosquito-breeding-expanded_v3_yolov8/train/labels/images-38-_jpg.rf.b73110107b261650647c6efa398f0beb.txt,images-38-_jpg.rf.b73110107b261650647c6efa398f0beb.jpg,e3b0c44298fc1c149afbf4c8996fb92427ae41e4649b934ca495991b7852b855,1
a3105a15bcb37e81c284d0264d992266a1d7adce534dc133e949f1489ce18a13,2,train,train,/kaggle/working/denguewatch_yolov8n_workspace/raw_data/roboflow_mosquito-breeding-expanded_v3_yolov8/train/images/images-38-_jpg.rf.d1d87a178e1cc51a67ed52ddc8f0cb0a.jpg,/kaggle/working/denguewatch_yolov8n_workspace/raw_data/roboflow_mosquito-breeding-expanded_v3_yolov8/train/labels/images-38-_jpg.rf.d1d87a178e1cc51a67ed52ddc8f0cb0a.txt,images-38-_jpg.rf.d1d87a178e1cc51a67ed52ddc8f0cb0a.jpg,e3b0c44298fc1c149afbf4c8996fb92427ae41e4649b934ca495991b7852b855,1
a3d2148bc48f66bcd92f2c8b515f5b401068ccf559ad730dc0d29a8d6e9f6460,2,test,test,/kaggle/working/denguewatch_yolov8n_workspace/raw_data/roboflow_mosquito-breeding-expanded_v3_yolov8/test/images/images-1-_jpg.rf.172e1e0d2b574e15a6233e6ad41b0738.jpg,/kaggle/working/denguewatch_yolov8n_workspace/raw_data/roboflow_mosquito-breeding-expanded_v3_yolov8/test/labels/images-1-_jpg.rf.172e1e0d2b574e15a6233e6ad41b0738.txt,images-1-_jpg.rf.172e1e0d2b574e15a6233e6ad41b0738.jpg,bc6f90c16efa6d967f55f08f1e6a5c256d689747612e45acc65d9e39121c9c04,1
a3d2148bc48f66bcd92f2c8b515f5b401068ccf559ad730dc0d29a8d6e9f6460,2,test,test,/kaggle/working/denguewatch_yolov8n_workspace/raw_data/roboflow_mosquito-breeding-expanded_v3_yolov8/test/images/images-1-_jpg.rf.87233f6428e4e4c4d2e84f968a4cb4cc.jpg,/kaggle/working/denguewatch_yolov8n_workspace/raw_data/roboflow_mosquito-breeding-expanded_v3_yolov8/test/labels/images-1-_jpg.rf.87233f6428e4e4c4d2e84f968a4cb4cc.txt,images-1-_jpg.rf.87233f6428e4e4c4d2e84f968a4cb4cc.jpg,bc6f90c16efa6d967f55f08f1e6a5c256d689747612e45acc65d9e39121c9c04,1
a3fdba497a87a3c27d06911b641597503ce2b53b03808c601bacd3358f8b1ed3,2,train,train,/kaggle/working/denguewatch_yolov8n_workspace/raw_data/roboflow_mosquito-breeding-expanded_v3_yolov8/train/images/destaque-para-site-pneus-03-1-_jpg.rf.a3868f9a682b91f8e22fc44beead00c6.jpg,/kaggle/working/denguewatch_yolov8n_workspace/raw_data/roboflow_mosquito-breeding-expanded_v3_yolov8/train/labels/destaque-para-site-pneus-03-1-_jpg.rf.a3868f9a682b91f8e22fc44beead00c6.txt,destaque-para-site-pneus-03-1-_jpg.rf.a3868f9a682b91f8e22fc44beead00c6.jpg,b6c5aa7acbbdc248899de804b30b7da416d8618e753f014e9a67a5024a3112f6,2
a3fdba497a87a3c27d06911b641597503ce2b53b03808c601bacd3358f8b1ed3,2,train,train,/kaggle/working/denguewatch_yolov8n_workspace/raw_data/roboflow_mosquito-breeding-expanded_v3_yolov8/train/images/destaque-para-site-pneus-03-1-_jpg.rf.e242bf3d5d6518a496360d2558ac338c.jpg,/kaggle/working/denguewatch_yolov8n_workspace/raw_data/roboflow_mosquito-breeding-expanded_v3_yolov8/train/labels/destaque-para-site-pneus-03-1-_jpg.rf.e242bf3d5d6518a496360d2558ac338c.txt,destaque-para-site-pneus-03-1-_jpg.rf.e242bf3d5d6518a496360d2558ac338c.jpg,fe0e282184045e74282b3857df2e7b605e495cea3083b97bd3d4611f9ae0c913,2
a83b443e1a9ca56b3ec4a89e1c512f776a1a711e820ae9ffd4ce4237eab047fb,2,train,train,/kaggle/working/denguewatch_yolov8n_workspace/raw_data/roboflow_mosquito-breeding-expanded_v3_yolov8/train/images/caixadaguasemtampa_jpg.rf.8e93b6c3d64a17c6f48ab6b5ce1b3ba4.jpg,/kaggle/working/denguewatch_yolov8n_workspace/raw_data/roboflow_mosquito-breeding-expanded_v3_yolov8/train/labels/caixadaguasemtampa_jpg.rf.8e93b6c3d64a17c6f48ab6b5ce1b3ba4.txt,caixadaguasemtampa_jpg.rf.8e93b6c3d64a17c6f48ab6b5ce1b3ba4.jpg,e853a9d76cd269e5cedb9d7cd289ce1f82fc5ecaaed4e42da2d334027c660ddc,1
a83b443e1a9ca56b3ec4a89e1c512f776a1a711e820ae9ffd4ce4237eab047fb,2,train,train,/kaggle/working/denguewatch_yolov8n_workspace/raw_data/roboflow_mosquito-breeding-expanded_v3_yolov8/train/images/caixadaguasemtampa_jpg.rf.dac1e95c078cb7eb1d18afebcf5faee6.jpg,/kaggle/working/denguewatch_yolov8n_workspace/raw_data/roboflow_mosquito-breeding-expanded_v3_yolov8/train/labels/caixadaguasemtampa_jpg.rf.dac1e95c078cb7eb1d18afebcf5faee6.txt,caixadaguasemtampa_jpg.rf.dac1e95c078cb7eb1d18afebcf5faee6.jpg,e853a9d76cd269e5cedb9d7cd289ce1f82fc5ecaaed4e42da2d334027c660ddc,1
ab5530eedc40a712e1a4e0cc2b558f1caef39ba576218c99ec42cc60487a8aa4,2,test,test,/kaggle/working/denguewatch_yolov8n_workspace/raw_data/roboflow_mosquito-breeding-expanded_v3_yolov8/test/images/depositphotos_207102234-stock-photo-standing-water-trapped-in-tire_jpg.rf.4ab57a28d0698e500f9eae8a29c195b3.jpg,/kaggle/working/denguewatch_yolov8n_workspace/raw_data/roboflow_mosquito-breeding-expanded_v3_yolov8/test/labels/depositphotos_207102234-stock-photo-standing-water-trapped-in-tire_jpg.rf.4ab57a28d0698e500f9eae8a29c195b3.txt,depositphotos_207102234-stock-photo-standing-water-trapped-in-tire_jpg.rf.4ab57a28d0698e500f9eae8a29c195b3.jpg,84a89ad8854005635c52d9938edaed2f50cee4c0fff295395342e1e2fddbe617,2
ab5530eedc40a712e1a4e0cc2b558f1caef39ba576218c99ec42cc60487a8aa4,2,test,test,/kaggle/working/denguewatch_yolov8n_workspace/raw_data/roboflow_mosquito-breeding-expanded_v3_yolov8/test/images/depositphotos_207102234-stock-photo-standing-water-trapped-in-tire_jpg.rf.b17d1caa388738675efea29cd0455d0b.jpg,/kaggle/working/denguewatch_yolov8n_workspace/raw_data/roboflow_mosquito-breeding-expanded_v3_yolov8/test/labels/depositphotos_207102234-stock-photo-standing-water-trapped-in-tire_jpg.rf.b17d1caa388738675efea29cd0455d0b.txt,depositphotos_207102234-stock-photo-standing-water-trapped-in-tire_jpg.rf.b17d1caa388738675efea29cd0455d0b.jpg,986bb5545bf88a8fdb4778f69b1fc6a3b2813f8fb5374ef844a801f6d09b9883,2
b135b6e614c4bfd0adffa266436e7466d6234d80ea5b9033d6ab44c245110d07,2,train,train,/kaggle/working/denguewatch_yolov8n_workspace/raw_data/roboflow_mosquito-breeding-expanded_v3_yolov8/train/images/imagem32_jpg.rf.036be352dd30778cdf9a80b9d67d7844.jpg,/kaggle/working/denguewatch_yolov8n_workspace/raw_data/roboflow_mosquito-breeding-expanded_v3_yolov8/train/labels/imagem32_jpg.rf.036be352dd30778cdf9a80b9d67d7844.txt,imagem32_jpg.rf.036be352dd30778cdf9a80b9d67d7844.jpg,5f4b353d5b5880c92d4b6841ebdb0f21f4ff080213a19f7a546f58925b421e40,2
b135b6e614c4bfd0adffa266436e7466d6234d80ea5b9033d6ab44c245110d07,2,test,test,/kaggle/working/denguewatch_yolov8n_workspace/raw_data/roboflow_mosquito-breeding-expanded_v3_yolov8/test/images/imagem32_jpg.rf.9697ebb56891a874bc1b15f8929deebb.jpg,/kaggle/working/denguewatch_yolov8n_workspace/raw_data/roboflow_mosquito-breeding-expanded_v3_yolov8/test/labels/imagem32_jpg.rf.9697ebb56891a874bc1b15f8929deebb.txt,imagem32_jpg.rf.9697ebb56891a874bc1b15f8929deebb.jpg,2374a6632003726ecf0821b9e8ada94b9bdf8debd50231a02a97752a1126f637,2
b4d31b7cf0992db20f9b6dec9055a738070c973792a321c71b8bde72e0ad6263,2,test,test,/kaggle/working/denguewatch_yolov8n_workspace/raw_data/roboflow_mosquito-breeding-expanded_v3_yolov8/test/images/download-10-_jpg.rf.199a0e56775b59cc2e7998d8458b13f6.jpg,/kaggle/working/denguewatch_yolov8n_workspace/raw_data/roboflow_mosquito-breeding-expanded_v3_yolov8/test/labels/download-10-_jpg.rf.199a0e56775b59cc2e7998d8458b13f6.txt,download-10-_jpg.rf.199a0e56775b59cc2e7998d8458b13f6.jpg,8bbaa3ce1384752145653c5711c8da51c32a7701acd49abecf80136500b3ed5a,2
b4d31b7cf0992db20f9b6dec9055a738070c973792a321c71b8bde72e0ad6263,2,test,test,/kaggle/working/denguewatch_yolov8n_workspace/raw_data/roboflow_mosquito-breeding-expanded_v3_yolov8/test/images/download-10-_jpg.rf.905c727f3ded9700dfcff969a5a8b2fb.jpg,/kaggle/working/denguewatch_yolov8n_workspace/raw_data/roboflow_mosquito-breeding-expanded_v3_yolov8/test/labels/download-10-_jpg.rf.905c727f3ded9700dfcff969a5a8b2fb.txt,download-10-_jpg.rf.905c727f3ded9700dfcff969a5a8b2fb.jpg,0f5999c3a0216ffa38da035fa00affed63979338b33063a6616062acdb8142f1,2
b55c34676d3eeb034b4f8200302af54397351a764f3a8231a6ecf2ffb6b678be,2,train,train,/kaggle/working/denguewatch_yolov8n_workspace/raw_data/roboflow_mosquito-breeding-expanded_v3_yolov8/train/images/images-4-1-_jpg.rf.43ac8f6c12b555a50588e598f5f5b95a.jpg,/kaggle/working/denguewatch_yolov8n_workspace/raw_data/roboflow_mosquito-breeding-expanded_v3_yolov8/train/labels/images-4-1-_jpg.rf.43ac8f6c12b555a50588e598f5f5b95a.txt,images-4-1-_jpg.rf.43ac8f6c12b555a50588e598f5f5b95a.jpg,e056020ef0bc20bee6311051128dac9aa62c2a793d49edb781bf183bbe838b39,2
b55c34676d3eeb034b4f8200302af54397351a764f3a8231a6ecf2ffb6b678be,2,test,test,/kaggle/working/denguewatch_yolov8n_workspace/raw_data/roboflow_mosquito-breeding-expanded_v3_yolov8/test/images/images-4-1-_jpg.rf.38f1ecf9c029a29d2553778f73dbaf5c.jpg,/kaggle/working/denguewatch_yolov8n_workspace/raw_data/roboflow_mosquito-breeding-expanded_v3_yolov8/test/labels/images-4-1-_jpg.rf.38f1ecf9c029a29d2553778f73dbaf5c.txt,images-4-1-_jpg.rf.38f1ecf9c029a29d2553778f73dbaf5c.jpg,28b1cba21abfbf4d36eeb95eb03abe5dd7a38643dae9929b751dccff39fb2d28,2
b71f642c8e69f2dc0f003fc2a29420d4504d2090e416b7e43d6c337b944fce86,2,train,train,/kaggle/working/denguewatch_yolov8n_workspace/raw_data/roboflow_mosquito-breeding-expanded_v3_yolov8/train/images/caixaaberta22_jpeg_jpg.rf.417a2034d9486aaa996bb47da247e6c0.jpg,/kaggle/working/denguewatch_yolov8n_workspace/raw_data/roboflow_mosquito-breeding-expanded_v3_yolov8/train/labels/caixaaberta22_jpeg_jpg.rf.417a2034d9486aaa996bb47da247e6c0.txt,caixaaberta22_jpeg_jpg.rf.417a2034d9486aaa996bb47da247e6c0.jpg,af8b028344a4691ec48a20867d748c5cefa60c07814393602653d3cce35c582f,2
b71f642c8e69f2dc0f003fc2a29420d4504d2090e416b7e43d6c337b944fce86,2,train,train,/kaggle/working/denguewatch_yolov8n_workspace/raw_data/roboflow_mosquito-breeding-expanded_v3_yolov8/train/images/caixaaberta22_jpeg_jpg.rf.fcfccb12cfbcf48786d57ffe16a10ec8.jpg,/kaggle/working/denguewatch_yolov8n_workspace/raw_data/roboflow_mosquito-breeding-expanded_v3_yolov8/train/labels/caixaaberta22_jpeg_jpg.rf.fcfccb12cfbcf48786d57ffe16a10ec8.txt,caixaaberta22_jpeg_jpg.rf.fcfccb12cfbcf48786d57ffe16a10ec8.jpg,463818d453fc9a7f4b61d0e962871ed4d42e676cbd6c8e7ffd2d86077bcb3a9c,2
bb511830970e9feb49c4ffa12009a2ab76e731ae504517fab60e6b8789860097,2,train,train,/kaggle/working/denguewatch_yolov8n_workspace/raw_data/roboflow_mosquito-breeding-expanded_v3_yolov8/train/images/imagem24_jpg.rf.5358630ce1a64fa44670bec43de8ce36.jpg,/kaggle/working/denguewatch_yolov8n_workspace/raw_data/roboflow_mosquito-breeding-expanded_v3_yolov8/train/labels/imagem24_jpg.rf.5358630ce1a64fa44670bec43de8ce36.txt,imagem24_jpg.rf.5358630ce1a64fa44670bec43de8ce36.jpg,2ca8b20d4873b22db20a3555f393aee415a0b6708dc6d7511c10394bc664aaa2,2
bb511830970e9feb49c4ffa12009a2ab76e731ae504517fab60e6b8789860097,2,train,train,/kaggle/working/denguewatch_yolov8n_workspace/raw_data/roboflow_mosquito-breeding-expanded_v3_yolov8/train/images/imagem24_jpg.rf.5e34517c2b531f8a3bd7699bb160b0d8.jpg,/kaggle/working/denguewatch_yolov8n_workspace/raw_data/roboflow_mosquito-breeding-expanded_v3_yolov8/train/labels/imagem24_jpg.rf.5e34517c2b531f8a3bd7699bb160b0d8.txt,imagem24_jpg.rf.5e34517c2b531f8a3bd7699bb160b0d8.jpg,5efbbb207a8dd9ed1699673edef45f7ba6dbaced578438814f88a22d4b1219bb,2
bc4e7bc8ffa1318eaae8941095de96b63be2a7ae215a77441fb3bd6a88c72ffc,2,train,train,/kaggle/working/denguewatch_yolov8n_workspace/raw_data/roboflow_mosquito-breeding-expanded_v3_yolov8/train/images/garrafa19_jpg.rf.ea01401db19734bbcf56dc9e190a2755.jpg,/kaggle/working/denguewatch_yolov8n_workspace/raw_data/roboflow_mosquito-breeding-expanded_v3_yolov8/train/labels/garrafa19_jpg.rf.ea01401db19734bbcf56dc9e190a2755.txt,garrafa19_jpg.rf.ea01401db19734bbcf56dc9e190a2755.jpg,d0ce58f1a4eeb9948548dd9e84993563b63299673a74963c0fd7750fd93d2057,2
bc4e7bc8ffa1318eaae8941095de96b63be2a7ae215a77441fb3bd6a88c72ffc,2,valid,valid,/kaggle/working/denguewatch_yolov8n_workspace/raw_data/roboflow_mosquito-breeding-expanded_v3_yolov8/valid/images/garrafa19_jpg.rf.0128d7d88f0758fea9daff5be628070b.jpg,/kaggle/working/denguewatch_yolov8n_workspace/raw_data/roboflow_mosquito-breeding-expanded_v3_yolov8/valid/labels/garrafa19_jpg.rf.0128d7d88f0758fea9daff5be628070b.txt,garrafa19_jpg.rf.0128d7d88f0758fea9daff5be628070b.jpg,3f223a1ec49537b79d1cd93bbccdeea8409b0ea876eba04be6a12afd90c4bf3b,2
bd10d022db699b74dec03267ee36ec05527d78f86e4dd137081226292015e2ca,2,train,train,/kaggle/working/denguewatch_yolov8n_workspace/raw_data/roboflow_mosquito-breeding-expanded_v3_yolov8/train/images/dsc_0039_4_jpeg_jpg.rf.0fe54c2cd29a398272743cbc304051b7.jpg,/kaggle/working/denguewatch_yolov8n_workspace/raw_data/roboflow_mosquito-breeding-expanded_v3_yolov8/train/labels/dsc_0039_4_jpeg_jpg.rf.0fe54c2cd29a398272743cbc304051b7.txt,dsc_0039_4_jpeg_jpg.rf.0fe54c2cd29a398272743cbc304051b7.jpg,f6d97e8401f3144fcd4afb7682d0fb7a6352a5755d6710670069394074686f78,2
bd10d022db699b74dec03267ee36ec05527d78f86e4dd137081226292015e2ca,2,train,train,/kaggle/working/denguewatch_yolov8n_workspace/raw_data/roboflow_mosquito-breeding-expanded_v3_yolov8/train/images/dsc_0039_4_jpeg_jpg.rf.be98f1bdb136a47e16751bfaa688d841.jpg,/kaggle/working/denguewatch_yolov8n_workspace/raw_data/roboflow_mosquito-breeding-expanded_v3_yolov8/train/labels/dsc_0039_4_jpeg_jpg.rf.be98f1bdb136a47e16751bfaa688d841.txt,dsc_0039_4_jpeg_jpg.rf.be98f1bdb136a47e16751bfaa688d841.jpg,73af469bb03fb19fc0ce9deecfe9de0f82cc434798ad17e017704c9fedea910d,2
bf96d2182911b66d132a197fd2b69d3897aa1bd7291d4821c8b14e787be4bce1,2,train,train,/kaggle/working/denguewatch_yolov8n_workspace/raw_data/roboflow_mosquito-breeding-expanded_v3_yolov8/train/images/barracao_arrepiado_pneus_180221_foto_fabio_ulsenheimer_5_jpg.rf.7277bf56750c277b12d37b01e696773b.jpg,/kaggle/working/denguewatch_yolov8n_workspace/raw_data/roboflow_mosquito-breeding-expanded_v3_yolov8/train/labels/barracao_arrepiado_pneus_180221_foto_fabio_ulsenheimer_5_jpg.rf.7277bf56750c277b12d37b01e696773b.txt,barracao_arrepiado_pneus_180221_foto_fabio_ulsenheimer_5_jpg.rf.7277bf56750c277b12d37b01e696773b.jpg,0e8243013eefa1fd89e499c7015685f8932356f2cae751295e2ca704bdf5d94d,2
bf96d2182911b66d132a197fd2b69d3897aa1bd7291d4821c8b14e787be4bce1,2,train,train,/kaggle/working/denguewatch_yolov8n_workspace/raw_data/roboflow_mosquito-breeding-expanded_v3_yolov8/train/images/barracao_arrepiado_pneus_180221_foto_fabio_ulsenheimer_5_jpg.rf.8b59d91badc1ccf5323acb7e411d3b86.jpg,/kaggle/working/denguewatch_yolov8n_workspace/raw_data/roboflow_mosquito-breeding-expanded_v3_yolov8/train/labels/barracao_arrepiado_pneus_180221_foto_fabio_ulsenheimer_5_jpg.rf.8b59d91badc1ccf5323acb7e411d3b86.txt,barracao_arrepiado_pneus_180221_foto_fabio_ulsenheimer_5_jpg.rf.8b59d91badc1ccf5323acb7e411d3b86.jpg,055e77f81741512394704d8f70f931b8e515353754d4a92bbc5ee597fb6d4fbe,2
c384cde4b9b88f950cbbbbd0866dc00713ea2816a70493ceb2e0d6c97db33b23,2,valid,valid,/kaggle/working/denguewatch_yolov8n_workspace/raw_data/roboflow_mosquito-breeding-expanded_v3_yolov8/valid/images/download-4-_jpg.rf.2617e3c4769d27e9200cf6bcf02adc40.jpg,/kaggle/working/denguewatch_yolov8n_workspace/raw_data/roboflow_mosquito-breeding-expanded_v3_yolov8/valid/labels/download-4-_jpg.rf.2617e3c4769d27e9200cf6bcf02adc40.txt,download-4-_jpg.rf.2617e3c4769d27e9200cf6bcf02adc40.jpg,24a197901f265edd71f125ae66aca5610f2e113da8d2f1b475d72982639c2f52,2
c384cde4b9b88f950cbbbbd0866dc00713ea2816a70493ceb2e0d6c97db33b23,2,valid,valid,/kaggle/working/denguewatch_yolov8n_workspace/raw_data/roboflow_mosquito-breeding-expanded_v3_yolov8/valid/images/download-4-_jpg.rf.975b7a710da2ae11db710c64a32642fa.jpg,/kaggle/working/denguewatch_yolov8n_workspace/raw_data/roboflow_mosquito-breeding-expanded_v3_yolov8/valid/labels/download-4-_jpg.rf.975b7a710da2ae11db710c64a32642fa.txt,download-4-_jpg.rf.975b7a710da2ae11db710c64a32642fa.jpg,70d3626cf8b991fe5dfea7072b922bcbb6235d3137806c33322a81be1ef241f4,2
c87b821712b8a9949f4f1a8dc279f944a4a7508f1a791ed6b99ad3be5c082da6,2,train,train,/kaggle/working/denguewatch_yolov8n_workspace/raw_data/roboflow_mosquito-breeding-expanded_v3_yolov8/train/images/download-1-_jpg.rf.b47ca144cd9e44d4129de3f45fcf21c5.jpg,/kaggle/working/denguewatch_yolov8n_workspace/raw_data/roboflow_mosquito-breeding-expanded_v3_yolov8/train/labels/download-1-_jpg.rf.b47ca144cd9e44d4129de3f45fcf21c5.txt,download-1-_jpg.rf.b47ca144cd9e44d4129de3f45fcf21c5.jpg,56f4e225208d05d7c9332609294b7229e64a6a714aad437ae9b6e7c33aea9671,2
c87b821712b8a9949f4f1a8dc279f944a4a7508f1a791ed6b99ad3be5c082da6,2,test,test,/kaggle/working/denguewatch_yolov8n_workspace/raw_data/roboflow_mosquito-breeding-expanded_v3_yolov8/test/images/download-1-_jpg.rf.3a692ee5f8fec5fca914db7d0860f4ff.jpg,/kaggle/working/denguewatch_yolov8n_workspace/raw_data/roboflow_mosquito-breeding-expanded_v3_yolov8/test/labels/download-1-_jpg.rf.3a692ee5f8fec5fca914db7d0860f4ff.txt,download-1-_jpg.rf.3a692ee5f8fec5fca914db7d0860f4ff.jpg,f70979e5456d4847a2ebc687f369b1b4b8bfb1c661921efd5aea01488d4e83d4,2
cbc1c55f7deb811cbfb3a05734a34c6317dc5d1d4fe1d6d9388ff05381db83f1,2,train,train,/kaggle/working/denguewatch_yolov8n_workspace/raw_data/roboflow_mosquito-breeding-expanded_v3_yolov8/train/images/images-39-_jpg.rf.c2f011d7ccb4605c683032839928b2f3.jpg,/kaggle/working/denguewatch_yolov8n_workspace/raw_data/roboflow_mosquito-breeding-expanded_v3_yolov8/train/labels/images-39-_jpg.rf.c2f011d7ccb4605c683032839928b2f3.txt,images-39-_jpg.rf.c2f011d7ccb4605c683032839928b2f3.jpg,e3b0c44298fc1c149afbf4c8996fb92427ae41e4649b934ca495991b7852b855,1
cbc1c55f7deb811cbfb3a05734a34c6317dc5d1d4fe1d6d9388ff05381db83f1,2,train,train,/kaggle/working/denguewatch_yolov8n_workspace/raw_data/roboflow_mosquito-breeding-expanded_v3_yolov8/train/images/images-39-_jpg.rf.e19ad75b17e0f6e24992c760c7dc8a6b.jpg,/kaggle/working/denguewatch_yolov8n_workspace/raw_data/roboflow_mosquito-breeding-expanded_v3_yolov8/train/labels/images-39-_jpg.rf.e19ad75b17e0f6e24992c760c7dc8a6b.txt,images-39-_jpg.rf.e19ad75b17e0f6e24992c760c7dc8a6b.jpg,e3b0c44298fc1c149afbf4c8996fb92427ae41e4649b934ca495991b7852b855,1
cbc51c265c024e6dab962e65e57ebdd3a104fba17354fb06fb42c335a5eb9efe,2,train,train,/kaggle/working/denguewatch_yolov8n_workspace/raw_data/roboflow_mosquito-breeding-expanded_v3_yolov8/train/images/images-3-1-_jpg.rf.afd9e5f6312ad4f6f1e7c18fa9f04f38.jpg,/kaggle/working/denguewatch_yolov8n_workspace/raw_data/roboflow_mosquito-breeding-expanded_v3_yolov8/train/labels/images-3-1-_jpg.rf.afd9e5f6312ad4f6f1e7c18fa9f04f38.txt,images-3-1-_jpg.rf.afd9e5f6312ad4f6f1e7c18fa9f04f38.jpg,e45a886f8ff6f4e809fad95e4e2ff7035b0aa1978620c591bf51314ae7ae1567,1
cbc51c265c024e6dab962e65e57ebdd3a104fba17354fb06fb42c335a5eb9efe,2,train,train,/kaggle/working/denguewatch_yolov8n_workspace/raw_data/roboflow_mosquito-breeding-expanded_v3_yolov8/train/images/images-3-1-_jpg.rf.b644cfa8f358d938a492adb26bcdb5e0.jpg,/kaggle/working/denguewatch_yolov8n_workspace/raw_data/roboflow_mosquito-breeding-expanded_v3_yolov8/train/labels/images-3-1-_jpg.rf.b644cfa8f358d938a492adb26bcdb5e0.txt,images-3-1-_jpg.rf.b644cfa8f358d938a492adb26bcdb5e0.jpg,e45a886f8ff6f4e809fad95e4e2ff7035b0aa1978620c591bf51314ae7ae1567,1
d211f5c251cf795ae321cf523c986a853d19a099f5227a54ca5e0f2af7950555,2,train,train,/kaggle/working/denguewatch_yolov8n_workspace/raw_data/roboflow_mosquito-breeding-expanded_v3_yolov8/train/images/images-13-_jpg.rf.5c7143c054df2271e8374dc228e5f8cb.jpg,/kaggle/working/denguewatch_yolov8n_workspace/raw_data/roboflow_mosquito-breeding-expanded_v3_yolov8/train/labels/images-13-_jpg.rf.5c7143c054df2271e8374dc228e5f8cb.txt,images-13-_jpg.rf.5c7143c054df2271e8374dc228e5f8cb.jpg,9e0da8c868ede56193bb86c665f341e14c695f7a540677ea2de652fbbacb0292,2
d211f5c251cf795ae321cf523c986a853d19a099f5227a54ca5e0f2af7950555,2,train,train,/kaggle/working/denguewatch_yolov8n_workspace/raw_data/roboflow_mosquito-breeding-expanded_v3_yolov8/train/images/images-13-_jpg.rf.5f5d1b89adff1843ed7b5159f97c84c7.jpg,/kaggle/working/denguewatch_yolov8n_workspace/raw_data/roboflow_mosquito-breeding-expanded_v3_yolov8/train/labels/images-13-_jpg.rf.5f5d1b89adff1843ed7b5159f97c84c7.txt,images-13-_jpg.rf.5f5d1b89adff1843ed7b5159f97c84c7.jpg,f76e3ff1723903c357b0846c10adc1d6ab99c1c3caa7667bd72348337a8f1c48,2
d4450d9299e8fb40a4ddb6a37292204c0561eb8e13fe8aa439acf74b9a82af99,2,train,train,/kaggle/working/denguewatch_yolov8n_workspace/raw_data/roboflow_mosquito-breeding-expanded_v3_yolov8/train/images/images-2-_jpg.rf.2f5655243a73525ac620368b990a1e85.jpg,/kaggle/working/denguewatch_yolov8n_workspace/raw_data/roboflow_mosquito-breeding-expanded_v3_yolov8/train/labels/images-2-_jpg.rf.2f5655243a73525ac620368b990a1e85.txt,images-2-_jpg.rf.2f5655243a73525ac620368b990a1e85.jpg,67cc5b4db6ab9001a217ac95a074a21be5144c249d03711014a87e92fb48f64f,2
d4450d9299e8fb40a4ddb6a37292204c0561eb8e13fe8aa439acf74b9a82af99,2,train,train,/kaggle/working/denguewatch_yolov8n_workspace/raw_data/roboflow_mosquito-breeding-expanded_v3_yolov8/train/images/images-2-_jpg.rf.f688d236dfaec45900df9d9e9bc3b856.jpg,/kaggle/working/denguewatch_yolov8n_workspace/raw_data/roboflow_mosquito-breeding-expanded_v3_yolov8/train/labels/images-2-_jpg.rf.f688d236dfaec45900df9d9e9bc3b856.txt,images-2-_jpg.rf.f688d236dfaec45900df9d9e9bc3b856.jpg,36a7ab82e77f982348ea7343527d3b11f5b19b311918fb6748612142801e7a32,2
d47a133c8372e6981674862b19a8b8913068f88794bb741fb4372484561d964a,2,train,train,/kaggle/working/denguewatch_yolov8n_workspace/raw_data/roboflow_mosquito-breeding-expanded_v3_yolov8/train/images/images-31-_jpg.rf.43480ca4d5a82a4e38f92189fa231f1c.jpg,/kaggle/working/denguewatch_yolov8n_workspace/raw_data/roboflow_mosquito-breeding-expanded_v3_yolov8/train/labels/images-31-_jpg.rf.43480ca4d5a82a4e38f92189fa231f1c.txt,images-31-_jpg.rf.43480ca4d5a82a4e38f92189fa231f1c.jpg,cbe078f46e94d27a2a931cc17554ce9351279032d29284d580d0a4e79da265ae,2
d47a133c8372e6981674862b19a8b8913068f88794bb741fb4372484561d964a,2,valid,valid,/kaggle/working/denguewatch_yolov8n_workspace/raw_data/roboflow_mosquito-breeding-expanded_v3_yolov8/valid/images/images-31-_jpg.rf.d6c8f1b1f4123288c2fb1e9e4127de29.jpg,/kaggle/working/denguewatch_yolov8n_workspace/raw_data/roboflow_mosquito-breeding-expanded_v3_yolov8/valid/labels/images-31-_jpg.rf.d6c8f1b1f4123288c2fb1e9e4127de29.txt,images-31-_jpg.rf.d6c8f1b1f4123288c2fb1e9e4127de29.jpg,e3b0c44298fc1c149afbf4c8996fb92427ae41e4649b934ca495991b7852b855,2
d551b748e35583d1b98efad8fc3e03e85f0958922481214baaf47d4fc22448d5,2,train,train,/kaggle/working/denguewatch_yolov8n_workspace/raw_data/roboflow_mosquito-breeding-expanded_v3_yolov8/train/images/images-12-_jpg.rf.40226b73a968116a8067ab0e68894a7a.jpg,/kaggle/working/denguewatch_yolov8n_workspace/raw_data/roboflow_mosquito-breeding-expanded_v3_yolov8/train/labels/images-12-_jpg.rf.40226b73a968116a8067ab0e68894a7a.txt,images-12-_jpg.rf.40226b73a968116a8067ab0e68894a7a.jpg,b79d4a0d80ee76d1f660180d253c83c4dc87e80844cccad9f157309c0506df2a,2
d551b748e35583d1b98efad8fc3e03e85f0958922481214baaf47d4fc22448d5,2,train,train,/kaggle/working/denguewatch_yolov8n_workspace/raw_data/roboflow_mosquito-breeding-expanded_v3_yolov8/train/images/images-12-_jpg.rf.b7af44d1994e3d22a279bdf37b4d22ba.jpg,/kaggle/working/denguewatch_yolov8n_workspace/raw_data/roboflow_mosquito-breeding-expanded_v3_yolov8/train/labels/images-12-_jpg.rf.b7af44d1994e3d22a279bdf37b4d22ba.txt,images-12-_jpg.rf.b7af44d1994e3d22a279bdf37b4d22ba.jpg,0a624b30a2c766f2e9889dcfa385ba27e5530eedd7fbb7deb4ab0a31e364280c,2
d55ae8785f4228d0ce19c5e6406aae7940a985ad6aae5e816822daf4b3878e5e,2,train,train,/kaggle/working/denguewatch_yolov8n_workspace/raw_data/roboflow_mosquito-breeding-expanded_v3_yolov8/train/images/download-1-_jpeg_jpg.rf.193fa6b3de21aff08e7eb211171fedee.jpg,/kaggle/working/denguewatch_yolov8n_workspace/raw_data/roboflow_mosquito-breeding-expanded_v3_yolov8/train/labels/download-1-_jpeg_jpg.rf.193fa6b3de21aff08e7eb211171fedee.txt,download-1-_jpeg_jpg.rf.193fa6b3de21aff08e7eb211171fedee.jpg,56144c0e8dcf9da2a694f4df769bde8d0e03df72134a73280f477eb05fadf06a,2
d55ae8785f4228d0ce19c5e6406aae7940a985ad6aae5e816822daf4b3878e5e,2,test,test,/kaggle/working/denguewatch_yolov8n_workspace/raw_data/roboflow_mosquito-breeding-expanded_v3_yolov8/test/images/download-1-_jpeg_jpg.rf.91a8d74bd17d6aee1997ea0308f269b4.jpg,/kaggle/working/denguewatch_yolov8n_workspace/raw_data/roboflow_mosquito-breeding-expanded_v3_yolov8/test/labels/download-1-_jpeg_jpg.rf.91a8d74bd17d6aee1997ea0308f269b4.txt,download-1-_jpeg_jpg.rf.91a8d74bd17d6aee1997ea0308f269b4.jpg,bf88bbd086db643aa775fd3738cd928bfbd5a04323c026e68d87d1d6cea29637,2
d8cd74070454a1ac179008b885e2d5ea8069e52e8a57c8141fbbacd00da82b5e,2,train,train,/kaggle/working/denguewatch_yolov8n_workspace/raw_data/roboflow_mosquito-breeding-expanded_v3_yolov8/train/images/caixa_jpg.rf.0ba9ead77830f696cc12e3cf55a1639d.jpg,/kaggle/working/denguewatch_yolov8n_workspace/raw_data/roboflow_mosquito-breeding-expanded_v3_yolov8/train/labels/caixa_jpg.rf.0ba9ead77830f696cc12e3cf55a1639d.txt,caixa_jpg.rf.0ba9ead77830f696cc12e3cf55a1639d.jpg,8ce8cf78ffadd2695272b96ec8aef904423070b46b6f49901c1a370876a7da9d,2
d8cd74070454a1ac179008b885e2d5ea8069e52e8a57c8141fbbacd00da82b5e,2,train,train,/kaggle/working/denguewatch_yolov8n_workspace/raw_data/roboflow_mosquito-breeding-expanded_v3_yolov8/train/images/caixa_jpg.rf.d1b256a3a980bb8a0d7f4426da6633cc.jpg,/kaggle/working/denguewatch_yolov8n_workspace/raw_data/roboflow_mosquito-breeding-expanded_v3_yolov8/train/labels/caixa_jpg.rf.d1b256a3a980bb8a0d7f4426da6633cc.txt,caixa_jpg.rf.d1b256a3a980bb8a0d7f4426da6633cc.jpg,f93188b64ae82f8f57ad7231bb70ba14beae980f7f835a5b69224aa52a04b05d,2
da1ec4a54d86e2ed87b561bed54942d2b77de7fbdc6cdb96f5f1a6f64e762027,2,train,train,/kaggle/working/denguewatch_yolov8n_workspace/raw_data/roboflow_mosquito-breeding-expanded_v3_yolov8/train/images/garrafa-de-plastico-usada-jogada-fora-do-chao-coberto-grama-poluicao-conceito-natureza-165113048_jpg.rf.7b37b448622d22aedb079fb3f40bc518.jpg,/kaggle/working/denguewatch_yolov8n_workspace/raw_data/roboflow_mosquito-breeding-expanded_v3_yolov8/train/labels/garrafa-de-plastico-usada-jogada-fora-do-chao-coberto-grama-poluicao-conceito-natureza-165113048_jpg.rf.7b37b448622d22aedb079fb3f40bc518.txt,garrafa-de-plastico-usada-jogada-fora-do-chao-coberto-grama-poluicao-conceito-natureza-165113048_jpg.rf.7b37b448622d22aedb079fb3f40bc518.jpg,5f1d66e8b002b0aa9ff6d60db1d38ccf3c427c6733bd83923efe90d91627ea4c,2
da1ec4a54d86e2ed87b561bed54942d2b77de7fbdc6cdb96f5f1a6f64e762027,2,train,train,/kaggle/working/denguewatch_yolov8n_workspace/raw_data/roboflow_mosquito-breeding-expanded_v3_yolov8/train/images/garrafa-de-plastico-usada-jogada-fora-do-chao-coberto-grama-poluicao-conceito-natureza-165113048_jpg.rf.b183154516f01b8403953ae46e1c09cb.jpg,/kaggle/working/denguewatch_yolov8n_workspace/raw_data/roboflow_mosquito-breeding-expanded_v3_yolov8/train/labels/garrafa-de-plastico-usada-jogada-fora-do-chao-coberto-grama-poluicao-conceito-natureza-165113048_jpg.rf.b183154516f01b8403953ae46e1c09cb.txt,garrafa-de-plastico-usada-jogada-fora-do-chao-coberto-grama-poluicao-conceito-natureza-165113048_jpg.rf.b183154516f01b8403953ae46e1c09cb.jpg,5b90af6bc5b6d66ce00907ff93ba821835969982fd743171cb3fce1156c94855,2
df48ba87d17b0f7cbf05bb787d596b36f1ffa708ff6718df3535ce9dbf1957ed,2,train,train,/kaggle/working/denguewatch_yolov8n_workspace/raw_data/roboflow_mosquito-breeding-expanded_v3_yolov8/train/images/imagem4_jpg.rf.575dcea3e72dcc593407029b6a4719ac.jpg,/kaggle/working/denguewatch_yolov8n_workspace/raw_data/roboflow_mosquito-breeding-expanded_v3_yolov8/train/labels/imagem4_jpg.rf.575dcea3e72dcc593407029b6a4719ac.txt,imagem4_jpg.rf.575dcea3e72dcc593407029b6a4719ac.jpg,a60e1239ede0cb5dbfc22201a83516f7efdaae6e6a3b6abcebf41322aa5fa2f5,1
df48ba87d17b0f7cbf05bb787d596b36f1ffa708ff6718df3535ce9dbf1957ed,2,train,train,/kaggle/working/denguewatch_yolov8n_workspace/raw_data/roboflow_mosquito-breeding-expanded_v3_yolov8/train/images/imagem4_jpg.rf.8bc369fe95b62433dfb064fe962f72e6.jpg,/kaggle/working/denguewatch_yolov8n_workspace/raw_data/roboflow_mosquito-breeding-expanded_v3_yolov8/train/labels/imagem4_jpg.rf.8bc369fe95b62433dfb064fe962f72e6.txt,imagem4_jpg.rf.8bc369fe95b62433dfb064fe962f72e6.jpg,a60e1239ede0cb5dbfc22201a83516f7efdaae6e6a3b6abcebf41322aa5fa2f5,1
df69721a9b4c36b88e53b307e516e89e6da76154cc0b85f7297392f8691d123e,2,train,train,/kaggle/working/denguewatch_yolov8n_workspace/raw_data/roboflow_mosquito-breeding-expanded_v3_yolov8/train/images/caixadagua7_jpg.rf.1ac9e5d4f1232f185f3cfd9f0ac4058a.jpg,/kaggle/working/denguewatch_yolov8n_workspace/raw_data/roboflow_mosquito-breeding-expanded_v3_yolov8/train/labels/caixadagua7_jpg.rf.1ac9e5d4f1232f185f3cfd9f0ac4058a.txt,caixadagua7_jpg.rf.1ac9e5d4f1232f185f3cfd9f0ac4058a.jpg,5025e51d2d509dc3ed4ef9f2782ea3e636f9215b71404ef1958223dc64989510,2
df69721a9b4c36b88e53b307e516e89e6da76154cc0b85f7297392f8691d123e,2,valid,valid,/kaggle/working/denguewatch_yolov8n_workspace/raw_data/roboflow_mosquito-breeding-expanded_v3_yolov8/valid/images/caixadagua7_jpg.rf.de95f4ee21ded4aa099f396234fb1b71.jpg,/kaggle/working/denguewatch_yolov8n_workspace/raw_data/roboflow_mosquito-breeding-expanded_v3_yolov8/valid/labels/caixadagua7_jpg.rf.de95f4ee21ded4aa099f396234fb1b71.txt,caixadagua7_jpg.rf.de95f4ee21ded4aa099f396234fb1b71.jpg,d964b92461a3c227c4716685799b9aa9c934a8271160038f28b27c906b1190c5,2
e2a26c43cc73db5eba712599187493761f4f1bb70afa8afeef0ba7621fa077cd,2,train,train,/kaggle/working/denguewatch_yolov8n_workspace/raw_data/roboflow_mosquito-breeding-expanded_v3_yolov8/train/images/imagem2_jpg.rf.21d43fc894d975aa31362bb93077bb46.jpg,/kaggle/working/denguewatch_yolov8n_workspace/raw_data/roboflow_mosquito-breeding-expanded_v3_yolov8/train/labels/imagem2_jpg.rf.21d43fc894d975aa31362bb93077bb46.txt,imagem2_jpg.rf.21d43fc894d975aa31362bb93077bb46.jpg,405bdf2ba2df3a60b6b50ccb24d36f8f863b46e961fbff020af3c8674e86afd3,2
e2a26c43cc73db5eba712599187493761f4f1bb70afa8afeef0ba7621fa077cd,2,train,train,/kaggle/working/denguewatch_yolov8n_workspace/raw_data/roboflow_mosquito-breeding-expanded_v3_yolov8/train/images/imagem2_jpg.rf.95208e38a49eb7ff903017162a9fb32e.jpg,/kaggle/working/denguewatch_yolov8n_workspace/raw_data/roboflow_mosquito-breeding-expanded_v3_yolov8/train/labels/imagem2_jpg.rf.95208e38a49eb7ff903017162a9fb32e.txt,imagem2_jpg.rf.95208e38a49eb7ff903017162a9fb32e.jpg,86f6db1e551eb17165d89d51067d42dd9f0e8157caf536d5305fc1c15adaaea3,2
e3ff613e58e84cb851f7308a56e143d18533e013e241a55748d30d29a2a6fa04,2,train,train,/kaggle/working/denguewatch_yolov8n_workspace/raw_data/roboflow_mosquito-breeding-expanded_v3_yolov8/train/images/caixadagua_aguaparada_jpg.rf.3fb81e899e1b6142552e1db95f70120a.jpg,/kaggle/working/denguewatch_yolov8n_workspace/raw_data/roboflow_mosquito-breeding-expanded_v3_yolov8/train/labels/caixadagua_aguaparada_jpg.rf.3fb81e899e1b6142552e1db95f70120a.txt,caixadagua_aguaparada_jpg.rf.3fb81e899e1b6142552e1db95f70120a.jpg,cab83c8266e94b8e9325e4fa292952cfd2602b610fc1b2c0d54669204f8d9348,2
e3ff613e58e84cb851f7308a56e143d18533e013e241a55748d30d29a2a6fa04,2,train,train,/kaggle/working/denguewatch_yolov8n_workspace/raw_data/roboflow_mosquito-breeding-expanded_v3_yolov8/train/images/caixadagua_aguaparada_jpg.rf.9cbe9e3efeb827ab66d68f6996da502a.jpg,/kaggle/working/denguewatch_yolov8n_workspace/raw_data/roboflow_mosquito-breeding-expanded_v3_yolov8/train/labels/caixadagua_aguaparada_jpg.rf.9cbe9e3efeb827ab66d68f6996da502a.txt,caixadagua_aguaparada_jpg.rf.9cbe9e3efeb827ab66d68f6996da502a.jpg,d8e761a14bc3957a2022475e9c8e654371a74dffe6abb9acfde9b1426aaa0d78,2
e44b90d2a201cd64d10d2c79de51b878ffe8b0f3658b7bee9b9a07267e7b5313,2,train,train,/kaggle/working/denguewatch_yolov8n_workspace/raw_data/roboflow_mosquito-breeding-expanded_v3_yolov8/train/images/imagem28_jpg.rf.5ef0640e7ecd2916419efc5cbef821d5.jpg,/kaggle/working/denguewatch_yolov8n_workspace/raw_data/roboflow_mosquito-breeding-expanded_v3_yolov8/train/labels/imagem28_jpg.rf.5ef0640e7ecd2916419efc5cbef821d5.txt,imagem28_jpg.rf.5ef0640e7ecd2916419efc5cbef821d5.jpg,9a2d38bc476c365ffee9087d111c45c2e68cb5425722d512d452eb6f1d00af1a,2
e44b90d2a201cd64d10d2c79de51b878ffe8b0f3658b7bee9b9a07267e7b5313,2,train,train,/kaggle/working/denguewatch_yolov8n_workspace/raw_data/roboflow_mosquito-breeding-expanded_v3_yolov8/train/images/imagem28_jpg.rf.a9c516375ad40663c295e6a8428b93b2.jpg,/kaggle/working/denguewatch_yolov8n_workspace/raw_data/roboflow_mosquito-breeding-expanded_v3_yolov8/train/labels/imagem28_jpg.rf.a9c516375ad40663c295e6a8428b93b2.txt,imagem28_jpg.rf.a9c516375ad40663c295e6a8428b93b2.jpg,e662c8dd1ab43e2c07e6b2bfd5ade7d6d62a19d197bc09315bcb8ec7d96c8baa,2
e6bbbbcb4262e93c10a0d20320b5d12014c973ad69a15d130c4c6e9f2d777943,2,train,train,/kaggle/working/denguewatch_yolov8n_workspace/raw_data/roboflow_mosquito-breeding-expanded_v3_yolov8/train/images/imagem19_jpg.rf.21f33b1ebd7daa67d1779d85b7e67f36.jpg,/kaggle/working/denguewatch_yolov8n_workspace/raw_data/roboflow_mosquito-breeding-expanded_v3_yolov8/train/labels/imagem19_jpg.rf.21f33b1ebd7daa67d1779d85b7e67f36.txt,imagem19_jpg.rf.21f33b1ebd7daa67d1779d85b7e67f36.jpg,617e95b40113d4bf772789da7becd56891d7aa48a50bc5e31230dc7d5d3ea8b2,1
e6bbbbcb4262e93c10a0d20320b5d12014c973ad69a15d130c4c6e9f2d777943,2,test,test,/kaggle/working/denguewatch_yolov8n_workspace/raw_data/roboflow_mosquito-breeding-expanded_v3_yolov8/test/images/imagem19_jpg.rf.a6169d3c6b15c808e30f6caa3d80aa00.jpg,/kaggle/working/denguewatch_yolov8n_workspace/raw_data/roboflow_mosquito-breeding-expanded_v3_yolov8/test/labels/imagem19_jpg.rf.a6169d3c6b15c808e30f6caa3d80aa00.txt,imagem19_jpg.rf.a6169d3c6b15c808e30f6caa3d80aa00.jpg,617e95b40113d4bf772789da7becd56891d7aa48a50bc5e31230dc7d5d3ea8b2,1
e7764e0eaf170b1406b392bb00c230778164d1a9261db1976a066c245099ac9f,2,train,train,/kaggle/working/denguewatch_yolov8n_workspace/raw_data/roboflow_mosquito-breeding-expanded_v3_yolov8/train/images/dengue-2_jpeg_jpg.rf.429b0c4112784c1f3bef64e52b8b282b.jpg,/kaggle/working/denguewatch_yolov8n_workspace/raw_data/roboflow_mosquito-breeding-expanded_v3_yolov8/train/labels/dengue-2_jpeg_jpg.rf.429b0c4112784c1f3bef64e52b8b282b.txt,dengue-2_jpeg_jpg.rf.429b0c4112784c1f3bef64e52b8b282b.jpg,c62b3f8b675d27640d0a45f0aab277127f83ff26450f16e5377431eaa39ee34f,2
e7764e0eaf170b1406b392bb00c230778164d1a9261db1976a066c245099ac9f,2,test,test,/kaggle/working/denguewatch_yolov8n_workspace/raw_data/roboflow_mosquito-breeding-expanded_v3_yolov8/test/images/dengue-2_jpeg_jpg.rf.54b71c11f550f96eac975ccd1fc712ce.jpg,/kaggle/working/denguewatch_yolov8n_workspace/raw_data/roboflow_mosquito-breeding-expanded_v3_yolov8/test/labels/dengue-2_jpeg_jpg.rf.54b71c11f550f96eac975ccd1fc712ce.txt,dengue-2_jpeg_jpg.rf.54b71c11f550f96eac975ccd1fc712ce.jpg,d8d5a8fe9a085c9facb65a94c9a2faf14888dd4e9aeee7540a2f58869c7735b7,2
ebdc91e73c9444c99a1df61d4bcdc1be44f7969f1ac58f7aa80e1ca543acb177,2,train,train,/kaggle/working/denguewatch_yolov8n_workspace/raw_data/roboflow_mosquito-breeding-expanded_v3_yolov8/train/images/images-15-_jpg.rf.f836f85e9ad762978895f3c5b0c6e77f.jpg,/kaggle/working/denguewatch_yolov8n_workspace/raw_data/roboflow_mosquito-breeding-expanded_v3_yolov8/train/labels/images-15-_jpg.rf.f836f85e9ad762978895f3c5b0c6e77f.txt,images-15-_jpg.rf.f836f85e9ad762978895f3c5b0c6e77f.jpg,817c5d05eb944874adf8b34683e567fbaa6a8f6f03c5f3a0139355da9d57306c,2
ebdc91e73c9444c99a1df61d4bcdc1be44f7969f1ac58f7aa80e1ca543acb177,2,test,test,/kaggle/working/denguewatch_yolov8n_workspace/raw_data/roboflow_mosquito-breeding-expanded_v3_yolov8/test/images/images-15-_jpg.rf.623150a2ca050e15f3ec6f7597a02cdf.jpg,/kaggle/working/denguewatch_yolov8n_workspace/raw_data/roboflow_mosquito-breeding-expanded_v3_yolov8/test/labels/images-15-_jpg.rf.623150a2ca050e15f3ec6f7597a02cdf.txt,images-15-_jpg.rf.623150a2ca050e15f3ec6f7597a02cdf.jpg,085cc8b99bd646daf78520bfbab7c1fee012c396c4ac223b357d00562ae21076,2
ed05610c55bc018278b37ae5d3fe5519e598b0e95825a30badeb657affc1e699,2,train,train,/kaggle/working/denguewatch_yolov8n_workspace/raw_data/roboflow_mosquito-breeding-expanded_v3_yolov8/train/images/images-41-_jpg.rf.08d107458e3a3b3955131664c6232925.jpg,/kaggle/working/denguewatch_yolov8n_workspace/raw_data/roboflow_mosquito-breeding-expanded_v3_yolov8/train/labels/images-41-_jpg.rf.08d107458e3a3b3955131664c6232925.txt,images-41-_jpg.rf.08d107458e3a3b3955131664c6232925.jpg,e3b0c44298fc1c149afbf4c8996fb92427ae41e4649b934ca495991b7852b855,1
ed05610c55bc018278b37ae5d3fe5519e598b0e95825a30badeb657affc1e699,2,train,train,/kaggle/working/denguewatch_yolov8n_workspace/raw_data/roboflow_mosquito-breeding-expanded_v3_yolov8/train/images/images-41-_jpg.rf.c67488c43f39c91c90f16cdeeecc4792.jpg,/kaggle/working/denguewatch_yolov8n_workspace/raw_data/roboflow_mosquito-breeding-expanded_v3_yolov8/train/labels/images-41-_jpg.rf.c67488c43f39c91c90f16cdeeecc4792.txt,images-41-_jpg.rf.c67488c43f39c91c90f16cdeeecc4792.jpg,e3b0c44298fc1c149afbf4c8996fb92427ae41e4649b934ca495991b7852b855,1
ee0daef4e69e5de3526ba2ee044d3d1b068db3214894d809d6da00c171d2b68d,2,train,train,/kaggle/working/denguewatch_yolov8n_workspace/raw_data/roboflow_mosquito-breeding-expanded_v3_yolov8/train/images/caixadagua11_jpg.rf.66e4416f2319c71dd945074f24bff0c2.jpg,/kaggle/working/denguewatch_yolov8n_workspace/raw_data/roboflow_mosquito-breeding-expanded_v3_yolov8/train/labels/caixadagua11_jpg.rf.66e4416f2319c71dd945074f24bff0c2.txt,caixadagua11_jpg.rf.66e4416f2319c71dd945074f24bff0c2.jpg,def43d579c2b1e5b44c68166eed2f4d07f6385352deaeec1764f4f60b9d8823a,1
ee0daef4e69e5de3526ba2ee044d3d1b068db3214894d809d6da00c171d2b68d,2,test,test,/kaggle/working/denguewatch_yolov8n_workspace/raw_data/roboflow_mosquito-breeding-expanded_v3_yolov8/test/images/caixadagua11_jpg.rf.c08efe4344496f875a6e058e7a81fee8.jpg,/kaggle/working/denguewatch_yolov8n_workspace/raw_data/roboflow_mosquito-breeding-expanded_v3_yolov8/test/labels/caixadagua11_jpg.rf.c08efe4344496f875a6e058e7a81fee8.txt,caixadagua11_jpg.rf.c08efe4344496f875a6e058e7a81fee8.jpg,def43d579c2b1e5b44c68166eed2f4d07f6385352deaeec1764f4f60b9d8823a,1
ee546da5c755beeae753e9081ea3b365fd7c2ae7997caa8484c20f06a90e62dc,2,train,train,/kaggle/working/denguewatch_yolov8n_workspace/raw_data/roboflow_mosquito-breeding-expanded_v3_yolov8/train/images/dicas_como_fazer_a-limpeza_de_caixa_dagua_jpg.rf.39bf3165dae32f86f30fe3ff6f8b20a2.jpg,/kaggle/working/denguewatch_yolov8n_workspace/raw_data/roboflow_mosquito-breeding-expanded_v3_yolov8/train/labels/dicas_como_fazer_a-limpeza_de_caixa_dagua_jpg.rf.39bf3165dae32f86f30fe3ff6f8b20a2.txt,dicas_como_fazer_a-limpeza_de_caixa_dagua_jpg.rf.39bf3165dae32f86f30fe3ff6f8b20a2.jpg,2e456d579c8e37bbb4740d2877013708c1563b9aa0d6f0149ceb135f4717bf1d,1
ee546da5c755beeae753e9081ea3b365fd7c2ae7997caa8484c20f06a90e62dc,2,valid,valid,/kaggle/working/denguewatch_yolov8n_workspace/raw_data/roboflow_mosquito-breeding-expanded_v3_yolov8/valid/images/dicas_como_fazer_a-limpeza_de_caixa_dagua_jpg.rf.5be44b83557eafe2ab980399042c6a5c.jpg,/kaggle/working/denguewatch_yolov8n_workspace/raw_data/roboflow_mosquito-breeding-expanded_v3_yolov8/valid/labels/dicas_como_fazer_a-limpeza_de_caixa_dagua_jpg.rf.5be44b83557eafe2ab980399042c6a5c.txt,dicas_como_fazer_a-limpeza_de_caixa_dagua_jpg.rf.5be44b83557eafe2ab980399042c6a5c.jpg,2e456d579c8e37bbb4740d2877013708c1563b9aa0d6f0149ceb135f4717bf1d,1
f48f4125820461baed9bffd9302e53f24e9dd89222369a7b620f8aa48beb2ebf,2,train,train,/kaggle/working/denguewatch_yolov8n_workspace/raw_data/roboflow_mosquito-breeding-expanded_v3_yolov8/train/images/images-26-_jpg.rf.e5c1954542fbe56b4a3691f1e8f07165.jpg,/kaggle/working/denguewatch_yolov8n_workspace/raw_data/roboflow_mosquito-breeding-expanded_v3_yolov8/train/labels/images-26-_jpg.rf.e5c1954542fbe56b4a3691f1e8f07165.txt,images-26-_jpg.rf.e5c1954542fbe56b4a3691f1e8f07165.jpg,e3b0c44298fc1c149afbf4c8996fb92427ae41e4649b934ca495991b7852b855,1
f48f4125820461baed9bffd9302e53f24e9dd89222369a7b620f8aa48beb2ebf,2,train,train,/kaggle/working/denguewatch_yolov8n_workspace/raw_data/roboflow_mosquito-breeding-expanded_v3_yolov8/train/images/piscina-15_jpg.rf.06d1a974a0292f5f7d6b34ae67bcc145.jpg,/kaggle/working/denguewatch_yolov8n_workspace/raw_data/roboflow_mosquito-breeding-expanded_v3_yolov8/train/labels/piscina-15_jpg.rf.06d1a974a0292f5f7d6b34ae67bcc145.txt,piscina-15_jpg.rf.06d1a974a0292f5f7d6b34ae67bcc145.jpg,e3b0c44298fc1c149afbf4c8996fb92427ae41e4649b934ca495991b7852b855,1
f492244bd2e467c1704513715832152cb0b51bfd26bd7aecfae30f3f56299a30,2,train,train,/kaggle/working/denguewatch_yolov8n_workspace/raw_data/roboflow_mosquito-breeding-expanded_v3_yolov8/train/images/images-1-1-_jpg.rf.0d40c96b3d4cdd25073899a55879c516.jpg,/kaggle/working/denguewatch_yolov8n_workspace/raw_data/roboflow_mosquito-breeding-expanded_v3_yolov8/train/labels/images-1-1-_jpg.rf.0d40c96b3d4cdd25073899a55879c516.txt,images-1-1-_jpg.rf.0d40c96b3d4cdd25073899a55879c516.jpg,4288a0da1a9b297f4f3c2768fc7b046f6ff9639ef95da267dea083c8aca13f4a,2
f492244bd2e467c1704513715832152cb0b51bfd26bd7aecfae30f3f56299a30,2,train,train,/kaggle/working/denguewatch_yolov8n_workspace/raw_data/roboflow_mosquito-breeding-expanded_v3_yolov8/train/images/images-1-1-_jpg.rf.9b021d4b85c79160a0704b4806bc5064.jpg,/kaggle/working/denguewatch_yolov8n_workspace/raw_data/roboflow_mosquito-breeding-expanded_v3_yolov8/train/labels/images-1-1-_jpg.rf.9b021d4b85c79160a0704b4806bc5064.txt,images-1-1-_jpg.rf.9b021d4b85c79160a0704b4806bc5064.jpg,0b56598e1f57f1cdc559a3128d0e0b6759e8404a9015a3dca51debc15b3b38d8,2
f49b17dc2733f0794607c405c520f74ea955f91bdf1f0e07f5099c70d61b24d6,2,train,train,/kaggle/working/denguewatch_yolov8n_workspace/raw_data/roboflow_mosquito-breeding-expanded_v3_yolov8/train/images/download-1-1-_jpg.rf.d1d480f5a77bb8ba5a7eb485006c450a.jpg,/kaggle/working/denguewatch_yolov8n_workspace/raw_data/roboflow_mosquito-breeding-expanded_v3_yolov8/train/labels/download-1-1-_jpg.rf.d1d480f5a77bb8ba5a7eb485006c450a.txt,download-1-1-_jpg.rf.d1d480f5a77bb8ba5a7eb485006c450a.jpg,4dd8c936146bedfd5c318428e3e6aaee98ab689bcd3a44598cd348fbf71ef1f9,2
f49b17dc2733f0794607c405c520f74ea955f91bdf1f0e07f5099c70d61b24d6,2,test,test,/kaggle/working/denguewatch_yolov8n_workspace/raw_data/roboflow_mosquito-breeding-expanded_v3_yolov8/test/images/download-1-1-_jpg.rf.1a013572083d09d44f883befd75b9f03.jpg,/kaggle/working/denguewatch_yolov8n_workspace/raw_data/roboflow_mosquito-breeding-expanded_v3_yolov8/test/labels/download-1-1-_jpg.rf.1a013572083d09d44f883befd75b9f03.txt,download-1-1-_jpg.rf.1a013572083d09d44f883befd75b9f03.jpg,0b48ab9f22a123c2c9bd9dfd09a5d23c4878e9955339dac6b9ffdd333c8c0dd3,2
f4ecfb149f67cf02e3830d4428c76b2368fc8aa2fc6b093ebe0e5312696a9b78,2,train,train,/kaggle/working/denguewatch_yolov8n_workspace/raw_data/roboflow_mosquito-breeding-expanded_v3_yolov8/train/images/caixadagua10_jpg.rf.7d33dda193b327afdb7777cb442df796.jpg,/kaggle/working/denguewatch_yolov8n_workspace/raw_data/roboflow_mosquito-breeding-expanded_v3_yolov8/train/labels/caixadagua10_jpg.rf.7d33dda193b327afdb7777cb442df796.txt,caixadagua10_jpg.rf.7d33dda193b327afdb7777cb442df796.jpg,164d86371a2878ac153180862f6b79b0e7d81fc0ee422a51f48ccd2a44bc1560,1
f4ecfb149f67cf02e3830d4428c76b2368fc8aa2fc6b093ebe0e5312696a9b78,2,train,train,/kaggle/working/denguewatch_yolov8n_workspace/raw_data/roboflow_mosquito-breeding-expanded_v3_yolov8/train/images/caixadagua10_jpg.rf.d0121005acf34410a669d62fffd350db.jpg,/kaggle/working/denguewatch_yolov8n_workspace/raw_data/roboflow_mosquito-breeding-expanded_v3_yolov8/train/labels/caixadagua10_jpg.rf.d0121005acf34410a669d62fffd350db.txt,caixadagua10_jpg.rf.d0121005acf34410a669d62fffd350db.jpg,164d86371a2878ac153180862f6b79b0e7d81fc0ee422a51f48ccd2a44bc1560,1
f75871e0fd16208fd76a2c6fe34e0fbfd1471e9146264eab7ba1b5ffe38323bd,2,train,train,/kaggle/working/denguewatch_yolov8n_workspace/raw_data/roboflow_mosquito-breeding-expanded_v3_yolov8/train/images/Foto_031-2015-Caixa-dagua-WIKIMEDIA_jpg.rf.12072c667acfae4d5abe1e6bbb6675cf.jpg,/kaggle/working/denguewatch_yolov8n_workspace/raw_data/roboflow_mosquito-breeding-expanded_v3_yolov8/train/labels/Foto_031-2015-Caixa-dagua-WIKIMEDIA_jpg.rf.12072c667acfae4d5abe1e6bbb6675cf.txt,Foto_031-2015-Caixa-dagua-WIKIMEDIA_jpg.rf.12072c667acfae4d5abe1e6bbb6675cf.jpg,018cb3eb67d2f6cf332d4de4d867b1492baeb8e654f7cf2ea5f0e3f90ca1c4be,2
f75871e0fd16208fd76a2c6fe34e0fbfd1471e9146264eab7ba1b5ffe38323bd,2,train,train,/kaggle/working/denguewatch_yolov8n_workspace/raw_data/roboflow_mosquito-breeding-expanded_v3_yolov8/train/images/Foto_031-2015-Caixa-dagua-WIKIMEDIA_jpg.rf.29595c99fa8b10037733c790d8dc7a90.jpg,/kaggle/working/denguewatch_yolov8n_workspace/raw_data/roboflow_mosquito-breeding-expanded_v3_yolov8/train/labels/Foto_031-2015-Caixa-dagua-WIKIMEDIA_jpg.rf.29595c99fa8b10037733c790d8dc7a90.txt,Foto_031-2015-Caixa-dagua-WIKIMEDIA_jpg.rf.29595c99fa8b10037733c790d8dc7a90.jpg,73d2901f419c1f92224222b704d379deeff8b8cb4dcc8d176247fa1de0605f55,2
f8a1c447a0353017a2ecff2d58c37ae6d03784732392cd8ffc71d8a7afc10e80,2,train,train,/kaggle/working/denguewatch_yolov8n_workspace/raw_data/roboflow_mosquito-breeding-expanded_v3_yolov8/train/images/images-5-_jpg.rf.32a57e66bb2edba15689d8350c25423c.jpg,/kaggle/working/denguewatch_yolov8n_workspace/raw_data/roboflow_mosquito-breeding-expanded_v3_yolov8/train/labels/images-5-_jpg.rf.32a57e66bb2edba15689d8350c25423c.txt,images-5-_jpg.rf.32a57e66bb2edba15689d8350c25423c.jpg,123e71b6402c21110253e1161b8d73318c450b30932c9817d8cfc38e367a1741,2
f8a1c447a0353017a2ecff2d58c37ae6d03784732392cd8ffc71d8a7afc10e80,2,valid,valid,/kaggle/working/denguewatch_yolov8n_workspace/raw_data/roboflow_mosquito-breeding-expanded_v3_yolov8/valid/images/images-5-_jpg.rf.b0e417f6115eeb226bc05c0b5842d415.jpg,/kaggle/working/denguewatch_yolov8n_workspace/raw_data/roboflow_mosquito-breeding-expanded_v3_yolov8/valid/labels/images-5-_jpg.rf.b0e417f6115eeb226bc05c0b5842d415.txt,images-5-_jpg.rf.b0e417f6115eeb226bc05c0b5842d415.jpg,834110a3c751f34a130ec5f6840d8c5c61ba3ed4b4b4899c1cedfc649688a3bf,2
f988337cef7eff4a6d2b21e94ac656a3efbd6fdfb6aed90807908b437b13674b,2,train,train,/kaggle/working/denguewatch_yolov8n_workspace/raw_data/roboflow_mosquito-breeding-expanded_v3_yolov8/train/images/images-54-_jpg.rf.998bdad844df0428e9700a66f2f209ad.jpg,/kaggle/working/denguewatch_yolov8n_workspace/raw_data/roboflow_mosquito-breeding-expanded_v3_yolov8/train/labels/images-54-_jpg.rf.998bdad844df0428e9700a66f2f209ad.txt,images-54-_jpg.rf.998bdad844df0428e9700a66f2f209ad.jpg,087789dda9b14955c92d8bd3a1aad6d94239feb073292fe2e83c7fddf5223b37,1
f988337cef7eff4a6d2b21e94ac656a3efbd6fdfb6aed90807908b437b13674b,2,valid,valid,/kaggle/working/denguewatch_yolov8n_workspace/raw_data/roboflow_mosquito-breeding-expanded_v3_yolov8/valid/images/images-54-_jpg.rf.2128daa5c70536d047c624bd234bc7fa.jpg,/kaggle/working/denguewatch_yolov8n_workspace/raw_data/roboflow_mosquito-breeding-expanded_v3_yolov8/valid/labels/images-54-_jpg.rf.2128daa5c70536d047c624bd234bc7fa.txt,images-54-_jpg.rf.2128daa5c70536d047c624bd234bc7fa.jpg,087789dda9b14955c92d8bd3a1aad6d94239feb073292fe2e83c7fddf5223b37,1
fa2d7fdee9ca1b415766003a968b4f57d6fecd975360b5b85250c48512432d65,2,train,train,/kaggle/working/denguewatch_yolov8n_workspace/raw_data/roboflow_mosquito-breeding-expanded_v3_yolov8/train/images/imagem21_jpg.rf.2eac0bcb7b4a209018e410504ae92f83.jpg,/kaggle/working/denguewatch_yolov8n_workspace/raw_data/roboflow_mosquito-breeding-expanded_v3_yolov8/train/labels/imagem21_jpg.rf.2eac0bcb7b4a209018e410504ae92f83.txt,imagem21_jpg.rf.2eac0bcb7b4a209018e410504ae92f83.jpg,0dffa9eff976e91aef30a4cb17479e3d445034899a6788bffbbe85c7e0d758b8,2
fa2d7fdee9ca1b415766003a968b4f57d6fecd975360b5b85250c48512432d65,2,test,test,/kaggle/working/denguewatch_yolov8n_workspace/raw_data/roboflow_mosquito-breeding-expanded_v3_yolov8/test/images/imagem21_jpg.rf.ef3c1e39896e58cc3081001081438461.jpg,/kaggle/working/denguewatch_yolov8n_workspace/raw_data/roboflow_mosquito-breeding-expanded_v3_yolov8/test/labels/imagem21_jpg.rf.ef3c1e39896e58cc3081001081438461.txt,imagem21_jpg.rf.ef3c1e39896e58cc3081001081438461.jpg,10b916ff0543452fd37ce17041d560d503ad001362018f92d73108bee95ec42b,2
fdd7a9fcbfdd8203e5f11b703037ddb59ebcb335688411a2ab59705c630285a4,2,train,train,/kaggle/working/denguewatch_yolov8n_workspace/raw_data/roboflow_mosquito-breeding-expanded_v3_yolov8/train/images/images-30-_jpg.rf.ce70637be8378118ac5203d0bffc1589.jpg,/kaggle/working/denguewatch_yolov8n_workspace/raw_data/roboflow_mosquito-breeding-expanded_v3_yolov8/train/labels/images-30-_jpg.rf.ce70637be8378118ac5203d0bffc1589.txt,images-30-_jpg.rf.ce70637be8378118ac5203d0bffc1589.jpg,e3b0c44298fc1c149afbf4c8996fb92427ae41e4649b934ca495991b7852b855,1
fdd7a9fcbfdd8203e5f11b703037ddb59ebcb335688411a2ab59705c630285a4,2,valid,valid,/kaggle/working/denguewatch_yolov8n_workspace/raw_data/roboflow_mosquito-breeding-expanded_v3_yolov8/valid/images/images-30-_jpg.rf.cf0b908e7c2e16b35b4b38f44408d410.jpg,/kaggle/working/denguewatch_yolov8n_workspace/raw_data/roboflow_mosquito-breeding-expanded_v3_yolov8/valid/labels/images-30-_jpg.rf.cf0b908e7c2e16b35b4b38f44408d410.txt,images-30-_jpg.rf.cf0b908e7c2e16b35b4b38f44408d410.jpg,e3b0c44298fc1c149afbf4c8996fb92427ae41e4649b934ca495991b7852b855,1
ffcbf4526b45d39466909e7edd3281fe8fd42cee002256818f483f0cf8701bbf,2,train,train,/kaggle/working/denguewatch_yolov8n_workspace/raw_data/roboflow_mosquito-breeding-expanded_v3_yolov8/train/images/DSC09740_jpg.rf.5ddb5517320f68f5fcfcb9b4bdb5d217.jpg,/kaggle/working/denguewatch_yolov8n_workspace/raw_data/roboflow_mosquito-breeding-expanded_v3_yolov8/train/labels/DSC09740_jpg.rf.5ddb5517320f68f5fcfcb9b4bdb5d217.txt,DSC09740_jpg.rf.5ddb5517320f68f5fcfcb9b4bdb5d217.jpg,6f2a572753d7d088b1d203a3c1a873f4821a31c7396282cce39888f76e1afb54,2
ffcbf4526b45d39466909e7edd3281fe8fd42cee002256818f483f0cf8701bbf,2,train,train,/kaggle/working/denguewatch_yolov8n_workspace/raw_data/roboflow_mosquito-breeding-expanded_v3_yolov8/train/images/DSC09740_jpg.rf.afd6d3a2e8e0ab0e6fda460a54cd2b24.jpg,/kaggle/working/denguewatch_yolov8n_workspace/raw_data/roboflow_mosquito-breeding-expanded_v3_yolov8/train/labels/DSC09740_jpg.rf.afd6d3a2e8e0ab0e6fda460a54cd2b24.txt,DSC09740_jpg.rf.afd6d3a2e8e0ab0e6fda460a54cd2b24.jpg,58a512d914f170ccee5ddd3404d2448d70fac8e288e077cd9b9add4b66427c27,2
ffd3667019d51ea65f924bb2da0fb1557c8e36ab67123523d5e983d47cb5ebad,2,train,train,/kaggle/working/denguewatch_yolov8n_workspace/raw_data/roboflow_mosquito-breeding-expanded_v3_yolov8/train/images/images-3-_jpg.rf.6cc7895b96c22f61c8e3ca1f6a3af93e.jpg,/kaggle/working/denguewatch_yolov8n_workspace/raw_data/roboflow_mosquito-breeding-expanded_v3_yolov8/train/labels/images-3-_jpg.rf.6cc7895b96c22f61c8e3ca1f6a3af93e.txt,images-3-_jpg.rf.6cc7895b96c22f61c8e3ca1f6a3af93e.jpg,286c37497569b3082b60875bc49c4bd41ebb2c93ed70c36ae94a9674bab4a0de,2
ffd3667019d51ea65f924bb2da0fb1557c8e36ab67123523d5e983d47cb5ebad,2,train,train,/kaggle/working/denguewatch_yolov8n_workspace/raw_data/roboflow_mosquito-breeding-expanded_v3_yolov8/train/images/images-3-_jpg.rf.6edd117ec9f603a041460fe24e993857.jpg,/kaggle/working/denguewatch_yolov8n_workspace/raw_data/roboflow_mosquito-breeding-expanded_v3_yolov8/train/labels/images-3-_jpg.rf.6edd117ec9f603a041460fe24e993857.txt,images-3-_jpg.rf.6edd117ec9f603a041460fe24e993857.jpg,5ed8666c5a85b34e6ac26cd3bec874251536e3ff4823aa88d25f2a9a7a6c33a6,2
