image_path,label_path,split,class_id,class_name,converted_x,converted_y,converted_w,converted_h
/kaggle/working/denguewatch_yolov8s_workspace/raw_data/roboflow_mosquito-breeding-expanded_v3_yolov8/train/images/00000010_jpg.rf.2c6f12494ebcfb982236e8374bf24cf6.jpg,/kaggle/working/denguewatch_yolov8s_workspace/raw_data/roboflow_mosquito-breeding-expanded_v3_yolov8/train/labels/00000010_jpg.rf.2c6f12494ebcfb982236e8374bf24cf6.txt,train,1,Drain Inlet,0.5017051091269842,0.5581099898726851,0.996279761904762,0.8407673507771165
/kaggle/working/denguewatch_yolov8s_workspace/raw_data/roboflow_mosquito-breeding-expanded_v3_yolov8/train/images/20240701_124016_jpg.rf.582e7d41e7973f3a6538d901e83acaa0.jpg,/kaggle/working/denguewatch_yolov8s_workspace/raw_data/roboflow_mosquito-breeding-expanded_v3_yolov8/train/labels/20240701_124016_jpg.rf.582e7d41e7973f3a6538d901e83acaa0.txt,train,1,Drain Inlet,0.3565543897027888,0.37381657681697095,0.4801088251819447,0.3874372104706848
/kaggle/working/denguewatch_yolov8s_workspace/raw_data/roboflow_mosquito-breeding-expanded_v3_yolov8/train/images/222_jpg.rf.7c8be0b30b93e00763353706a74363f0.jpg,/kaggle/working/denguewatch_yolov8s_workspace/raw_data/roboflow_mosquito-breeding-expanded_v3_yolov8/train/labels/222_jpg.rf.7c8be0b30b93e00763353706a74363f0.txt,train,1,Drain Inlet,0.5276935096153846,0.5677644230769231,0.3419302884615385,0.8617067307692308
/kaggle/working/denguewatch_yolov8s_workspace/raw_data/roboflow_mosquito-breeding-expanded_v3_yolov8/train/images/222_jpg.rf.d6a74bc49c6bc081e675ded72d74fd79.jpg,/kaggle/working/denguewatch_yolov8s_workspace/raw_data/roboflow_mosquito-breeding-expanded_v3_yolov8/train/labels/222_jpg.rf.d6a74bc49c6bc081e675ded72d74fd79.txt,train,1,Drain Inlet,0.52769355094094,0.567765478923011,0.3419287401171496,0.8617064520141654
/kaggle/working/denguewatch_yolov8s_workspace/raw_data/roboflow_mosquito-breeding-expanded_v3_yolov8/train/images/224_jpeg_jpg.rf.15d8a9b60c84016e8857f3ed3885d123.jpg,/kaggle/working/denguewatch_yolov8s_workspace/raw_data/roboflow_mosquito-breeding-expanded_v3_yolov8/train/labels/224_jpeg_jpg.rf.15d8a9b60c84016e8857f3ed3885d123.txt,train,1,Drain Inlet,0.3433018688956168,0.666322796592951,0.6866037377912336,0.5530819030036197
/kaggle/working/denguewatch_yolov8s_workspace/raw_data/roboflow_mosquito-breeding-expanded_v3_yolov8/train/images/224_jpeg_jpg.rf.15d8a9b60c84016e8857f3ed3885d123.jpg,/kaggle/working/denguewatch_yolov8s_workspace/raw_data/roboflow_mosquito-breeding-expanded_v3_yolov8/train/labels/224_jpeg_jpg.rf.15d8a9b60c84016e8857f3ed3885d123.txt,train,1,Drain Inlet,0.7714656554840167,0.35267407675351525,0.45196070144472766,0.3180662390863904
/kaggle/working/denguewatch_yolov8s_workspace/raw_data/roboflow_mosquito-breeding-expanded_v3_yolov8/train/images/224_jpeg_jpg.rf.49f02807c77327783bbc65f4942c3edc.jpg,/kaggle/working/denguewatch_yolov8s_workspace/raw_data/roboflow_mosquito-breeding-expanded_v3_yolov8/train/labels/224_jpeg_jpg.rf.49f02807c77327783bbc65f4942c3edc.txt,train,1,Drain Inlet,0.3433016826923077,0.6663221153846154,0.6866033653846154,0.5530817307692308
/kaggle/working/denguewatch_yolov8s_workspace/raw_data/roboflow_mosquito-breeding-expanded_v3_yolov8/train/images/224_jpeg_jpg.rf.49f02807c77327783bbc65f4942c3edc.jpg,/kaggle/working/denguewatch_yolov8s_workspace/raw_data/roboflow_mosquito-breeding-expanded_v3_yolov8/train/labels/224_jpeg_jpg.rf.49f02807c77327783bbc65f4942c3edc.txt,train,1,Drain Inlet,0.7714663461538461,0.3526742788461539,0.4519615384615385,0.3180649038461538
/kaggle/working/denguewatch_yolov8s_workspace/raw_data/roboflow_mosquito-breeding-expanded_v3_yolov8/train/images/26_jpg.rf.b1a3e3c4ce38a7d5bac09e3be00eae8f.jpg,/kaggle/working/denguewatch_yolov8s_workspace/raw_data/roboflow_mosquito-breeding-expanded_v3_yolov8/train/labels/26_jpg.rf.b1a3e3c4ce38a7d5bac09e3be00eae8f.txt,train,1,Drain Inlet,0.48216105769230777,0.520907451923077,0.40852403846153856,0.46803125
/kaggle/working/denguewatch_yolov8s_workspace/raw_data/roboflow_mosquito-breeding-expanded_v3_yolov8/train/images/48_jpg.rf.db856e15cfe92138615321ef00325656.jpg,/kaggle/working/denguewatch_yolov8s_workspace/raw_data/roboflow_mosquito-breeding-expanded_v3_yolov8/train/labels/48_jpg.rf.db856e15cfe92138615321ef00325656.txt,train,1,Drain Inlet,0.6081045673076924,0.5007235576923077,0.4937235576923077,0.546860576923077
/kaggle/working/denguewatch_yolov8s_workspace/raw_data/roboflow_mosquito-breeding-expanded_v3_yolov8/train/images/50_jpg.rf.4bb171afe917b8eeca83e365c5ebeaeb.jpg,/kaggle/working/denguewatch_yolov8s_workspace/raw_data/roboflow_mosquito-breeding-expanded_v3_yolov8/train/labels/50_jpg.rf.4bb171afe917b8eeca83e365c5ebeaeb.txt,train,1,Drain Inlet,0.23035697115384618,0.4290372596153846,0.46071394230769236,0.49649759615384614
/kaggle/working/denguewatch_yolov8s_workspace/raw_data/roboflow_mosquito-breeding-expanded_v3_yolov8/train/images/50_jpg.rf.ee898997e96ed20b66dad12ba389e544.jpg,/kaggle/working/denguewatch_yolov8s_workspace/raw_data/roboflow_mosquito-breeding-expanded_v3_yolov8/train/labels/50_jpg.rf.ee898997e96ed20b66dad12ba389e544.txt,train,1,Drain Inlet,0.23035740064913285,0.42922123737136136,0.4607148012982657,0.49686367046442015
/kaggle/working/denguewatch_yolov8s_workspace/raw_data/roboflow_mosquito-breeding-expanded_v3_yolov8/train/images/55_jpg.rf.c00a7aada0662416d42befcbf31c403a.jpg,/kaggle/working/denguewatch_yolov8s_workspace/raw_data/roboflow_mosquito-breeding-expanded_v3_yolov8/train/labels/55_jpg.rf.c00a7aada0662416d42befcbf31c403a.txt,train,1,Drain Inlet,0.5459122596153846,0.565829326923077,0.6557187499999999,0.37124038461538467
/kaggle/working/denguewatch_yolov8s_workspace/raw_data/roboflow_mosquito-breeding-expanded_v3_yolov8/train/images/57_jpg.rf.b0eaf005b02eea8d2e234fd2f73f8656.jpg,/kaggle/working/denguewatch_yolov8s_workspace/raw_data/roboflow_mosquito-breeding-expanded_v3_yolov8/train/labels/57_jpg.rf.b0eaf005b02eea8d2e234fd2f73f8656.txt,train,1,Drain Inlet,0.526110576923077,0.5318882211538463,0.703951923076923,0.6949110576923078
/kaggle/working/denguewatch_yolov8s_workspace/raw_data/roboflow_mosquito-breeding-expanded_v3_yolov8/train/images/57_jpg.rf.cb01c39fface67e74c121724d9624b4f.jpg,/kaggle/working/denguewatch_yolov8s_workspace/raw_data/roboflow_mosquito-breeding-expanded_v3_yolov8/train/labels/57_jpg.rf.cb01c39fface67e74c121724d9624b4f.txt,train,1,Drain Inlet,0.5261108101672134,0.5318873724699159,0.7039524047699284,0.694910720235555
/kaggle/working/denguewatch_yolov8s_workspace/raw_data/roboflow_mosquito-breeding-expanded_v3_yolov8/train/images/5_jpg.rf.1906977ff65710a58079ea6efd818c97.jpg,/kaggle/working/denguewatch_yolov8s_workspace/raw_data/roboflow_mosquito-breeding-expanded_v3_yolov8/train/labels/5_jpg.rf.1906977ff65710a58079ea6efd818c97.txt,train,1,Drain Inlet,0.0008375998199686073,0.0010289886573539074,0.0012826956953616582,0.0018952168915736304
/kaggle/working/denguewatch_yolov8s_workspace/raw_data/roboflow_mosquito-breeding-expanded_v3_yolov8/train/images/79_jpg.rf.a23f5bcb853b7f2cd139f6661f618be8.jpg,/kaggle/working/denguewatch_yolov8s_workspace/raw_data/roboflow_mosquito-breeding-expanded_v3_yolov8/train/labels/79_jpg.rf.a23f5bcb853b7f2cd139f6661f618be8.txt,train,1,Drain Inlet,0.44457091346153854,0.5912175480769231,0.417204326923077,0.45508894230769237
/kaggle/working/denguewatch_yolov8s_workspace/raw_data/roboflow_mosquito-breeding-expanded_v3_yolov8/train/images/79_jpg.rf.e2b6e65771252aa2ff76e2785875e704.jpg,/kaggle/working/denguewatch_yolov8s_workspace/raw_data/roboflow_mosquito-breeding-expanded_v3_yolov8/train/labels/79_jpg.rf.e2b6e65771252aa2ff76e2785875e704.txt,train,1,Drain Inlet,0.4445707616059741,0.5912179417161172,0.41720389892160314,0.45508809906509534
/kaggle/working/denguewatch_yolov8s_workspace/raw_data/roboflow_mosquito-breeding-expanded_v3_yolov8/train/images/80_jpg.rf.5e6638cddf58716f231a134bf4ec841f.jpg,/kaggle/working/denguewatch_yolov8s_workspace/raw_data/roboflow_mosquito-breeding-expanded_v3_yolov8/train/labels/80_jpg.rf.5e6638cddf58716f231a134bf4ec841f.txt,train,1,Drain Inlet,0.6172474193728714,0.48323340941267795,0.47854570616302267,0.4192691701086181
/kaggle/working/denguewatch_yolov8s_workspace/raw_data/roboflow_mosquito-breeding-expanded_v3_yolov8/train/images/80_jpg.rf.cd9c06619a3c19b04cad27b1ba9509c0.jpg,/kaggle/working/denguewatch_yolov8s_workspace/raw_data/roboflow_mosquito-breeding-expanded_v3_yolov8/train/labels/80_jpg.rf.cd9c06619a3c19b04cad27b1ba9509c0.txt,train,1,Drain Inlet,0.6172463942307692,0.4832331730769231,0.4785456730769231,0.41926923076923084
/kaggle/working/denguewatch_yolov8s_workspace/raw_data/roboflow_mosquito-breeding-expanded_v3_yolov8/train/images/81_jpg.rf.aaae1e5085c95e9a584a113d2e6acd55.jpg,/kaggle/working/denguewatch_yolov8s_workspace/raw_data/roboflow_mosquito-breeding-expanded_v3_yolov8/train/labels/81_jpg.rf.aaae1e5085c95e9a584a113d2e6acd55.txt,train,1,Drain Inlet,0.5037115384615385,0.6268377403846155,0.5331634615384615,0.18874278846153858
/kaggle/working/denguewatch_yolov8s_workspace/raw_data/roboflow_mosquito-breeding-expanded_v3_yolov8/train/images/9_jpg.rf.922430b66c87c9808681c62d1c13fcba.jpg,/kaggle/working/denguewatch_yolov8s_workspace/raw_data/roboflow_mosquito-breeding-expanded_v3_yolov8/train/labels/9_jpg.rf.922430b66c87c9808681c62d1c13fcba.txt,train,1,Drain Inlet,0.4695673076923077,0.5543185096153846,0.2958173076923077,0.3351995192307692
/kaggle/working/denguewatch_yolov8s_workspace/raw_data/roboflow_mosquito-breeding-expanded_v3_yolov8/train/images/images_jpeg_jpg.rf.6f58905e48e4be38e81955fef38a30ff.jpg,/kaggle/working/denguewatch_yolov8s_workspace/raw_data/roboflow_mosquito-breeding-expanded_v3_yolov8/train/labels/images_jpeg_jpg.rf.6f58905e48e4be38e81955fef38a30ff.txt,train,2,Tire,0.644503125,0.58294765625,0.35242812500000004,0.32436406249999994
/kaggle/working/denguewatch_yolov8s_workspace/raw_data/roboflow_mosquito-breeding-expanded_v3_yolov8/train/images/new_13_png_jpg.rf.7a6c119b6365c957c8e3dda633e70cc5.jpg,/kaggle/working/denguewatch_yolov8s_workspace/raw_data/roboflow_mosquito-breeding-expanded_v3_yolov8/train/labels/new_13_png_jpg.rf.7a6c119b6365c957c8e3dda633e70cc5.txt,train,2,Tire,0.703025,0.6152367187500001,0.34537812499999987,0.4674921875000001
/kaggle/working/denguewatch_yolov8s_workspace/raw_data/roboflow_mosquito-breeding-expanded_v3_yolov8/train/images/new_13_png_jpg.rf.7a6c119b6365c957c8e3dda633e70cc5.jpg,/kaggle/working/denguewatch_yolov8s_workspace/raw_data/roboflow_mosquito-breeding-expanded_v3_yolov8/train/labels/new_13_png_jpg.rf.7a6c119b6365c957c8e3dda633e70cc5.txt,train,2,Tire,0.3765546875,0.8108359374999999,0.371428125,0.30804999999999993
/kaggle/working/denguewatch_yolov8s_workspace/raw_data/roboflow_mosquito-breeding-expanded_v3_yolov8/train/images/new_13_png_jpg.rf.7a6c119b6365c957c8e3dda633e70cc5.jpg,/kaggle/working/denguewatch_yolov8s_workspace/raw_data/roboflow_mosquito-breeding-expanded_v3_yolov8/train/labels/new_13_png_jpg.rf.7a6c119b6365c957c8e3dda633e70cc5.txt,train,2,Tire,0.23873906250000002,0.5515484375,0.38319375000000006,0.48606875000000005
/kaggle/working/denguewatch_yolov8s_workspace/raw_data/roboflow_mosquito-breeding-expanded_v3_yolov8/train/images/new_13_png_jpg.rf.b81495c41a6640f5b80c754e50fcab74.jpg,/kaggle/working/denguewatch_yolov8s_workspace/raw_data/roboflow_mosquito-breeding-expanded_v3_yolov8/train/labels/new_13_png_jpg.rf.b81495c41a6640f5b80c754e50fcab74.txt,train,2,Tire,0.70596796875,0.61953515625,0.3503828124999999,0.47499218750000005
/kaggle/working/denguewatch_yolov8s_workspace/raw_data/roboflow_mosquito-breeding-expanded_v3_yolov8/train/images/new_13_png_jpg.rf.b81495c41a6640f5b80c754e50fcab74.jpg,/kaggle/working/denguewatch_yolov8s_workspace/raw_data/roboflow_mosquito-breeding-expanded_v3_yolov8/train/labels/new_13_png_jpg.rf.b81495c41a6640f5b80c754e50fcab74.txt,train,2,Tire,0.374765625,0.8184960937500001,0.3768125,0.3129921875
/kaggle/working/denguewatch_yolov8s_workspace/raw_data/roboflow_mosquito-breeding-expanded_v3_yolov8/train/images/new_13_png_jpg.rf.b81495c41a6640f5b80c754e50fcab74.jpg,/kaggle/working/denguewatch_yolov8s_workspace/raw_data/roboflow_mosquito-breeding-expanded_v3_yolov8/train/labels/new_13_png_jpg.rf.b81495c41a6640f5b80c754e50fcab74.txt,train,2,Tire,0.234953125,0.5550484375,0.388746875,0.4938656250000001
/kaggle/working/denguewatch_yolov8s_workspace/raw_data/roboflow_mosquito-breeding-expanded_v3_yolov8/train/images/new_14_png_jpg.rf.01d11030c5ce6ba79ea0d87c9635959d.jpg,/kaggle/working/denguewatch_yolov8s_workspace/raw_data/roboflow_mosquito-breeding-expanded_v3_yolov8/train/labels/new_14_png_jpg.rf.01d11030c5ce6ba79ea0d87c9635959d.txt,train,2,Tire,0.46528125,0.42009140625,0.604746875,0.6816703125
/kaggle/working/denguewatch_yolov8s_workspace/raw_data/roboflow_mosquito-breeding-expanded_v3_yolov8/train/images/new_14_png_jpg.rf.2b1648c4ccdba4f46ee29394105ab30f.jpg,/kaggle/working/denguewatch_yolov8s_workspace/raw_data/roboflow_mosquito-breeding-expanded_v3_yolov8/train/labels/new_14_png_jpg.rf.2b1648c4ccdba4f46ee29394105ab30f.txt,train,2,Tire,0.5400171874999999,0.57939921875,0.5701375,0.6407109375
/kaggle/working/denguewatch_yolov8s_workspace/raw_data/roboflow_mosquito-breeding-expanded_v3_yolov8/train/images/new_14_png_jpg.rf.8c86742b881bab2224128d39ea3d6b1c.jpg,/kaggle/working/denguewatch_yolov8s_workspace/raw_data/roboflow_mosquito-breeding-expanded_v3_yolov8/train/labels/new_14_png_jpg.rf.8c86742b881bab2224128d39ea3d6b1c.txt,train,2,Tire,0.6013828125,0.4524015625,0.6879531249999999,0.612575
/kaggle/working/denguewatch_yolov8s_workspace/raw_data/roboflow_mosquito-breeding-expanded_v3_yolov8/train/images/new_15_png_jpg.rf.ce8e9f679866b1ecb3d6c8d4c39878b3.jpg,/kaggle/working/denguewatch_yolov8s_workspace/raw_data/roboflow_mosquito-breeding-expanded_v3_yolov8/train/labels/new_15_png_jpg.rf.ce8e9f679866b1ecb3d6c8d4c39878b3.txt,train,0,Artificial Container,0.48569453124999995,0.424396875,0.23765468750000002,0.74056875
/kaggle/working/denguewatch_yolov8s_workspace/raw_data/roboflow_mosquito-breeding-expanded_v3_yolov8/train/images/new_15_png_jpg.rf.d6113402e41620c202e5cd5a95c74d69.jpg,/kaggle/working/denguewatch_yolov8s_workspace/raw_data/roboflow_mosquito-breeding-expanded_v3_yolov8/train/labels/new_15_png_jpg.rf.d6113402e41620c202e5cd5a95c74d69.txt,train,0,Artificial Container,0.506975,0.56437578125,0.247715625,0.7720828125000001
/kaggle/working/denguewatch_yolov8s_workspace/raw_data/roboflow_mosquito-breeding-expanded_v3_yolov8/train/images/new_15_png_jpg.rf.e79081124c25930d330278723be69b68.jpg,/kaggle/working/denguewatch_yolov8s_workspace/raw_data/roboflow_mosquito-breeding-expanded_v3_yolov8/train/labels/new_15_png_jpg.rf.e79081124c25930d330278723be69b68.txt,train,0,Artificial Container,0.551925,0.48814218750000005,0.7946249999999999,0.254446875
/kaggle/working/denguewatch_yolov8s_workspace/raw_data/roboflow_mosquito-breeding-expanded_v3_yolov8/train/images/new_17_png_jpg.rf.1f8b968d647113cc697207ae06114e97.jpg,/kaggle/working/denguewatch_yolov8s_workspace/raw_data/roboflow_mosquito-breeding-expanded_v3_yolov8/train/labels/new_17_png_jpg.rf.1f8b968d647113cc697207ae06114e97.txt,train,0,Artificial Container,0.61169765625,0.335565625,0.6872359375000001,0.67113125
/kaggle/working/denguewatch_yolov8s_workspace/raw_data/roboflow_mosquito-breeding-expanded_v3_yolov8/train/images/new_17_png_jpg.rf.1f8b968d647113cc697207ae06114e97.jpg,/kaggle/working/denguewatch_yolov8s_workspace/raw_data/roboflow_mosquito-breeding-expanded_v3_yolov8/train/labels/new_17_png_jpg.rf.1f8b968d647113cc697207ae06114e97.txt,train,0,Artificial Container,0.1674375,0.37425625,0.330765625,0.3139875
/kaggle/working/denguewatch_yolov8s_workspace/raw_data/roboflow_mosquito-breeding-expanded_v3_yolov8/train/images/new_17_png_jpg.rf.1f8b968d647113cc697207ae06114e97.jpg,/kaggle/working/denguewatch_yolov8s_workspace/raw_data/roboflow_mosquito-breeding-expanded_v3_yolov8/train/labels/new_17_png_jpg.rf.1f8b968d647113cc697207ae06114e97.txt,train,0,Artificial Container,0.31484296875,0.7083335937499999,0.4201328125,0.49404843749999994
/kaggle/working/denguewatch_yolov8s_workspace/raw_data/roboflow_mosquito-breeding-expanded_v3_yolov8/train/images/new_17_png_jpg.rf.8526ac2e066352645310c426a223f5a2.jpg,/kaggle/working/denguewatch_yolov8s_workspace/raw_data/roboflow_mosquito-breeding-expanded_v3_yolov8/train/labels/new_17_png_jpg.rf.8526ac2e066352645310c426a223f5a2.txt,train,0,Artificial Container,0.363346875,0.36191640625,0.72669375,0.7238328125
/kaggle/working/denguewatch_yolov8s_workspace/raw_data/roboflow_mosquito-breeding-expanded_v3_yolov8/train/images/new_17_png_jpg.rf.8526ac2e066352645310c426a223f5a2.jpg,/kaggle/working/denguewatch_yolov8s_workspace/raw_data/roboflow_mosquito-breeding-expanded_v3_yolov8/train/labels/new_17_png_jpg.rf.8526ac2e066352645310c426a223f5a2.txt,train,0,Artificial Container,0.82755234375,0.4025765625,0.3417703125,0.33977500000000005
/kaggle/working/denguewatch_yolov8s_workspace/raw_data/roboflow_mosquito-breeding-expanded_v3_yolov8/train/images/new_17_png_jpg.rf.8526ac2e066352645310c426a223f5a2.jpg,/kaggle/working/denguewatch_yolov8s_workspace/raw_data/roboflow_mosquito-breeding-expanded_v3_yolov8/train/labels/new_17_png_jpg.rf.8526ac2e066352645310c426a223f5a2.txt,train,0,Artificial Container,0.6761109375000001,0.74760859375,0.4544437500000001,0.5016578125
/kaggle/working/denguewatch_yolov8s_workspace/raw_data/roboflow_mosquito-breeding-expanded_v3_yolov8/train/images/new_17_png_jpg.rf.d8e7014fada7c38b7bf768c7c627159c.jpg,/kaggle/working/denguewatch_yolov8s_workspace/raw_data/roboflow_mosquito-breeding-expanded_v3_yolov8/train/labels/new_17_png_jpg.rf.d8e7014fada7c38b7bf768c7c627159c.txt,train,0,Artificial Container,0.33534609375,0.603571875,0.6706921875,0.7433593749999998
/kaggle/working/denguewatch_yolov8s_workspace/raw_data/roboflow_mosquito-breeding-expanded_v3_yolov8/train/images/new_17_png_jpg.rf.d8e7014fada7c38b7bf768c7c627159c.jpg,/kaggle/working/denguewatch_yolov8s_workspace/raw_data/roboflow_mosquito-breeding-expanded_v3_yolov8/train/labels/new_17_png_jpg.rf.d8e7014fada7c38b7bf768c7c627159c.txt,train,0,Artificial Container,0.3494359375,0.15083359375,0.339775,0.3016671875
/kaggle/working/denguewatch_yolov8s_workspace/raw_data/roboflow_mosquito-breeding-expanded_v3_yolov8/train/images/new_17_png_jpg.rf.d8e7014fada7c38b7bf768c7c627159c.jpg,/kaggle/working/denguewatch_yolov8s_workspace/raw_data/roboflow_mosquito-breeding-expanded_v3_yolov8/train/labels/new_17_png_jpg.rf.d8e7014fada7c38b7bf768c7c627159c.txt,train,0,Artificial Container,0.71095,0.282221875,0.534621875,0.45444375
/kaggle/working/denguewatch_yolov8s_workspace/raw_data/roboflow_mosquito-breeding-expanded_v3_yolov8/train/images/new_1_png_jpg.rf.6062ba316c0dca409fbb34cd4dadbfa0.jpg,/kaggle/working/denguewatch_yolov8s_workspace/raw_data/roboflow_mosquito-breeding-expanded_v3_yolov8/train/labels/new_1_png_jpg.rf.6062ba316c0dca409fbb34cd4dadbfa0.txt,train,0,Artificial Container,0.6871328125,0.57655078125,0.3497937499999999,0.5200296875000001
/kaggle/working/denguewatch_yolov8s_workspace/raw_data/roboflow_mosquito-breeding-expanded_v3_yolov8/train/images/new_1_png_jpg.rf.9c0e0aea9dee38c99cf3e9b4f4615cfe.jpg,/kaggle/working/denguewatch_yolov8s_workspace/raw_data/roboflow_mosquito-breeding-expanded_v3_yolov8/train/labels/new_1_png_jpg.rf.9c0e0aea9dee38c99cf3e9b4f4615cfe.txt,train,0,Artificial Container,0.58379609375,0.3081953125,0.5308640625000001,0.35885625000000004
/kaggle/working/denguewatch_yolov8s_workspace/raw_data/roboflow_mosquito-breeding-expanded_v3_yolov8/train/images/new_1_png_jpg.rf.daad144193bcb0b592c8703608ba0aa2.jpg,/kaggle/working/denguewatch_yolov8s_workspace/raw_data/roboflow_mosquito-breeding-expanded_v3_yolov8/train/labels/new_1_png_jpg.rf.daad144193bcb0b592c8703608ba0aa2.txt,train,0,Artificial Container,0.7095828125000001,0.401234375,0.36645000000000005,0.5444749999999999
/kaggle/working/denguewatch_yolov8s_workspace/raw_data/roboflow_mosquito-breeding-expanded_v3_yolov8/train/images/new_20230729_125857_jpg.rf.0c8ef727683837bef3253fe52ca6cf59.jpg,/kaggle/working/denguewatch_yolov8s_workspace/raw_data/roboflow_mosquito-breeding-expanded_v3_yolov8/train/labels/new_20230729_125857_jpg.rf.0c8ef727683837bef3253fe52ca6cf59.txt,train,0,Artificial Container,0.24162578125,0.23621171875000002,0.4832515625,0.2960484375
/kaggle/working/denguewatch_yolov8s_workspace/raw_data/roboflow_mosquito-breeding-expanded_v3_yolov8/train/images/new_20230729_125857_jpg.rf.a19ded8a463e52c5bf8a5d26310c411b.jpg,/kaggle/working/denguewatch_yolov8s_workspace/raw_data/roboflow_mosquito-breeding-expanded_v3_yolov8/train/labels/new_20230729_125857_jpg.rf.a19ded8a463e52c5bf8a5d26310c411b.txt,train,0,Artificial Container,0.2180140625,0.23306015625,0.29084374999999996,0.4661203125
/kaggle/working/denguewatch_yolov8s_workspace/raw_data/roboflow_mosquito-breeding-expanded_v3_yolov8/train/images/new_20230729_125923_jpg.rf.786666b260ec019dc91f305d312aed4e.jpg,/kaggle/working/denguewatch_yolov8s_workspace/raw_data/roboflow_mosquito-breeding-expanded_v3_yolov8/train/labels/new_20230729_125923_jpg.rf.786666b260ec019dc91f305d312aed4e.txt,train,0,Artificial Container,0.8408851562499999,0.5572828125,0.3151046875,0.670515625
/kaggle/working/denguewatch_yolov8s_workspace/raw_data/roboflow_mosquito-breeding-expanded_v3_yolov8/train/images/new_20230729_125923_jpg.rf.c5a5e6963eaaa90d48392cec06f40c5c.jpg,/kaggle/working/denguewatch_yolov8s_workspace/raw_data/roboflow_mosquito-breeding-expanded_v3_yolov8/train/labels/new_20230729_125923_jpg.rf.c5a5e6963eaaa90d48392cec06f40c5c.txt,train,0,Artificial Container,0.84402265625,0.44373984375,0.30882968749999995,0.6990734375000001
/kaggle/working/denguewatch_yolov8s_workspace/raw_data/roboflow_mosquito-breeding-expanded_v3_yolov8/train/images/new_20230729_125924_jpg.rf.6294dd1979caf6c5e76e53a0d1e76e7b.jpg,/kaggle/working/denguewatch_yolov8s_workspace/raw_data/roboflow_mosquito-breeding-expanded_v3_yolov8/train/labels/new_20230729_125924_jpg.rf.6294dd1979caf6c5e76e53a0d1e76e7b.txt,train,0,Artificial Container,0.84588515625,0.6331734375,0.30510468749999997,0.730528125
/kaggle/working/denguewatch_yolov8s_workspace/raw_data/roboflow_mosquito-breeding-expanded_v3_yolov8/train/images/new_20230729_125924_jpg.rf.b05270b5062c391766e419c29ee46a18.jpg,/kaggle/working/denguewatch_yolov8s_workspace/raw_data/roboflow_mosquito-breeding-expanded_v3_yolov8/train/labels/new_20230729_125924_jpg.rf.b05270b5062c391766e419c29ee46a18.txt,train,0,Artificial Container,0.3675171875,0.15160390624999998,0.735034375,0.3018640625
/kaggle/working/denguewatch_yolov8s_workspace/raw_data/roboflow_mosquito-breeding-expanded_v3_yolov8/train/images/new_20230729_125924_jpg.rf.e857cce1073548fce6970c930c756b25.jpg,/kaggle/working/denguewatch_yolov8s_workspace/raw_data/roboflow_mosquito-breeding-expanded_v3_yolov8/train/labels/new_20230729_125924_jpg.rf.e857cce1073548fce6970c930c756b25.txt,train,0,Artificial Container,0.13887421875,0.3859859375,0.2777484375,0.771971875
/kaggle/working/denguewatch_yolov8s_workspace/raw_data/roboflow_mosquito-breeding-expanded_v3_yolov8/train/images/new_20230729_125954_jpg.rf.d0770569519f0773709c6484688cd1f4.jpg,/kaggle/working/denguewatch_yolov8s_workspace/raw_data/roboflow_mosquito-breeding-expanded_v3_yolov8/train/labels/new_20230729_125954_jpg.rf.d0770569519f0773709c6484688cd1f4.txt,train,0,Artificial Container,0.9588390625,0.6542265625,0.07919687500000006,0.685534375
/kaggle/working/denguewatch_yolov8s_workspace/raw_data/roboflow_mosquito-breeding-expanded_v3_yolov8/train/images/new_20230729_130953_jpg.rf.2cee5f61b7acf388bd15d40d9d15ce05.jpg,/kaggle/working/denguewatch_yolov8s_workspace/raw_data/roboflow_mosquito-breeding-expanded_v3_yolov8/train/labels/new_20230729_130953_jpg.rf.2cee5f61b7acf388bd15d40d9d15ce05.txt,train,0,Artificial Container,0.73430546875,0.83016640625,0.42638906249999997,0.3365421875
/kaggle/working/denguewatch_yolov8s_workspace/raw_data/roboflow_mosquito-breeding-expanded_v3_yolov8/train/images/new_20230729_130953_jpg.rf.39c84b6658171c6bd38aa8f7fb20ba7c.jpg,/kaggle/working/denguewatch_yolov8s_workspace/raw_data/roboflow_mosquito-breeding-expanded_v3_yolov8/train/labels/new_20230729_130953_jpg.rf.39c84b6658171c6bd38aa8f7fb20ba7c.txt,train,0,Artificial Container,0.30878515625,0.82005234375,0.40015781250000004,0.3567703125
/kaggle/working/denguewatch_yolov8s_workspace/raw_data/roboflow_mosquito-breeding-expanded_v3_yolov8/train/images/new_20230729_130953_jpg.rf.c3e78700299501cf7d36935c793db7dd.jpg,/kaggle/working/denguewatch_yolov8s_workspace/raw_data/roboflow_mosquito-breeding-expanded_v3_yolov8/train/labels/new_20230729_130953_jpg.rf.c3e78700299501cf7d36935c793db7dd.txt,train,0,Artificial Container,0.81782421875,0.676875,0.36122656249999996,0.38375000000000004
/kaggle/working/denguewatch_yolov8s_workspace/raw_data/roboflow_mosquito-breeding-expanded_v3_yolov8/train/images/new_20230730_174058_jpg.rf.05bdb1fc2c04deac63fb31b98d606427.jpg,/kaggle/working/denguewatch_yolov8s_workspace/raw_data/roboflow_mosquito-breeding-expanded_v3_yolov8/train/labels/new_20230730_174058_jpg.rf.05bdb1fc2c04deac63fb31b98d606427.txt,train,0,Artificial Container,0.50057109375,0.5004093749999999,0.9957328125,0.9984374999999999
/kaggle/working/denguewatch_yolov8s_workspace/raw_data/roboflow_mosquito-breeding-expanded_v3_yolov8/train/images/new_20230730_174058_jpg.rf.40bf86ed6aa1ac09639dab2994c04bf5.jpg,/kaggle/working/denguewatch_yolov8s_workspace/raw_data/roboflow_mosquito-breeding-expanded_v3_yolov8/train/labels/new_20230730_174058_jpg.rf.40bf86ed6aa1ac09639dab2994c04bf5.txt,train,0,Artificial Container,0.49921875,0.5165078125,0.9984375,0.963859375
/kaggle/working/denguewatch_yolov8s_workspace/raw_data/roboflow_mosquito-breeding-expanded_v3_yolov8/train/images/new_20230730_174058_jpg.rf.6a671c327db5d9df87b41bc5f2baf26d.jpg,/kaggle/working/denguewatch_yolov8s_workspace/raw_data/roboflow_mosquito-breeding-expanded_v3_yolov8/train/labels/new_20230730_174058_jpg.rf.6a671c327db5d9df87b41bc5f2baf26d.txt,train,0,Artificial Container,0.49921875,0.52129375,0.9984375,0.9533125
/kaggle/working/denguewatch_yolov8s_workspace/raw_data/roboflow_mosquito-breeding-expanded_v3_yolov8/train/images/new_20230730_174348_jpg.rf.1e87b943ac543307f25ebb3a65308f4b.jpg,/kaggle/working/denguewatch_yolov8s_workspace/raw_data/roboflow_mosquito-breeding-expanded_v3_yolov8/train/labels/new_20230730_174348_jpg.rf.1e87b943ac543307f25ebb3a65308f4b.txt,train,0,Artificial Container,0.43694765625,0.5453921875000001,0.8738953125,0.5784093750000001
/kaggle/working/denguewatch_yolov8s_workspace/raw_data/roboflow_mosquito-breeding-expanded_v3_yolov8/train/images/new_20230730_174348_jpg.rf.41d42d228abc762bebc63a59425aa0a0.jpg,/kaggle/working/denguewatch_yolov8s_workspace/raw_data/roboflow_mosquito-breeding-expanded_v3_yolov8/train/labels/new_20230730_174348_jpg.rf.41d42d228abc762bebc63a59425aa0a0.txt,train,0,Artificial Container,0.5206484375,0.4496265625,0.792628125,0.5237499999999999
/kaggle/working/denguewatch_yolov8s_workspace/raw_data/roboflow_mosquito-breeding-expanded_v3_yolov8/train/images/new_20230730_174351_jpg.rf.288472578bc051b94aa0b7ae2bbd77c2.jpg,/kaggle/working/denguewatch_yolov8s_workspace/raw_data/roboflow_mosquito-breeding-expanded_v3_yolov8/train/labels/new_20230730_174351_jpg.rf.288472578bc051b94aa0b7ae2bbd77c2.txt,train,0,Artificial Container,0.522609375,0.43087656249999995,0.7881875,0.52125
/kaggle/working/denguewatch_yolov8s_workspace/raw_data/roboflow_mosquito-breeding-expanded_v3_yolov8/train/images/new_20230730_174351_jpg.rf.b914bd3a9876ec4adba4d5f1d42dcac1.jpg,/kaggle/working/denguewatch_yolov8s_workspace/raw_data/roboflow_mosquito-breeding-expanded_v3_yolov8/train/labels/new_20230730_174351_jpg.rf.b914bd3a9876ec4adba4d5f1d42dcac1.txt,train,0,Artificial Container,0.47611640624999996,0.43074453125,0.7924109374999999,0.5241328125
/kaggle/working/denguewatch_yolov8s_workspace/raw_data/roboflow_mosquito-breeding-expanded_v3_yolov8/train/images/new_20230730_174351_jpg.rf.f810a79b835e03c0c97313ba1b5347f9.jpg,/kaggle/working/denguewatch_yolov8s_workspace/raw_data/roboflow_mosquito-breeding-expanded_v3_yolov8/train/labels/new_20230730_174351_jpg.rf.f810a79b835e03c0c97313ba1b5347f9.txt,train,0,Artificial Container,0.52433046875,0.42848203125000006,0.7924109375000001,0.5241328125
/kaggle/working/denguewatch_yolov8s_workspace/raw_data/roboflow_mosquito-breeding-expanded_v3_yolov8/train/images/new_20230730_174355_jpg.rf.9c181d7cac71f157849721b61d6b6540.jpg,/kaggle/working/denguewatch_yolov8s_workspace/raw_data/roboflow_mosquito-breeding-expanded_v3_yolov8/train/labels/new_20230730_174355_jpg.rf.9c181d7cac71f157849721b61d6b6540.txt,train,0,Artificial Container,0.48087578125,0.5605554687500001,0.7442390625,0.4914421875000001
/kaggle/working/denguewatch_yolov8s_workspace/raw_data/roboflow_mosquito-breeding-expanded_v3_yolov8/train/images/new_20230730_174355_jpg.rf.ae3b7f082c2b9128b80d832725f78381.jpg,/kaggle/working/denguewatch_yolov8s_workspace/raw_data/roboflow_mosquito-breeding-expanded_v3_yolov8/train/labels/new_20230730_174355_jpg.rf.ae3b7f082c2b9128b80d832725f78381.txt,train,0,Artificial Container,0.4937453125,0.431875,0.7171406249999999,0.47374999999999995
/kaggle/working/denguewatch_yolov8s_workspace/raw_data/roboflow_mosquito-breeding-expanded_v3_yolov8/train/images/new_20230730_174355_jpg.rf.befac2cd00a2a4e0b50112433d683779.jpg,/kaggle/working/denguewatch_yolov8s_workspace/raw_data/roboflow_mosquito-breeding-expanded_v3_yolov8/train/labels/new_20230730_174355_jpg.rf.befac2cd00a2a4e0b50112433d683779.txt,train,0,Artificial Container,0.4439140625,0.48327187499999996,0.4886531249999999,0.7401468749999999
/kaggle/working/denguewatch_yolov8s_workspace/raw_data/roboflow_mosquito-breeding-expanded_v3_yolov8/train/images/new_20230731_120213-1-_jpg.rf.84f50bb42ce1c590c9c8af984b385816.jpg,/kaggle/working/denguewatch_yolov8s_workspace/raw_data/roboflow_mosquito-breeding-expanded_v3_yolov8/train/labels/new_20230731_120213-1-_jpg.rf.84f50bb42ce1c590c9c8af984b385816.txt,train,1,Drain Inlet,0.522084375,0.59812421875,0.50125,0.5433328125000001
/kaggle/working/denguewatch_yolov8s_workspace/raw_data/roboflow_mosquito-breeding-expanded_v3_yolov8/train/images/new_20230731_120213-1-_jpg.rf.8c240d3922ee4afc2c210719394a3601.jpg,/kaggle/working/denguewatch_yolov8s_workspace/raw_data/roboflow_mosquito-breeding-expanded_v3_yolov8/train/labels/new_20230731_120213-1-_jpg.rf.8c240d3922ee4afc2c210719394a3601.txt,train,1,Drain Inlet,0.50325859375,0.41521406250000004,0.5315484374999999,0.575971875
/kaggle/working/denguewatch_yolov8s_workspace/raw_data/roboflow_mosquito-breeding-expanded_v3_yolov8/train/images/new_20230731_120213-1-_jpg.rf.f4cd801ef04aec888d0f0e008e311570.jpg,/kaggle/working/denguewatch_yolov8s_workspace/raw_data/roboflow_mosquito-breeding-expanded_v3_yolov8/train/labels/new_20230731_120213-1-_jpg.rf.f4cd801ef04aec888d0f0e008e311570.txt,train,1,Drain Inlet,0.47727109375,0.43785234375000004,0.5502203125,0.5966328125
/kaggle/working/denguewatch_yolov8s_workspace/raw_data/roboflow_mosquito-breeding-expanded_v3_yolov8/train/images/new_29_png_jpg.rf.00a82c719fafc4816477dfa23d19a361.jpg,/kaggle/working/denguewatch_yolov8s_workspace/raw_data/roboflow_mosquito-breeding-expanded_v3_yolov8/train/labels/new_29_png_jpg.rf.00a82c719fafc4816477dfa23d19a361.txt,train,0,Artificial Container,0.54680546875,0.58627265625,0.8185453125,0.8243296874999999
/kaggle/working/denguewatch_yolov8s_workspace/raw_data/roboflow_mosquito-breeding-expanded_v3_yolov8/train/images/new_33_png_jpg.rf.15436f30b901e15fc766acd3b9efa38a.jpg,/kaggle/working/denguewatch_yolov8s_workspace/raw_data/roboflow_mosquito-breeding-expanded_v3_yolov8/train/labels/new_33_png_jpg.rf.15436f30b901e15fc766acd3b9efa38a.txt,train,0,Artificial Container,0.33316796875,0.4697828125,0.6663359375,0.78078125
/kaggle/working/denguewatch_yolov8s_workspace/raw_data/roboflow_mosquito-breeding-expanded_v3_yolov8/train/images/new_33_png_jpg.rf.33548c78a74516eaa1a38b4b71d22f46.jpg,/kaggle/working/denguewatch_yolov8s_workspace/raw_data/roboflow_mosquito-breeding-expanded_v3_yolov8/train/labels/new_33_png_jpg.rf.33548c78a74516eaa1a38b4b71d22f46.txt,train,0,Artificial Container,0.5436078125,0.67535234375,0.7100187499999999,0.6439046875000001
/kaggle/working/denguewatch_yolov8s_workspace/raw_data/roboflow_mosquito-breeding-expanded_v3_yolov8/train/images/new_33_png_jpg.rf.8ed002e6817ad5e52d8c94c469071f12.jpg,/kaggle/working/denguewatch_yolov8s_workspace/raw_data/roboflow_mosquito-breeding-expanded_v3_yolov8/train/labels/new_33_png_jpg.rf.8ed002e6817ad5e52d8c94c469071f12.txt,train,0,Artificial Container,0.67366328125,0.5306632812500001,0.6495484375,0.7503609375
/kaggle/working/denguewatch_yolov8s_workspace/raw_data/roboflow_mosquito-breeding-expanded_v3_yolov8/train/images/new_36_png_jpg.rf.931820c981526f2f02d250fdbaff113e.jpg,/kaggle/working/denguewatch_yolov8s_workspace/raw_data/roboflow_mosquito-breeding-expanded_v3_yolov8/train/labels/new_36_png_jpg.rf.931820c981526f2f02d250fdbaff113e.txt,train,0,Artificial Container,0.67100234375,0.44183593749999994,0.6548703124999999,0.8836718749999999
/kaggle/working/denguewatch_yolov8s_workspace/raw_data/roboflow_mosquito-breeding-expanded_v3_yolov8/train/images/new_36_png_jpg.rf.fd926e8d515418ef17632947866c484a.jpg,/kaggle/working/denguewatch_yolov8s_workspace/raw_data/roboflow_mosquito-breeding-expanded_v3_yolov8/train/labels/new_36_png_jpg.rf.fd926e8d515418ef17632947866c484a.txt,train,0,Artificial Container,0.34453125,0.52935234375,0.6890625,0.9381703124999999
/kaggle/working/denguewatch_yolov8s_workspace/raw_data/roboflow_mosquito-breeding-expanded_v3_yolov8/train/images/new_37_png_jpg.rf.720743f79c977f7a9f8566b02c5ea167.jpg,/kaggle/working/denguewatch_yolov8s_workspace/raw_data/roboflow_mosquito-breeding-expanded_v3_yolov8/train/labels/new_37_png_jpg.rf.720743f79c977f7a9f8566b02c5ea167.txt,train,0,Artificial Container,0.4916828125,0.44668046875000006,0.983365625,0.8928578125000001
/kaggle/working/denguewatch_yolov8s_workspace/raw_data/roboflow_mosquito-breeding-expanded_v3_yolov8/train/images/new_37_png_jpg.rf.e2da1cd086a96b8ee7713b4ee28cf21f.jpg,/kaggle/working/denguewatch_yolov8s_workspace/raw_data/roboflow_mosquito-breeding-expanded_v3_yolov8/train/labels/new_37_png_jpg.rf.e2da1cd086a96b8ee7713b4ee28cf21f.txt,train,0,Artificial Container,0.551053125,0.52003125,0.89476875,0.9573156249999999
/kaggle/working/denguewatch_yolov8s_workspace/raw_data/roboflow_mosquito-breeding-expanded_v3_yolov8/train/images/new_37_png_jpg.rf.f8f8a8eac12a410c88ef11913adbfd21.jpg,/kaggle/working/denguewatch_yolov8s_workspace/raw_data/roboflow_mosquito-breeding-expanded_v3_yolov8/train/labels/new_37_png_jpg.rf.f8f8a8eac12a410c88ef11913adbfd21.txt,train,0,Artificial Container,0.44838671874999997,0.51676796875,0.8967734374999999,0.9633390625
/kaggle/working/denguewatch_yolov8s_workspace/raw_data/roboflow_mosquito-breeding-expanded_v3_yolov8/train/images/new_38_png_jpg.rf.15a1d815e5334dc2160f6c232df36e63.jpg,/kaggle/working/denguewatch_yolov8s_workspace/raw_data/roboflow_mosquito-breeding-expanded_v3_yolov8/train/labels/new_38_png_jpg.rf.15a1d815e5334dc2160f6c232df36e63.txt,train,1,Drain Inlet,0.7039695312500001,0.422846875,0.5889359375,0.6948
/kaggle/working/denguewatch_yolov8s_workspace/raw_data/roboflow_mosquito-breeding-expanded_v3_yolov8/train/images/new_38_png_jpg.rf.5b9a3544f3277da3d13127fa71eb40e6.jpg,/kaggle/working/denguewatch_yolov8s_workspace/raw_data/roboflow_mosquito-breeding-expanded_v3_yolov8/train/labels/new_38_png_jpg.rf.5b9a3544f3277da3d13127fa71eb40e6.txt,train,1,Drain Inlet,0.71431875,0.47292421875000007,0.5677187499999998,0.7050171875000001
/kaggle/working/denguewatch_yolov8s_workspace/raw_data/roboflow_mosquito-breeding-expanded_v3_yolov8/train/images/new_38_png_jpg.rf.d100e800abe6a69e1bbeda706b7f9cd2.jpg,/kaggle/working/denguewatch_yolov8s_workspace/raw_data/roboflow_mosquito-breeding-expanded_v3_yolov8/train/labels/new_38_png_jpg.rf.d100e800abe6a69e1bbeda706b7f9cd2.txt,train,1,Drain Inlet,0.54707890625,0.71621171875,0.6544859375000001,0.5656421875
/kaggle/working/denguewatch_yolov8s_workspace/raw_data/roboflow_mosquito-breeding-expanded_v3_yolov8/train/images/new_39_png_jpg.rf.3b187f61ed344a2311d00faa1fca024d.jpg,/kaggle/working/denguewatch_yolov8s_workspace/raw_data/roboflow_mosquito-breeding-expanded_v3_yolov8/train/labels/new_39_png_jpg.rf.3b187f61ed344a2311d00faa1fca024d.txt,train,1,Drain Inlet,0.4626375,0.561928125,0.8065937499999999,0.87301875
/kaggle/working/denguewatch_yolov8s_workspace/raw_data/roboflow_mosquito-breeding-expanded_v3_yolov8/train/images/new_39_png_jpg.rf.43b3fc5901a9e48988d6aaa494d36572.jpg,/kaggle/working/denguewatch_yolov8s_workspace/raw_data/roboflow_mosquito-breeding-expanded_v3_yolov8/train/labels/new_39_png_jpg.rf.43b3fc5901a9e48988d6aaa494d36572.txt,train,1,Drain Inlet,0.5303710937499999,0.42410703125,0.7426140625,0.8482140625
/kaggle/working/denguewatch_yolov8s_workspace/raw_data/roboflow_mosquito-breeding-expanded_v3_yolov8/train/images/new_40_png_jpg.rf.051f16e65be980c9d88036620d4e22fc.jpg,/kaggle/working/denguewatch_yolov8s_workspace/raw_data/roboflow_mosquito-breeding-expanded_v3_yolov8/train/labels/new_40_png_jpg.rf.051f16e65be980c9d88036620d4e22fc.txt,train,1,Drain Inlet,0.4601609375,0.73272421875,0.920321875,0.4776421875
/kaggle/working/denguewatch_yolov8s_workspace/raw_data/roboflow_mosquito-breeding-expanded_v3_yolov8/train/images/new_40_png_jpg.rf.1d4fee3d811ac54684520a70b548c45b.jpg,/kaggle/working/denguewatch_yolov8s_workspace/raw_data/roboflow_mosquito-breeding-expanded_v3_yolov8/train/labels/new_40_png_jpg.rf.1d4fee3d811ac54684520a70b548c45b.txt,train,1,Drain Inlet,0.4496046875,0.67850625,0.846509375,0.42805000000000004
/kaggle/working/denguewatch_yolov8s_workspace/raw_data/roboflow_mosquito-breeding-expanded_v3_yolov8/train/images/new_40_png_jpg.rf.6eeacbe4c2decdac84a9cd324759ddec.jpg,/kaggle/working/denguewatch_yolov8s_workspace/raw_data/roboflow_mosquito-breeding-expanded_v3_yolov8/train/labels/new_40_png_jpg.rf.6eeacbe4c2decdac84a9cd324759ddec.txt,train,1,Drain Inlet,0.73594375,0.5411367187499999,0.4718875,0.9151046874999998
/kaggle/working/denguewatch_yolov8s_workspace/raw_data/roboflow_mosquito-breeding-expanded_v3_yolov8/train/images/new_42_png_jpg.rf.3f9fd2f214aef80f42c55b9296dbd25c.jpg,/kaggle/working/denguewatch_yolov8s_workspace/raw_data/roboflow_mosquito-breeding-expanded_v3_yolov8/train/labels/new_42_png_jpg.rf.3f9fd2f214aef80f42c55b9296dbd25c.txt,train,1,Drain Inlet,0.448478125,0.6734695312499999,0.875878125,0.4395609374999999
/kaggle/working/denguewatch_yolov8s_workspace/raw_data/roboflow_mosquito-breeding-expanded_v3_yolov8/train/images/new_42_png_jpg.rf.96e728e817fb525a50a243ee4a7afff2.jpg,/kaggle/working/denguewatch_yolov8s_workspace/raw_data/roboflow_mosquito-breeding-expanded_v3_yolov8/train/labels/new_42_png_jpg.rf.96e728e817fb525a50a243ee4a7afff2.txt,train,1,Drain Inlet,0.44040703125,0.68885546875,0.8803578125,0.4494390625
/kaggle/working/denguewatch_yolov8s_workspace/raw_data/roboflow_mosquito-breeding-expanded_v3_yolov8/train/images/new_42_png_jpg.rf.cee8b67d4da7b3e1dca84f35a3634753.jpg,/kaggle/working/denguewatch_yolov8s_workspace/raw_data/roboflow_mosquito-breeding-expanded_v3_yolov8/train/labels/new_42_png_jpg.rf.cee8b67d4da7b3e1dca84f35a3634753.txt,train,1,Drain Inlet,0.4421765625,0.6768523437499999,0.8480718749999999,0.42780781249999994
/kaggle/working/denguewatch_yolov8s_workspace/raw_data/roboflow_mosquito-breeding-expanded_v3_yolov8/train/images/new_43_png_jpg.rf.12636b5fb616ff701eaa81335ce20e60.jpg,/kaggle/working/denguewatch_yolov8s_workspace/raw_data/roboflow_mosquito-breeding-expanded_v3_yolov8/train/labels/new_43_png_jpg.rf.12636b5fb616ff701eaa81335ce20e60.txt,train,1,Drain Inlet,0.3605828125,0.55251015625,0.57175625,0.5383390625
/kaggle/working/denguewatch_yolov8s_workspace/raw_data/roboflow_mosquito-breeding-expanded_v3_yolov8/train/images/new_43_png_jpg.rf.9aea0c91ee4b0a61ccef8802ca1a5be9.jpg,/kaggle/working/denguewatch_yolov8s_workspace/raw_data/roboflow_mosquito-breeding-expanded_v3_yolov8/train/labels/new_43_png_jpg.rf.9aea0c91ee4b0a61ccef8802ca1a5be9.txt,train,1,Drain Inlet,0.4839109375,0.63145859375,0.49975624999999996,0.5303953125
/kaggle/working/denguewatch_yolov8s_workspace/raw_data/roboflow_mosquito-breeding-expanded_v3_yolov8/train/images/new_43_png_jpg.rf.c2bf963553b2a582c7e5967b9c73adcc.jpg,/kaggle/working/denguewatch_yolov8s_workspace/raw_data/roboflow_mosquito-breeding-expanded_v3_yolov8/train/labels/new_43_png_jpg.rf.c2bf963553b2a582c7e5967b9c73adcc.txt,train,1,Drain Inlet,0.5156078125,0.6178109375,0.542328125,0.57705
/kaggle/working/denguewatch_yolov8s_workspace/raw_data/roboflow_mosquito-breeding-expanded_v3_yolov8/train/images/new_44_png_jpg.rf.12cb9006909d014828715ddd0aa9b2a8.jpg,/kaggle/working/denguewatch_yolov8s_workspace/raw_data/roboflow_mosquito-breeding-expanded_v3_yolov8/train/labels/new_44_png_jpg.rf.12cb9006909d014828715ddd0aa9b2a8.txt,train,1,Drain Inlet,0.36843515625,0.5208242187500001,0.4587015625000001,0.38461406249999996
/kaggle/working/denguewatch_yolov8s_workspace/raw_data/roboflow_mosquito-breeding-expanded_v3_yolov8/train/images/new_44_png_jpg.rf.4795c4bd6e1c8a4cbb171f459d884ad5.jpg,/kaggle/working/denguewatch_yolov8s_workspace/raw_data/roboflow_mosquito-breeding-expanded_v3_yolov8/train/labels/new_44_png_jpg.rf.4795c4bd6e1c8a4cbb171f459d884ad5.txt,train,1,Drain Inlet,0.55821796875,0.36983828125,0.39377343750000005,0.47026406249999997
/kaggle/working/denguewatch_yolov8s_workspace/raw_data/roboflow_mosquito-breeding-expanded_v3_yolov8/train/images/new_44_png_jpg.rf.fc49216de3b1244fa1c32e6d121a3834.jpg,/kaggle/working/denguewatch_yolov8s_workspace/raw_data/roboflow_mosquito-breeding-expanded_v3_yolov8/train/labels/new_44_png_jpg.rf.fc49216de3b1244fa1c32e6d121a3834.txt,train,1,Drain Inlet,0.53019453125,0.6491515625,0.3606515625,0.4296468749999999
/kaggle/working/denguewatch_yolov8s_workspace/raw_data/roboflow_mosquito-breeding-expanded_v3_yolov8/train/images/new_45_png_jpg.rf.159bed039bf946002d7f3920d7dc6336.jpg,/kaggle/working/denguewatch_yolov8s_workspace/raw_data/roboflow_mosquito-breeding-expanded_v3_yolov8/train/labels/new_45_png_jpg.rf.159bed039bf946002d7f3920d7dc6336.txt,train,1,Drain Inlet,0.353096875,0.6304343750000001,0.420953125,0.6459625000000001
/kaggle/working/denguewatch_yolov8s_workspace/raw_data/roboflow_mosquito-breeding-expanded_v3_yolov8/train/images/new_45_png_jpg.rf.34d1f627c6713464a87687488368a99a.jpg,/kaggle/working/denguewatch_yolov8s_workspace/raw_data/roboflow_mosquito-breeding-expanded_v3_yolov8/train/labels/new_45_png_jpg.rf.34d1f627c6713464a87687488368a99a.txt,train,1,Drain Inlet,0.6552234374999999,0.5975609375000001,0.471215625,0.7247375
/kaggle/working/denguewatch_yolov8s_workspace/raw_data/roboflow_mosquito-breeding-expanded_v3_yolov8/train/images/new_45_png_jpg.rf.a93e1d2b4fdc8ac9a23e82d360a905a5.jpg,/kaggle/working/denguewatch_yolov8s_workspace/raw_data/roboflow_mosquito-breeding-expanded_v3_yolov8/train/labels/new_45_png_jpg.rf.a93e1d2b4fdc8ac9a23e82d360a905a5.txt,train,1,Drain Inlet,0.69855078125,0.36556640625,0.4575578125,0.7008078125
/kaggle/working/denguewatch_yolov8s_workspace/raw_data/roboflow_mosquito-breeding-expanded_v3_yolov8/train/images/new_46_png_jpg.rf.656c9d24747f8228b76d4c4d20bf2967.jpg,/kaggle/working/denguewatch_yolov8s_workspace/raw_data/roboflow_mosquito-breeding-expanded_v3_yolov8/train/labels/new_46_png_jpg.rf.656c9d24747f8228b76d4c4d20bf2967.txt,train,1,Drain Inlet,0.576815625,0.27627109375000003,0.573121875,0.5376171875
/kaggle/working/denguewatch_yolov8s_workspace/raw_data/roboflow_mosquito-breeding-expanded_v3_yolov8/train/images/new_46_png_jpg.rf.b3fa2d2243c200f6ae0bd868742bd20e.jpg,/kaggle/working/denguewatch_yolov8s_workspace/raw_data/roboflow_mosquito-breeding-expanded_v3_yolov8/train/labels/new_46_png_jpg.rf.b3fa2d2243c200f6ae0bd868742bd20e.txt,train,1,Drain Inlet,0.32618203124999995,0.5487757812499999,0.5029328125,0.5380328125
/kaggle/working/denguewatch_yolov8s_workspace/raw_data/roboflow_mosquito-breeding-expanded_v3_yolov8/train/images/new_46_png_jpg.rf.ea6629aa10e8156b980969863aaf73ba.jpg,/kaggle/working/denguewatch_yolov8s_workspace/raw_data/roboflow_mosquito-breeding-expanded_v3_yolov8/train/labels/new_46_png_jpg.rf.ea6629aa10e8156b980969863aaf73ba.txt,train,1,Drain Inlet,0.3188921875,0.5502390625,0.487215625,0.520334375
/kaggle/working/denguewatch_yolov8s_workspace/raw_data/roboflow_mosquito-breeding-expanded_v3_yolov8/train/images/new_47_png_jpg.rf.14e4136ad614ccfa297dc2918926db0d.jpg,/kaggle/working/denguewatch_yolov8s_workspace/raw_data/roboflow_mosquito-breeding-expanded_v3_yolov8/train/labels/new_47_png_jpg.rf.14e4136ad614ccfa297dc2918926db0d.txt,train,1,Drain Inlet,0.48454296875,0.44574375,0.26881718750000005,0.402859375
/kaggle/working/denguewatch_yolov8s_workspace/raw_data/roboflow_mosquito-breeding-expanded_v3_yolov8/train/images/new_47_png_jpg.rf.3e35b288d249e246fb6456a3bcf9bc0e.jpg,/kaggle/working/denguewatch_yolov8s_workspace/raw_data/roboflow_mosquito-breeding-expanded_v3_yolov8/train/labels/new_47_png_jpg.rf.3e35b288d249e246fb6456a3bcf9bc0e.txt,train,1,Drain Inlet,0.4624453125,0.55555546875,0.24829374999999998,0.3723734375
/kaggle/working/denguewatch_yolov8s_workspace/raw_data/roboflow_mosquito-breeding-expanded_v3_yolov8/train/images/new_47_png_jpg.rf.f4b753b207c0b4dc7bb92d489fef7aca.jpg,/kaggle/working/denguewatch_yolov8s_workspace/raw_data/roboflow_mosquito-breeding-expanded_v3_yolov8/train/labels/new_47_png_jpg.rf.f4b753b207c0b4dc7bb92d489fef7aca.txt,train,1,Drain Inlet,0.44158359375,0.45242656249999996,0.2635046875,0.3959125
/kaggle/working/denguewatch_yolov8s_workspace/raw_data/roboflow_mosquito-breeding-expanded_v3_yolov8/train/images/new_48_png_jpg.rf.55bc1c85b8318eaecd2a7b69f496ebcf.jpg,/kaggle/working/denguewatch_yolov8s_workspace/raw_data/roboflow_mosquito-breeding-expanded_v3_yolov8/train/labels/new_48_png_jpg.rf.55bc1c85b8318eaecd2a7b69f496ebcf.txt,train,1,Drain Inlet,0.56809375,0.5208328125,0.673225,0.46450625000000006
/kaggle/working/denguewatch_yolov8s_workspace/raw_data/roboflow_mosquito-breeding-expanded_v3_yolov8/train/images/new_48_png_jpg.rf.8e60b23e8c3c87e9726bb62dd4d422a8.jpg,/kaggle/working/denguewatch_yolov8s_workspace/raw_data/roboflow_mosquito-breeding-expanded_v3_yolov8/train/labels/new_48_png_jpg.rf.8e60b23e8c3c87e9726bb62dd4d422a8.txt,train,1,Drain Inlet,0.5340234375,0.4532921875,0.494740625,0.71810625
/kaggle/working/denguewatch_yolov8s_workspace/raw_data/roboflow_mosquito-breeding-expanded_v3_yolov8/train/images/new_48_png_jpg.rf.d7f87f4468cf3c609e7ff6a8488315d6.jpg,/kaggle/working/denguewatch_yolov8s_workspace/raw_data/roboflow_mosquito-breeding-expanded_v3_yolov8/train/labels/new_48_png_jpg.rf.d7f87f4468cf3c609e7ff6a8488315d6.txt,train,1,Drain Inlet,0.43787890625,0.61216328125,0.5067328125,0.7344265625
/kaggle/working/denguewatch_yolov8s_workspace/raw_data/roboflow_mosquito-breeding-expanded_v3_yolov8/train/images/new_49_png_jpg.rf.e2add3db88cc55c48b6119084ddcec03.jpg,/kaggle/working/denguewatch_yolov8s_workspace/raw_data/roboflow_mosquito-breeding-expanded_v3_yolov8/train/labels/new_49_png_jpg.rf.e2add3db88cc55c48b6119084ddcec03.txt,train,1,Drain Inlet,0.31621015625000004,0.6652421875,0.6324203125000001,0.666390625
/kaggle/working/denguewatch_yolov8s_workspace/raw_data/roboflow_mosquito-breeding-expanded_v3_yolov8/train/images/new_49_png_jpg.rf.f412986b52b356ce99839d4917d455cc.jpg,/kaggle/working/denguewatch_yolov8s_workspace/raw_data/roboflow_mosquito-breeding-expanded_v3_yolov8/train/labels/new_49_png_jpg.rf.f412986b52b356ce99839d4917d455cc.txt,train,0,Artificial Container,0.38713515625,0.6746265625,0.6906078125,0.647621875
/kaggle/working/denguewatch_yolov8s_workspace/raw_data/roboflow_mosquito-breeding-expanded_v3_yolov8/train/images/new_4_png_jpg.rf.04cb582c9f01daa8aa9dd55a867b841c.jpg,/kaggle/working/denguewatch_yolov8s_workspace/raw_data/roboflow_mosquito-breeding-expanded_v3_yolov8/train/labels/new_4_png_jpg.rf.04cb582c9f01daa8aa9dd55a867b841c.txt,train,0,Artificial Container,0.50016953125,0.49947031249999996,0.8904328125,0.9984374999999999
/kaggle/working/denguewatch_yolov8s_workspace/raw_data/roboflow_mosquito-breeding-expanded_v3_yolov8/train/images/new_6_png_jpg.rf.9c8ec4d35a057c056de29914d32d08ef.jpg,/kaggle/working/denguewatch_yolov8s_workspace/raw_data/roboflow_mosquito-breeding-expanded_v3_yolov8/train/labels/new_6_png_jpg.rf.9c8ec4d35a057c056de29914d32d08ef.txt,train,0,Artificial Container,0.46387812500000003,0.5078984375000001,0.8123687500000001,0.9472531250000001
/kaggle/working/denguewatch_yolov8s_workspace/raw_data/roboflow_mosquito-breeding-expanded_v3_yolov8/train/images/new_6_png_jpg.rf.c10359836b49e06f5504b11c44a4b67e.jpg,/kaggle/working/denguewatch_yolov8s_workspace/raw_data/roboflow_mosquito-breeding-expanded_v3_yolov8/train/labels/new_6_png_jpg.rf.c10359836b49e06f5504b11c44a4b67e.txt,train,0,Artificial Container,0.5075031249999999,0.55569765625,0.98186875,0.8442265624999999
/kaggle/working/denguewatch_yolov8s_workspace/raw_data/roboflow_mosquito-breeding-expanded_v3_yolov8/train/images/new_6_png_jpg.rf.da6317c00ec17cdc78099853fbfc1778.jpg,/kaggle/working/denguewatch_yolov8s_workspace/raw_data/roboflow_mosquito-breeding-expanded_v3_yolov8/train/labels/new_6_png_jpg.rf.da6317c00ec17cdc78099853fbfc1778.txt,train,0,Artificial Container,0.4590484375,0.5049578124999999,0.7914625,0.921371875
/kaggle/working/denguewatch_yolov8s_workspace/raw_data/roboflow_mosquito-breeding-expanded_v3_yolov8/train/images/new_74_png_jpg.rf.64d184e5f4973f07d6b26df73cab2ebb.jpg,/kaggle/working/denguewatch_yolov8s_workspace/raw_data/roboflow_mosquito-breeding-expanded_v3_yolov8/train/labels/new_74_png_jpg.rf.64d184e5f4973f07d6b26df73cab2ebb.txt,train,0,Artificial Container,0.44842031250000003,0.60442890625,0.24000000000000005,0.5172140624999999
/kaggle/working/denguewatch_yolov8s_workspace/raw_data/roboflow_mosquito-breeding-expanded_v3_yolov8/train/images/new_74_png_jpg.rf.64d184e5f4973f07d6b26df73cab2ebb.jpg,/kaggle/working/denguewatch_yolov8s_workspace/raw_data/roboflow_mosquito-breeding-expanded_v3_yolov8/train/labels/new_74_png_jpg.rf.64d184e5f4973f07d6b26df73cab2ebb.txt,train,0,Artificial Container,0.23284218750000002,0.77375234375,0.30063125,0.4493703124999999
/kaggle/working/denguewatch_yolov8s_workspace/raw_data/roboflow_mosquito-breeding-expanded_v3_yolov8/train/images/new_74_png_jpg.rf.64d184e5f4973f07d6b26df73cab2ebb.jpg,/kaggle/working/denguewatch_yolov8s_workspace/raw_data/roboflow_mosquito-breeding-expanded_v3_yolov8/train/labels/new_74_png_jpg.rf.64d184e5f4973f07d6b26df73cab2ebb.txt,train,0,Artificial Container,0.72757890625,0.49825546875000004,0.3435796875000001,0.6749578125
/kaggle/working/denguewatch_yolov8s_workspace/raw_data/roboflow_mosquito-breeding-expanded_v3_yolov8/train/images/new_74_png_jpg.rf.9afd8073569bc6ab09557329d7238740.jpg,/kaggle/working/denguewatch_yolov8s_workspace/raw_data/roboflow_mosquito-breeding-expanded_v3_yolov8/train/labels/new_74_png_jpg.rf.9afd8073569bc6ab09557329d7238740.txt,train,0,Artificial Container,0.3978328125,0.5533171875,0.5278624999999999,0.24430000000000002
/kaggle/working/denguewatch_yolov8s_workspace/raw_data/roboflow_mosquito-breeding-expanded_v3_yolov8/train/images/new_74_png_jpg.rf.9afd8073569bc6ab09557329d7238740.jpg,/kaggle/working/denguewatch_yolov8s_workspace/raw_data/roboflow_mosquito-breeding-expanded_v3_yolov8/train/labels/new_74_png_jpg.rf.9afd8073569bc6ab09557329d7238740.txt,train,0,Artificial Container,0.2271671875,0.77301015625,0.454334375,0.3060171875000002
/kaggle/working/denguewatch_yolov8s_workspace/raw_data/roboflow_mosquito-breeding-expanded_v3_yolov8/train/images/new_74_png_jpg.rf.9afd8073569bc6ab09557329d7238740.jpg,/kaggle/working/denguewatch_yolov8s_workspace/raw_data/roboflow_mosquito-breeding-expanded_v3_yolov8/train/labels/new_74_png_jpg.rf.9afd8073569bc6ab09557329d7238740.txt,train,0,Artificial Container,0.50619140625,0.2691578125,0.6888546875,0.34973437500000004
/kaggle/working/denguewatch_yolov8s_workspace/raw_data/roboflow_mosquito-breeding-expanded_v3_yolov8/train/images/new_74_png_jpg.rf.9e932534eeeb5ff4562fab04b7433655.jpg,/kaggle/working/denguewatch_yolov8s_workspace/raw_data/roboflow_mosquito-breeding-expanded_v3_yolov8/train/labels/new_74_png_jpg.rf.9e932534eeeb5ff4562fab04b7433655.txt,train,0,Artificial Container,0.35707265624999995,0.42779062500000004,0.5608546875,0.259515625
/kaggle/working/denguewatch_yolov8s_workspace/raw_data/roboflow_mosquito-breeding-expanded_v3_yolov8/train/images/new_74_png_jpg.rf.9e932534eeeb5ff4562fab04b7433655.jpg,/kaggle/working/denguewatch_yolov8s_workspace/raw_data/roboflow_mosquito-breeding-expanded_v3_yolov8/train/labels/new_74_png_jpg.rf.9e932534eeeb5ff4562fab04b7433655.txt,train,0,Artificial Container,0.20855234375,0.19468203125,0.4171046875,0.32507656250000005
/kaggle/working/denguewatch_yolov8s_workspace/raw_data/roboflow_mosquito-breeding-expanded_v3_yolov8/train/images/new_74_png_jpg.rf.9e932534eeeb5ff4562fab04b7433655.jpg,/kaggle/working/denguewatch_yolov8s_workspace/raw_data/roboflow_mosquito-breeding-expanded_v3_yolov8/train/labels/new_74_png_jpg.rf.9e932534eeeb5ff4562fab04b7433655.txt,train,0,Artificial Container,0.47220390625,0.7296484375,0.7319078125000001,0.371515625
/kaggle/working/denguewatch_yolov8s_workspace/raw_data/roboflow_mosquito-breeding-expanded_v3_yolov8/train/images/new_76_png_jpg.rf.8dfd3afa04626215267a56495200b8a0.jpg,/kaggle/working/denguewatch_yolov8s_workspace/raw_data/roboflow_mosquito-breeding-expanded_v3_yolov8/train/labels/new_76_png_jpg.rf.8dfd3afa04626215267a56495200b8a0.txt,train,0,Artificial Container,0.4535859375,0.20719921875000002,0.38209062499999996,0.4113734375
/kaggle/working/denguewatch_yolov8s_workspace/raw_data/roboflow_mosquito-breeding-expanded_v3_yolov8/train/images/new_76_png_jpg.rf.aacfd3a706d502c81d53ce7b2507d35c.jpg,/kaggle/working/denguewatch_yolov8s_workspace/raw_data/roboflow_mosquito-breeding-expanded_v3_yolov8/train/labels/new_76_png_jpg.rf.aacfd3a706d502c81d53ce7b2507d35c.txt,train,0,Artificial Container,0.4698140625,0.1905,0.4205375,0.381
/kaggle/working/denguewatch_yolov8s_workspace/raw_data/roboflow_mosquito-breeding-expanded_v3_yolov8/train/images/new_76_png_jpg.rf.bcdf588b9c9e44b3620397db425cf28e.jpg,/kaggle/working/denguewatch_yolov8s_workspace/raw_data/roboflow_mosquito-breeding-expanded_v3_yolov8/train/labels/new_76_png_jpg.rf.bcdf588b9c9e44b3620397db425cf28e.txt,train,0,Artificial Container,0.43289062500000003,0.7871609374999999,0.4006875,0.4230562499999999
/kaggle/working/denguewatch_yolov8s_workspace/raw_data/roboflow_mosquito-breeding-expanded_v3_yolov8/train/images/new_77_png_jpg.rf.963157c4f6a47667d31a3eec105e573e.jpg,/kaggle/working/denguewatch_yolov8s_workspace/raw_data/roboflow_mosquito-breeding-expanded_v3_yolov8/train/labels/new_77_png_jpg.rf.963157c4f6a47667d31a3eec105e573e.txt,train,0,Artificial Container,0.4550828125,0.42325625,0.8105375,0.677740625
/kaggle/working/denguewatch_yolov8s_workspace/raw_data/roboflow_mosquito-breeding-expanded_v3_yolov8/train/images/new_77_png_jpg.rf.c3f296c2b63af4f82016ef52bc3897b4.jpg,/kaggle/working/denguewatch_yolov8s_workspace/raw_data/roboflow_mosquito-breeding-expanded_v3_yolov8/train/labels/new_77_png_jpg.rf.c3f296c2b63af4f82016ef52bc3897b4.txt,train,0,Artificial Container,0.51327421875,0.5495492187500001,0.6447546875000001,0.7722015625
/kaggle/working/denguewatch_yolov8s_workspace/raw_data/roboflow_mosquito-breeding-expanded_v3_yolov8/train/images/new_77_png_jpg.rf.ec6fb822b4a9c505c866e00134314828.jpg,/kaggle/working/denguewatch_yolov8s_workspace/raw_data/roboflow_mosquito-breeding-expanded_v3_yolov8/train/labels/new_77_png_jpg.rf.ec6fb822b4a9c505c866e00134314828.txt,train,0,Artificial Container,0.5296609375,0.462365625,0.617434375,0.7373281250000001
/kaggle/working/denguewatch_yolov8s_workspace/raw_data/roboflow_mosquito-breeding-expanded_v3_yolov8/train/images/new_78_png_jpg.rf.098f2082a536bc3113da282587f1e874.jpg,/kaggle/working/denguewatch_yolov8s_workspace/raw_data/roboflow_mosquito-breeding-expanded_v3_yolov8/train/labels/new_78_png_jpg.rf.098f2082a536bc3113da282587f1e874.txt,train,0,Artificial Container,0.48261718749999993,0.508603125,0.959859375,0.97966875
/kaggle/working/denguewatch_yolov8s_workspace/raw_data/roboflow_mosquito-breeding-expanded_v3_yolov8/train/images/new_78_png_jpg.rf.8ae037a474a6e404ec9156ada45dd348.jpg,/kaggle/working/denguewatch_yolov8s_workspace/raw_data/roboflow_mosquito-breeding-expanded_v3_yolov8/train/labels/new_78_png_jpg.rf.8ae037a474a6e404ec9156ada45dd348.txt,train,0,Artificial Container,0.504690625,0.48643515624999994,0.98749375,0.9728703124999999
/kaggle/working/denguewatch_yolov8s_workspace/raw_data/roboflow_mosquito-breeding-expanded_v3_yolov8/train/images/new_78_png_jpg.rf.bbb2a3b0325b2be463ce144327bc4049.jpg,/kaggle/working/denguewatch_yolov8s_workspace/raw_data/roboflow_mosquito-breeding-expanded_v3_yolov8/train/labels/new_78_png_jpg.rf.bbb2a3b0325b2be463ce144327bc4049.txt,train,0,Artificial Container,0.4836249999999999,0.5146124999999999,0.9494937499999999,0.968153125
/kaggle/working/denguewatch_yolov8s_workspace/raw_data/roboflow_mosquito-breeding-expanded_v3_yolov8/train/images/new_79_png_jpg.rf.49a68ab05c62ab6be82f7fae2d2a79ed.jpg,/kaggle/working/denguewatch_yolov8s_workspace/raw_data/roboflow_mosquito-breeding-expanded_v3_yolov8/train/labels/new_79_png_jpg.rf.49a68ab05c62ab6be82f7fae2d2a79ed.txt,train,0,Artificial Container,0.3962234375,0.49921875,0.792446875,0.9984375
/kaggle/working/denguewatch_yolov8s_workspace/raw_data/roboflow_mosquito-breeding-expanded_v3_yolov8/train/images/new_79_png_jpg.rf.d4b89e9a3fac5e1a080d23aa0bd3eb4e.jpg,/kaggle/working/denguewatch_yolov8s_workspace/raw_data/roboflow_mosquito-breeding-expanded_v3_yolov8/train/labels/new_79_png_jpg.rf.d4b89e9a3fac5e1a080d23aa0bd3eb4e.txt,train,0,Artificial Container,0.49921875,0.5888765625,0.9984375,0.7686656250000001
/kaggle/working/denguewatch_yolov8s_workspace/raw_data/roboflow_mosquito-breeding-expanded_v3_yolov8/train/images/new_7_png_jpg.rf.0406412aacd200e428053c9b10f7b58f.jpg,/kaggle/working/denguewatch_yolov8s_workspace/raw_data/roboflow_mosquito-breeding-expanded_v3_yolov8/train/labels/new_7_png_jpg.rf.0406412aacd200e428053c9b10f7b58f.txt,train,0,Artificial Container,0.58092109375,0.39816796875000005,0.7116828125000001,0.7958328125
/kaggle/working/denguewatch_yolov8s_workspace/raw_data/roboflow_mosquito-breeding-expanded_v3_yolov8/train/images/new_7_png_jpg.rf.0406412aacd200e428053c9b10f7b58f.jpg,/kaggle/working/denguewatch_yolov8s_workspace/raw_data/roboflow_mosquito-breeding-expanded_v3_yolov8/train/labels/new_7_png_jpg.rf.0406412aacd200e428053c9b10f7b58f.txt,train,0,Artificial Container,0.19828515625,0.68296875,0.3965703125,0.6309374999999999
/kaggle/working/denguewatch_yolov8s_workspace/raw_data/roboflow_mosquito-breeding-expanded_v3_yolov8/train/images/new_7_png_jpg.rf.0406412aacd200e428053c9b10f7b58f.jpg,/kaggle/working/denguewatch_yolov8s_workspace/raw_data/roboflow_mosquito-breeding-expanded_v3_yolov8/train/labels/new_7_png_jpg.rf.0406412aacd200e428053c9b10f7b58f.txt,train,0,Artificial Container,0.5032156249999999,0.80463515625,0.3740624999999999,0.3876046875
/kaggle/working/denguewatch_yolov8s_workspace/raw_data/roboflow_mosquito-breeding-expanded_v3_yolov8/train/images/new_7_png_jpg.rf.0406412aacd200e428053c9b10f7b58f.jpg,/kaggle/working/denguewatch_yolov8s_workspace/raw_data/roboflow_mosquito-breeding-expanded_v3_yolov8/train/labels/new_7_png_jpg.rf.0406412aacd200e428053c9b10f7b58f.txt,train,0,Artificial Container,0.8538078124999999,0.78463515625,0.289259375,0.4276046874999999
/kaggle/working/denguewatch_yolov8s_workspace/raw_data/roboflow_mosquito-breeding-expanded_v3_yolov8/train/images/new_7_png_jpg.rf.74e35ef2cf59af9499e23e427d627d92.jpg,/kaggle/working/denguewatch_yolov8s_workspace/raw_data/roboflow_mosquito-breeding-expanded_v3_yolov8/train/labels/new_7_png_jpg.rf.74e35ef2cf59af9499e23e427d627d92.txt,train,0,Artificial Container,0.56565625,0.6032875,0.6707062499999998,0.7903
/kaggle/working/denguewatch_yolov8s_workspace/raw_data/roboflow_mosquito-breeding-expanded_v3_yolov8/train/images/new_7_png_jpg.rf.74e35ef2cf59af9499e23e427d627d92.jpg,/kaggle/working/denguewatch_yolov8s_workspace/raw_data/roboflow_mosquito-breeding-expanded_v3_yolov8/train/labels/new_7_png_jpg.rf.74e35ef2cf59af9499e23e427d627d92.txt,train,0,Artificial Container,0.195959375,0.3051640625,0.39191875,0.610328125
/kaggle/working/denguewatch_yolov8s_workspace/raw_data/roboflow_mosquito-breeding-expanded_v3_yolov8/train/images/new_7_png_jpg.rf.74e35ef2cf59af9499e23e427d627d92.jpg,/kaggle/working/denguewatch_yolov8s_workspace/raw_data/roboflow_mosquito-breeding-expanded_v3_yolov8/train/labels/new_7_png_jpg.rf.74e35ef2cf59af9499e23e427d627d92.txt,train,0,Artificial Container,0.49242421875,0.19092343750000002,0.35252656250000003,0.38184687500000003
/kaggle/working/denguewatch_yolov8s_workspace/raw_data/roboflow_mosquito-breeding-expanded_v3_yolov8/train/images/new_7_png_jpg.rf.74e35ef2cf59af9499e23e427d627d92.jpg,/kaggle/working/denguewatch_yolov8s_workspace/raw_data/roboflow_mosquito-breeding-expanded_v3_yolov8/train/labels/new_7_png_jpg.rf.74e35ef2cf59af9499e23e427d627d92.txt,train,0,Artificial Container,0.84214765625,0.20970234375,0.3125796875,0.4194046875
/kaggle/working/denguewatch_yolov8s_workspace/raw_data/roboflow_mosquito-breeding-expanded_v3_yolov8/train/images/new_7_png_jpg.rf.a1c5948a34e72fb4b0d03086b6fba466.jpg,/kaggle/working/denguewatch_yolov8s_workspace/raw_data/roboflow_mosquito-breeding-expanded_v3_yolov8/train/labels/new_7_png_jpg.rf.a1c5948a34e72fb4b0d03086b6fba466.txt,train,0,Artificial Container,0.4043859375,0.6042062500000001,0.808771875,0.75028125
/kaggle/working/denguewatch_yolov8s_workspace/raw_data/roboflow_mosquito-breeding-expanded_v3_yolov8/train/images/new_7_png_jpg.rf.a1c5948a34e72fb4b0d03086b6fba466.jpg,/kaggle/working/denguewatch_yolov8s_workspace/raw_data/roboflow_mosquito-breeding-expanded_v3_yolov8/train/labels/new_7_png_jpg.rf.a1c5948a34e72fb4b0d03086b6fba466.txt,train,0,Artificial Container,0.67816640625,0.20480234375,0.6405421874999999,0.4096046875
/kaggle/working/denguewatch_yolov8s_workspace/raw_data/roboflow_mosquito-breeding-expanded_v3_yolov8/train/images/new_7_png_jpg.rf.a1c5948a34e72fb4b0d03086b6fba466.jpg,/kaggle/working/denguewatch_yolov8s_workspace/raw_data/roboflow_mosquito-breeding-expanded_v3_yolov8/train/labels/new_7_png_jpg.rf.a1c5948a34e72fb4b0d03086b6fba466.txt,train,0,Artificial Container,0.8064578125000001,0.5220343749999999,0.38440312500000007,0.3943499999999999
/kaggle/working/denguewatch_yolov8s_workspace/raw_data/roboflow_mosquito-breeding-expanded_v3_yolov8/train/images/new_7_png_jpg.rf.a1c5948a34e72fb4b0d03086b6fba466.jpg,/kaggle/working/denguewatch_yolov8s_workspace/raw_data/roboflow_mosquito-breeding-expanded_v3_yolov8/train/labels/new_7_png_jpg.rf.a1c5948a34e72fb4b0d03086b6fba466.txt,train,0,Artificial Container,0.78518359375,0.870246875,0.4265078124999999,0.25638125
/kaggle/working/denguewatch_yolov8s_workspace/raw_data/roboflow_mosquito-breeding-expanded_v3_yolov8/train/images/new_98_png_jpg.rf.2deb0c99d838ed4a8a03f8bd40903ded.jpg,/kaggle/working/denguewatch_yolov8s_workspace/raw_data/roboflow_mosquito-breeding-expanded_v3_yolov8/train/labels/new_98_png_jpg.rf.2deb0c99d838ed4a8a03f8bd40903ded.txt,train,1,Drain Inlet,0.5349328125,0.57675,0.617003125,0.843375
/kaggle/working/denguewatch_yolov8s_workspace/raw_data/roboflow_mosquito-breeding-expanded_v3_yolov8/train/images/new_99_png_jpg.rf.1fafb473fa70f441acd8ee302ba2f86a.jpg,/kaggle/working/denguewatch_yolov8s_workspace/raw_data/roboflow_mosquito-breeding-expanded_v3_yolov8/train/labels/new_99_png_jpg.rf.1fafb473fa70f441acd8ee302ba2f86a.txt,train,1,Drain Inlet,0.68856875,0.5381703124999999,0.58375625,0.7467874999999999
/kaggle/working/denguewatch_yolov8s_workspace/raw_data/roboflow_mosquito-breeding-expanded_v3_yolov8/train/images/new_99_png_jpg.rf.1fafb473fa70f441acd8ee302ba2f86a.jpg,/kaggle/working/denguewatch_yolov8s_workspace/raw_data/roboflow_mosquito-breeding-expanded_v3_yolov8/train/labels/new_99_png_jpg.rf.1fafb473fa70f441acd8ee302ba2f86a.txt,train,2,Tire,0.21244609375,0.3892671875,0.3214890625,0.30083124999999994
/kaggle/working/denguewatch_yolov8s_workspace/raw_data/roboflow_mosquito-breeding-expanded_v3_yolov8/train/images/new_99_png_jpg.rf.4e4bf13c756742c8e60889d97241a607.jpg,/kaggle/working/denguewatch_yolov8s_workspace/raw_data/roboflow_mosquito-breeding-expanded_v3_yolov8/train/labels/new_99_png_jpg.rf.4e4bf13c756742c8e60889d97241a607.txt,train,1,Drain Inlet,0.31208828125,0.49933828125,0.6241765625,0.8167984374999999
/kaggle/working/denguewatch_yolov8s_workspace/raw_data/roboflow_mosquito-breeding-expanded_v3_yolov8/train/images/new_99_png_jpg.rf.4e4bf13c756742c8e60889d97241a607.jpg,/kaggle/working/denguewatch_yolov8s_workspace/raw_data/roboflow_mosquito-breeding-expanded_v3_yolov8/train/labels/new_99_png_jpg.rf.4e4bf13c756742c8e60889d97241a607.txt,train,2,Tire,0.8241671875000001,0.33647499999999997,0.34854062499999994,0.329034375
/kaggle/working/denguewatch_yolov8s_workspace/raw_data/roboflow_mosquito-breeding-expanded_v3_yolov8/train/images/new_99_png_jpg.rf.c2c272a2649574415fbd5eaf3b175f90.jpg,/kaggle/working/denguewatch_yolov8s_workspace/raw_data/roboflow_mosquito-breeding-expanded_v3_yolov8/train/labels/new_99_png_jpg.rf.c2c272a2649574415fbd5eaf3b175f90.txt,train,1,Drain Inlet,0.4582546875000001,0.30851874999999995,0.7752656250000001,0.608465625
/kaggle/working/denguewatch_yolov8s_workspace/raw_data/roboflow_mosquito-breeding-expanded_v3_yolov8/train/images/new_99_png_jpg.rf.c2c272a2649574415fbd5eaf3b175f90.jpg,/kaggle/working/denguewatch_yolov8s_workspace/raw_data/roboflow_mosquito-breeding-expanded_v3_yolov8/train/labels/new_99_png_jpg.rf.c2c272a2649574415fbd5eaf3b175f90.txt,train,2,Tire,0.6128374999999999,0.8050171875000001,0.312303125,0.33509687499999996
/kaggle/working/denguewatch_yolov8s_workspace/raw_data/roboflow_mosquito-breeding-expanded_v3_yolov8/train/images/new_9_png_jpg.rf.7facb23a4861d1542cdce25dcbb37f93.jpg,/kaggle/working/denguewatch_yolov8s_workspace/raw_data/roboflow_mosquito-breeding-expanded_v3_yolov8/train/labels/new_9_png_jpg.rf.7facb23a4861d1542cdce25dcbb37f93.txt,train,1,Drain Inlet,0.56204609375,0.6281828125,0.3636765625,0.740509375
/kaggle/working/denguewatch_yolov8s_workspace/raw_data/roboflow_mosquito-breeding-expanded_v3_yolov8/train/images/new_9_png_jpg.rf.a81c2f13922efe2e918c6f97a7247551.jpg,/kaggle/working/denguewatch_yolov8s_workspace/raw_data/roboflow_mosquito-breeding-expanded_v3_yolov8/train/labels/new_9_png_jpg.rf.a81c2f13922efe2e918c6f97a7247551.txt,train,1,Drain Inlet,0.37045859375,0.412490625,0.7409171875,0.37004687499999994
/kaggle/working/denguewatch_yolov8s_workspace/raw_data/roboflow_mosquito-breeding-expanded_v3_yolov8/train/images/new_9_png_jpg.rf.e743a8817ff03a3dcb5ecf8e2bc67e55.jpg,/kaggle/working/denguewatch_yolov8s_workspace/raw_data/roboflow_mosquito-breeding-expanded_v3_yolov8/train/labels/new_9_png_jpg.rf.e743a8817ff03a3dcb5ecf8e2bc67e55.txt,train,1,Drain Inlet,0.5671265625,0.607625,0.384115625,0.781625
/kaggle/working/denguewatch_yolov8s_workspace/raw_data/roboflow_mosquito-breeding-expanded_v3_yolov8/train/images/new_Firefly-Inpaint-20230731190854_png_jpg.rf.1b2f235a193d9460ebea6b6d4fa2a670.jpg,/kaggle/working/denguewatch_yolov8s_workspace/raw_data/roboflow_mosquito-breeding-expanded_v3_yolov8/train/labels/new_Firefly-Inpaint-20230731190854_png_jpg.rf.1b2f235a193d9460ebea6b6d4fa2a670.txt,train,1,Drain Inlet,0.6223703125,0.8252640625000001,0.41164375,0.34634687499999994
/kaggle/working/denguewatch_yolov8s_workspace/raw_data/roboflow_mosquito-breeding-expanded_v3_yolov8/train/images/new_Firefly-Inpaint-20230731190854_png_jpg.rf.41c318236977d19da0d2b1352b7502c0.jpg,/kaggle/working/denguewatch_yolov8s_workspace/raw_data/roboflow_mosquito-breeding-expanded_v3_yolov8/train/labels/new_Firefly-Inpaint-20230731190854_png_jpg.rf.41c318236977d19da0d2b1352b7502c0.txt,train,1,Drain Inlet,0.61294921875,0.16159140624999999,0.40852031250000004,0.32318281249999997
/kaggle/working/denguewatch_yolov8s_workspace/raw_data/roboflow_mosquito-breeding-expanded_v3_yolov8/train/images/new_IMG_4362_JPG_jpg.rf.91475170ab555ece05d933f2c9f6d313.jpg,/kaggle/working/denguewatch_yolov8s_workspace/raw_data/roboflow_mosquito-breeding-expanded_v3_yolov8/train/labels/new_IMG_4362_JPG_jpg.rf.91475170ab555ece05d933f2c9f6d313.txt,train,0,Artificial Container,0.76638828125,0.32877890625,0.3138078125000001,0.4648265625
/kaggle/working/denguewatch_yolov8s_workspace/raw_data/roboflow_mosquito-breeding-expanded_v3_yolov8/train/images/new_IMG_4362_JPG_jpg.rf.f093a7bce9c5c26aa687d69c1818517c.jpg,/kaggle/working/denguewatch_yolov8s_workspace/raw_data/roboflow_mosquito-breeding-expanded_v3_yolov8/train/labels/new_IMG_4362_JPG_jpg.rf.f093a7bce9c5c26aa687d69c1818517c.txt,train,0,Artificial Container,0.3177703125,0.7490078124999999,0.440846875,0.29761874999999993
/kaggle/working/denguewatch_yolov8s_workspace/raw_data/roboflow_mosquito-breeding-expanded_v3_yolov8/train/images/new_IMG_4363_JPG_jpg.rf.ac0583c0d7ff754e6cd1b265fd815aa7.jpg,/kaggle/working/denguewatch_yolov8s_workspace/raw_data/roboflow_mosquito-breeding-expanded_v3_yolov8/train/labels/new_IMG_4363_JPG_jpg.rf.ac0583c0d7ff754e6cd1b265fd815aa7.txt,train,0,Artificial Container,0.74660234375,0.7000953125,0.32426718750000005,0.37562812499999987
/kaggle/working/denguewatch_yolov8s_workspace/raw_data/roboflow_mosquito-breeding-expanded_v3_yolov8/train/images/new_WhatsApp-Image-2023-07-30-at-5-42-33-PM_jpeg_jpg.rf.2374cd1b5848c2b3ac3289aeda510d68.jpg,/kaggle/working/denguewatch_yolov8s_workspace/raw_data/roboflow_mosquito-breeding-expanded_v3_yolov8/train/labels/new_WhatsApp-Image-2023-07-30-at-5-42-33-PM_jpeg_jpg.rf.2374cd1b5848c2b3ac3289aeda510d68.txt,train,0,Artificial Container,0.5579640625,0.5279375,0.880946875,0.601790625
/kaggle/working/denguewatch_yolov8s_workspace/raw_data/roboflow_mosquito-breeding-expanded_v3_yolov8/train/images/new_WhatsApp-Image-2023-07-30-at-5-42-33-PM_jpeg_jpg.rf.d937b69650b379e1f1bf6741a632b368.jpg,/kaggle/working/denguewatch_yolov8s_workspace/raw_data/roboflow_mosquito-breeding-expanded_v3_yolov8/train/labels/new_WhatsApp-Image-2023-07-30-at-5-42-33-PM_jpeg_jpg.rf.d937b69650b379e1f1bf6741a632b368.txt,train,0,Artificial Container,0.469821875,0.5624875,0.598615625,0.8719
/kaggle/working/denguewatch_yolov8s_workspace/raw_data/roboflow_mosquito-breeding-expanded_v3_yolov8/train/images/new_WhatsApp-Image-2023-07-30-at-5-42-33-PM_jpeg_jpg.rf.f92f3d0f338101b8644fe43e72bfa85b.jpg,/kaggle/working/denguewatch_yolov8s_workspace/raw_data/roboflow_mosquito-breeding-expanded_v3_yolov8/train/labels/new_WhatsApp-Image-2023-07-30-at-5-42-33-PM_jpeg_jpg.rf.f92f3d0f338101b8644fe43e72bfa85b.txt,train,0,Artificial Container,0.5655703125,0.4479078125,0.8652156249999999,0.5671875
/kaggle/working/denguewatch_yolov8s_workspace/raw_data/roboflow_mosquito-breeding-expanded_v3_yolov8/train/images/new_WhatsApp-Image-2023-07-30-at-5-42-58-PM_jpeg_jpg.rf.4432a371c9f1972cabe6d09efe53678c.jpg,/kaggle/working/denguewatch_yolov8s_workspace/raw_data/roboflow_mosquito-breeding-expanded_v3_yolov8/train/labels/new_WhatsApp-Image-2023-07-30-at-5-42-58-PM_jpeg_jpg.rf.4432a371c9f1972cabe6d09efe53678c.txt,train,0,Artificial Container,0.5356515625,0.4413296875,0.84695625,0.608865625
/kaggle/working/denguewatch_yolov8s_workspace/raw_data/roboflow_mosquito-breeding-expanded_v3_yolov8/train/images/new_WhatsApp-Image-2023-07-30-at-5-42-58-PM_jpeg_jpg.rf.746bef0eca4906c8138f7eccfcc326b9.jpg,/kaggle/working/denguewatch_yolov8s_workspace/raw_data/roboflow_mosquito-breeding-expanded_v3_yolov8/train/labels/new_WhatsApp-Image-2023-07-30-at-5-42-58-PM_jpeg_jpg.rf.746bef0eca4906c8138f7eccfcc326b9.txt,train,0,Artificial Container,0.556875,0.52398203125,0.5837500000000001,0.8109921874999999
/kaggle/working/denguewatch_yolov8s_workspace/raw_data/roboflow_mosquito-breeding-expanded_v3_yolov8/train/images/new_WhatsApp-Image-2023-07-30-at-5-42-58-PM_jpeg_jpg.rf.ed204b5679e3574eb7712c0430e17411.jpg,/kaggle/working/denguewatch_yolov8s_workspace/raw_data/roboflow_mosquito-breeding-expanded_v3_yolov8/train/labels/new_WhatsApp-Image-2023-07-30-at-5-42-58-PM_jpeg_jpg.rf.ed204b5679e3574eb7712c0430e17411.txt,train,0,Artificial Container,0.39426953124999997,0.51090859375,0.6371078125,0.8854546875
/kaggle/working/denguewatch_yolov8s_workspace/raw_data/roboflow_mosquito-breeding-expanded_v3_yolov8/train/images/new_WhatsApp-Image-2023-07-30-at-5-43-49-PM_jpeg_jpg.rf.43e196a7bb77051b2b02c3f983ec1bdf.jpg,/kaggle/working/denguewatch_yolov8s_workspace/raw_data/roboflow_mosquito-breeding-expanded_v3_yolov8/train/labels/new_WhatsApp-Image-2023-07-30-at-5-43-49-PM_jpeg_jpg.rf.43e196a7bb77051b2b02c3f983ec1bdf.txt,train,0,Artificial Container,0.41232265625,0.58637265625,0.7442578124999999,0.5188984375000001
/kaggle/working/denguewatch_yolov8s_workspace/raw_data/roboflow_mosquito-breeding-expanded_v3_yolov8/train/images/new_WhatsApp-Image-2023-07-30-at-5-43-49-PM_jpeg_jpg.rf.6d85b3719c677cc442fb52be32c90ff3.jpg,/kaggle/working/denguewatch_yolov8s_workspace/raw_data/roboflow_mosquito-breeding-expanded_v3_yolov8/train/labels/new_WhatsApp-Image-2023-07-30-at-5-43-49-PM_jpeg_jpg.rf.6d85b3719c677cc442fb52be32c90ff3.txt,train,0,Artificial Container,0.56723515625,0.43046875,0.7014984375,0.48906250000000007
/kaggle/working/denguewatch_yolov8s_workspace/raw_data/roboflow_mosquito-breeding-expanded_v3_yolov8/train/images/new_WhatsApp-Image-2023-07-30-at-5-46-41-PM_jpeg_jpg.rf.07ac6f42160ff14c67b59fc7db606472.jpg,/kaggle/working/denguewatch_yolov8s_workspace/raw_data/roboflow_mosquito-breeding-expanded_v3_yolov8/train/labels/new_WhatsApp-Image-2023-07-30-at-5-46-41-PM_jpeg_jpg.rf.07ac6f42160ff14c67b59fc7db606472.txt,train,0,Artificial Container,0.5495421875000001,0.5390625,0.799334375,0.6375
/kaggle/working/denguewatch_yolov8s_workspace/raw_data/roboflow_mosquito-breeding-expanded_v3_yolov8/train/images/new_WhatsApp-Image-2023-07-30-at-5-46-41-PM_jpeg_jpg.rf.58639505e161d2372a6d69fe09ea9456.jpg,/kaggle/working/denguewatch_yolov8s_workspace/raw_data/roboflow_mosquito-breeding-expanded_v3_yolov8/train/labels/new_WhatsApp-Image-2023-07-30-at-5-46-41-PM_jpeg_jpg.rf.58639505e161d2372a6d69fe09ea9456.txt,train,0,Artificial Container,0.46006250000000004,0.45058671875,0.641509375,0.8040203125000001
/kaggle/working/denguewatch_yolov8s_workspace/raw_data/roboflow_mosquito-breeding-expanded_v3_yolov8/train/images/new_WhatsApp-Image-2023-07-30-at-5-46-41-PM_jpeg_jpg.rf.a93c4c7613fe37f5973d619e22a6809b.jpg,/kaggle/working/denguewatch_yolov8s_workspace/raw_data/roboflow_mosquito-breeding-expanded_v3_yolov8/train/labels/new_WhatsApp-Image-2023-07-30-at-5-46-41-PM_jpeg_jpg.rf.a93c4c7613fe37f5973d619e22a6809b.txt,train,0,Artificial Container,0.46155234375,0.446584375,0.8525765624999999,0.68
/kaggle/working/denguewatch_yolov8s_workspace/raw_data/roboflow_mosquito-breeding-expanded_v3_yolov8/train/images/new_WhatsApp-Image-2023-07-30-at-5-47-58-PM_jpeg_jpg.rf.7f44a4f451ebe887a36902bbca272109.jpg,/kaggle/working/denguewatch_yolov8s_workspace/raw_data/roboflow_mosquito-breeding-expanded_v3_yolov8/train/labels/new_WhatsApp-Image-2023-07-30-at-5-47-58-PM_jpeg_jpg.rf.7f44a4f451ebe887a36902bbca272109.txt,train,0,Artificial Container,0.48710859375000004,0.5407460937499999,0.8047890625,0.5994484375
/kaggle/working/denguewatch_yolov8s_workspace/raw_data/roboflow_mosquito-breeding-expanded_v3_yolov8/train/images/new_WhatsApp-Image-2023-07-30-at-5-47-58-PM_jpeg_jpg.rf.a83a795c7690ae2364e39b903c64bc57.jpg,/kaggle/working/denguewatch_yolov8s_workspace/raw_data/roboflow_mosquito-breeding-expanded_v3_yolov8/train/labels/new_WhatsApp-Image-2023-07-30-at-5-47-58-PM_jpeg_jpg.rf.a83a795c7690ae2364e39b903c64bc57.txt,train,0,Artificial Container,0.45165781250000003,0.5064453125,0.5994468749999999,0.8047875
/kaggle/working/denguewatch_yolov8s_workspace/raw_data/roboflow_mosquito-breeding-expanded_v3_yolov8/train/images/new_WhatsApp-Image-2023-07-30-at-5-47-58-PM_jpeg_jpg.rf.f491bd9f5067f5b56e4013638dab81e3.jpg,/kaggle/working/denguewatch_yolov8s_workspace/raw_data/roboflow_mosquito-breeding-expanded_v3_yolov8/train/labels/new_WhatsApp-Image-2023-07-30-at-5-47-58-PM_jpeg_jpg.rf.f491bd9f5067f5b56e4013638dab81e3.txt,train,0,Artificial Container,0.5009453125,0.49768046875000005,0.5425,0.7277265625
/kaggle/working/denguewatch_yolov8s_workspace/raw_data/roboflow_mosquito-breeding-expanded_v3_yolov8/train/images/new_photo_2023-07-31_13-45-27_jpg.rf.4dbc4a718bbf6b3c3ea49ba03ede86ae.jpg,/kaggle/working/denguewatch_yolov8s_workspace/raw_data/roboflow_mosquito-breeding-expanded_v3_yolov8/train/labels/new_photo_2023-07-31_13-45-27_jpg.rf.4dbc4a718bbf6b3c3ea49ba03ede86ae.txt,train,0,Artificial Container,0.34921875,0.49921875,0.6953125,0.9984375
/kaggle/working/denguewatch_yolov8s_workspace/raw_data/roboflow_mosquito-breeding-expanded_v3_yolov8/train/images/new_photo_2023-07-31_13-45-27_jpg.rf.8401c95ca77dc0405d4ad29ad926a102.jpg,/kaggle/working/denguewatch_yolov8s_workspace/raw_data/roboflow_mosquito-breeding-expanded_v3_yolov8/train/labels/new_photo_2023-07-31_13-45-27_jpg.rf.8401c95ca77dc0405d4ad29ad926a102.txt,train,0,Artificial Container,0.3611109375,0.49921875,0.722221875,0.9984375
/kaggle/working/denguewatch_yolov8s_workspace/raw_data/roboflow_mosquito-breeding-expanded_v3_yolov8/train/images/new_photo_2023-07-31_13-45-27_jpg.rf.da37f17aee31984d365077bb45051159.jpg,/kaggle/working/denguewatch_yolov8s_workspace/raw_data/roboflow_mosquito-breeding-expanded_v3_yolov8/train/labels/new_photo_2023-07-31_13-45-27_jpg.rf.da37f17aee31984d365077bb45051159.txt,train,0,Artificial Container,0.49921875,0.34921875,0.9984375,0.6953125
/kaggle/working/denguewatch_yolov8s_workspace/raw_data/roboflow_mosquito-breeding-expanded_v3_yolov8/train/images/new_photo_2023-07-31_13-45-30_jpg.rf.3652d261bb7249cfa8c4d51db6fd82c8.jpg,/kaggle/working/denguewatch_yolov8s_workspace/raw_data/roboflow_mosquito-breeding-expanded_v3_yolov8/train/labels/new_photo_2023-07-31_13-45-30_jpg.rf.3652d261bb7249cfa8c4d51db6fd82c8.txt,train,0,Artificial Container,0.2414234375,0.47358359375000003,0.482846875,0.9471671875000001
/kaggle/working/denguewatch_yolov8s_workspace/raw_data/roboflow_mosquito-breeding-expanded_v3_yolov8/train/images/new_photo_2023-07-31_13-45-30_jpg.rf.556d08d52aef202b1a3fccc670094624.jpg,/kaggle/working/denguewatch_yolov8s_workspace/raw_data/roboflow_mosquito-breeding-expanded_v3_yolov8/train/labels/new_photo_2023-07-31_13-45-30_jpg.rf.556d08d52aef202b1a3fccc670094624.txt,train,0,Artificial Container,0.50555546875,0.2359375,0.9111109374999999,0.471875
/kaggle/working/denguewatch_yolov8s_workspace/raw_data/roboflow_mosquito-breeding-expanded_v3_yolov8/train/images/new_photo_2023-07-31_13-45-30_jpg.rf.bbc5745f186b659cbcfc2d12db0b9062.jpg,/kaggle/working/denguewatch_yolov8s_workspace/raw_data/roboflow_mosquito-breeding-expanded_v3_yolov8/train/labels/new_photo_2023-07-31_13-45-30_jpg.rf.bbc5745f186b659cbcfc2d12db0b9062.txt,train,0,Artificial Container,0.4832828125,0.77908203125,0.966565625,0.4387109374999999
/kaggle/working/denguewatch_yolov8s_workspace/raw_data/roboflow_mosquito-breeding-expanded_v3_yolov8/train/images/new_photo_2023-07-31_13-45-34_jpg.rf.5e9e188c2bcf56d748479a1a72cece0d.jpg,/kaggle/working/denguewatch_yolov8s_workspace/raw_data/roboflow_mosquito-breeding-expanded_v3_yolov8/train/labels/new_photo_2023-07-31_13-45-34_jpg.rf.5e9e188c2bcf56d748479a1a72cece0d.txt,train,0,Artificial Container,0.49921875,0.5315953125,0.9984375,0.6935218750000001
/kaggle/working/denguewatch_yolov8s_workspace/raw_data/roboflow_mosquito-breeding-expanded_v3_yolov8/train/images/new_photo_2023-07-31_13-45-34_jpg.rf.a9e2a8aece07ac2d9052136408f4ef05.jpg,/kaggle/working/denguewatch_yolov8s_workspace/raw_data/roboflow_mosquito-breeding-expanded_v3_yolov8/train/labels/new_photo_2023-07-31_13-45-34_jpg.rf.a9e2a8aece07ac2d9052136408f4ef05.txt,train,0,Artificial Container,0.49921875,0.53296953125,0.9984375,0.7365765624999999
/kaggle/working/denguewatch_yolov8s_workspace/raw_data/roboflow_mosquito-breeding-expanded_v3_yolov8/train/images/new_photo_2023-07-31_13-45-34_jpg.rf.baba0a8b91c74c405a436ff230966780.jpg,/kaggle/working/denguewatch_yolov8s_workspace/raw_data/roboflow_mosquito-breeding-expanded_v3_yolov8/train/labels/new_photo_2023-07-31_13-45-34_jpg.rf.baba0a8b91c74c405a436ff230966780.txt,train,0,Artificial Container,0.49921875,0.47109375,0.9984375,0.6859375000000001
/kaggle/working/denguewatch_yolov8s_workspace/raw_data/roboflow_mosquito-breeding-expanded_v3_yolov8/train/images/new_received_1294625624777138_jpeg_jpg.rf.b5a74b8e6084b9605ddb97b220ecea2d.jpg,/kaggle/working/denguewatch_yolov8s_workspace/raw_data/roboflow_mosquito-breeding-expanded_v3_yolov8/train/labels/new_received_1294625624777138_jpeg_jpg.rf.b5a74b8e6084b9605ddb97b220ecea2d.txt,train,1,Drain Inlet,0.4994406250000001,0.52688828125,0.9984375000000001,0.9430984375
/kaggle/working/denguewatch_yolov8s_workspace/raw_data/roboflow_mosquito-breeding-expanded_v3_yolov8/train/images/new_received_1294625624777138_jpeg_jpg.rf.bf20dbabc7c9217686df74b68d213a6e.jpg,/kaggle/working/denguewatch_yolov8s_workspace/raw_data/roboflow_mosquito-breeding-expanded_v3_yolov8/train/labels/new_received_1294625624777138_jpeg_jpg.rf.bf20dbabc7c9217686df74b68d213a6e.txt,train,0,Artificial Container,0.49921875,0.5116632812499999,0.9984375,0.9735484375
/kaggle/working/denguewatch_yolov8s_workspace/raw_data/roboflow_mosquito-breeding-expanded_v3_yolov8/train/images/new_received_1294625624777138_jpeg_jpg.rf.e187e3165bb5af4df2f8ce23aa70616f.jpg,/kaggle/working/denguewatch_yolov8s_workspace/raw_data/roboflow_mosquito-breeding-expanded_v3_yolov8/train/labels/new_received_1294625624777138_jpeg_jpg.rf.e187e3165bb5af4df2f8ce23aa70616f.txt,train,0,Artificial Container,0.51979609375,0.4994406250000001,0.9572828125,0.9984375000000001
/kaggle/working/denguewatch_yolov8s_workspace/raw_data/roboflow_mosquito-breeding-expanded_v3_yolov8/train/images/new_received_1675269969617839_jpeg_jpg.rf.0d778698b0fed5d30c40e7c5b1c98326.jpg,/kaggle/working/denguewatch_yolov8s_workspace/raw_data/roboflow_mosquito-breeding-expanded_v3_yolov8/train/labels/new_received_1675269969617839_jpeg_jpg.rf.0d778698b0fed5d30c40e7c5b1c98326.txt,train,0,Artificial Container,0.4470484375,0.5517578125,0.894096875,0.732421875
/kaggle/working/denguewatch_yolov8s_workspace/raw_data/roboflow_mosquito-breeding-expanded_v3_yolov8/train/images/new_received_1675269969617839_jpeg_jpg.rf.8a816d6a770c305128669bf391ad8b70.jpg,/kaggle/working/denguewatch_yolov8s_workspace/raw_data/roboflow_mosquito-breeding-expanded_v3_yolov8/train/labels/new_received_1675269969617839_jpeg_jpg.rf.8a816d6a770c305128669bf391ad8b70.txt,train,0,Artificial Container,0.4673859375,0.51564140625,0.934771875,0.8090609375
/kaggle/working/denguewatch_yolov8s_workspace/raw_data/roboflow_mosquito-breeding-expanded_v3_yolov8/train/images/new_received_1675269969617839_jpeg_jpg.rf.b738cb7d4edf253b4a0753834f122706.jpg,/kaggle/working/denguewatch_yolov8s_workspace/raw_data/roboflow_mosquito-breeding-expanded_v3_yolov8/train/labels/new_received_1675269969617839_jpeg_jpg.rf.b738cb7d4edf253b4a0753834f122706.txt,train,0,Artificial Container,0.452821875,0.44543671874999996,0.90564375,0.7440484374999999
/kaggle/working/denguewatch_yolov8s_workspace/raw_data/roboflow_mosquito-breeding-expanded_v3_yolov8/train/images/old_20240701_124303_jpg.rf.861a4ca3d4abd69686ce7bab06cf14f4.jpg,/kaggle/working/denguewatch_yolov8s_workspace/raw_data/roboflow_mosquito-breeding-expanded_v3_yolov8/train/labels/old_20240701_124303_jpg.rf.861a4ca3d4abd69686ce7bab06cf14f4.txt,train,0,Artificial Container,0.35611110625,0.290482271875,0.07561394062499999,0.16256918437499998
/kaggle/working/denguewatch_yolov8s_workspace/raw_data/roboflow_mosquito-breeding-expanded_v3_yolov8/train/images/old_20240701_124303_jpg.rf.a8da08f18942529f1aeed42d185e01b6.jpg,/kaggle/working/denguewatch_yolov8s_workspace/raw_data/roboflow_mosquito-breeding-expanded_v3_yolov8/train/labels/old_20240701_124303_jpg.rf.a8da08f18942529f1aeed42d185e01b6.txt,train,0,Artificial Container,0.35611110625,0.290482271875,0.07561394062499999,0.16256918437499998
/kaggle/working/denguewatch_yolov8s_workspace/raw_data/roboflow_mosquito-breeding-expanded_v3_yolov8/train/images/old_20240701_124303_jpg.rf.bac56feeb99d2843bfdb87e03bec9929.jpg,/kaggle/working/denguewatch_yolov8s_workspace/raw_data/roboflow_mosquito-breeding-expanded_v3_yolov8/train/labels/old_20240701_124303_jpg.rf.bac56feeb99d2843bfdb87e03bec9929.txt,train,0,Artificial Container,0.35611110625,0.290482271875,0.07561394062499999,0.16256918437499998
/kaggle/working/denguewatch_yolov8s_workspace/raw_data/roboflow_mosquito-breeding-expanded_v3_yolov8/train/images/old_20240701_124311_jpg.rf.1f295a162458296899d30368a031cd0c.jpg,/kaggle/working/denguewatch_yolov8s_workspace/raw_data/roboflow_mosquito-breeding-expanded_v3_yolov8/train/labels/old_20240701_124311_jpg.rf.1f295a162458296899d30368a031cd0c.txt,train,0,Artificial Container,0.2808333328125,0.4211071640625,0.21499999999999997,0.43072824062500004
/kaggle/working/denguewatch_yolov8s_workspace/raw_data/roboflow_mosquito-breeding-expanded_v3_yolov8/train/images/old_20240701_124311_jpg.rf.924d18c63ace0fe252ed0948873bc09a.jpg,/kaggle/working/denguewatch_yolov8s_workspace/raw_data/roboflow_mosquito-breeding-expanded_v3_yolov8/train/labels/old_20240701_124311_jpg.rf.924d18c63ace0fe252ed0948873bc09a.txt,train,0,Artificial Container,0.2808333328125,0.4211071640625,0.21499999999999997,0.43072824062500004
/kaggle/working/denguewatch_yolov8s_workspace/raw_data/roboflow_mosquito-breeding-expanded_v3_yolov8/train/images/old_20240701_124311_jpg.rf.cca0cd555e15bfd10e72532032d5bf43.jpg,/kaggle/working/denguewatch_yolov8s_workspace/raw_data/roboflow_mosquito-breeding-expanded_v3_yolov8/train/labels/old_20240701_124311_jpg.rf.cca0cd555e15bfd10e72532032d5bf43.txt,train,0,Artificial Container,0.2808333328125,0.4211071640625,0.21499999999999997,0.43072824062500004
/kaggle/working/denguewatch_yolov8s_workspace/raw_data/roboflow_mosquito-breeding-expanded_v3_yolov8/train/images/old_20240701_124335_jpg.rf.a088f9e749f8b5af7ad7530bbb4c742a.jpg,/kaggle/working/denguewatch_yolov8s_workspace/raw_data/roboflow_mosquito-breeding-expanded_v3_yolov8/train/labels/old_20240701_124335_jpg.rf.a088f9e749f8b5af7ad7530bbb4c742a.txt,train,0,Artificial Container,0.7574394437499999,0.12044058515625,0.11251430312499999,0.2408811703125
/kaggle/working/denguewatch_yolov8s_workspace/raw_data/roboflow_mosquito-breeding-expanded_v3_yolov8/train/images/old_20240701_124335_jpg.rf.a088f9e749f8b5af7ad7530bbb4c742a.jpg,/kaggle/working/denguewatch_yolov8s_workspace/raw_data/roboflow_mosquito-breeding-expanded_v3_yolov8/train/labels/old_20240701_124335_jpg.rf.a088f9e749f8b5af7ad7530bbb4c742a.txt,train,0,Artificial Container,0.025552373437499998,0.11717865625,0.051104746874999996,0.21455246874999997
/kaggle/working/denguewatch_yolov8s_workspace/raw_data/roboflow_mosquito-breeding-expanded_v3_yolov8/train/images/old_20240701_124335_jpg.rf.d46dacf6fd157f4f2d8ab755d9cf98e3.jpg,/kaggle/working/denguewatch_yolov8s_workspace/raw_data/roboflow_mosquito-breeding-expanded_v3_yolov8/train/labels/old_20240701_124335_jpg.rf.d46dacf6fd157f4f2d8ab755d9cf98e3.txt,train,0,Artificial Container,0.7574394437499999,0.12044058515625,0.11251430312499999,0.2408811703125
/kaggle/working/denguewatch_yolov8s_workspace/raw_data/roboflow_mosquito-breeding-expanded_v3_yolov8/train/images/old_20240701_124335_jpg.rf.d46dacf6fd157f4f2d8ab755d9cf98e3.jpg,/kaggle/working/denguewatch_yolov8s_workspace/raw_data/roboflow_mosquito-breeding-expanded_v3_yolov8/train/labels/old_20240701_124335_jpg.rf.d46dacf6fd157f4f2d8ab755d9cf98e3.txt,train,0,Artificial Container,0.025552373437499998,0.11717865625,0.051104746874999996,0.21455246874999997
/kaggle/working/denguewatch_yolov8s_workspace/raw_data/roboflow_mosquito-breeding-expanded_v3_yolov8/train/images/old_20240701_124335_jpg.rf.ecc32415cf5b5c139da7bc6e7ca23a83.jpg,/kaggle/working/denguewatch_yolov8s_workspace/raw_data/roboflow_mosquito-breeding-expanded_v3_yolov8/train/labels/old_20240701_124335_jpg.rf.ecc32415cf5b5c139da7bc6e7ca23a83.txt,train,0,Artificial Container,0.7574394437499999,0.12044058515625,0.11251430312499999,0.2408811703125
/kaggle/working/denguewatch_yolov8s_workspace/raw_data/roboflow_mosquito-breeding-expanded_v3_yolov8/train/images/old_20240701_124335_jpg.rf.ecc32415cf5b5c139da7bc6e7ca23a83.jpg,/kaggle/working/denguewatch_yolov8s_workspace/raw_data/roboflow_mosquito-breeding-expanded_v3_yolov8/train/labels/old_20240701_124335_jpg.rf.ecc32415cf5b5c139da7bc6e7ca23a83.txt,train,0,Artificial Container,0.025552373437499998,0.11717865625,0.051104746874999996,0.21455246874999997
/kaggle/working/denguewatch_yolov8s_workspace/raw_data/roboflow_mosquito-breeding-expanded_v3_yolov8/train/images/old_20240701_124436_jpg.rf.07e8ada95ead50bc51d92c369e35e793.jpg,/kaggle/working/denguewatch_yolov8s_workspace/raw_data/roboflow_mosquito-breeding-expanded_v3_yolov8/train/labels/old_20240701_124436_jpg.rf.07e8ada95ead50bc51d92c369e35e793.txt,train,0,Artificial Container,0.35725675703125004,0.29610973359375,0.1361801796875,0.30772132656249995
/kaggle/working/denguewatch_yolov8s_workspace/raw_data/roboflow_mosquito-breeding-expanded_v3_yolov8/train/images/old_20240701_124436_jpg.rf.07e8ada95ead50bc51d92c369e35e793.jpg,/kaggle/working/denguewatch_yolov8s_workspace/raw_data/roboflow_mosquito-breeding-expanded_v3_yolov8/train/labels/old_20240701_124436_jpg.rf.07e8ada95ead50bc51d92c369e35e793.txt,train,0,Artificial Container,0.53332856484375,0.11491144687499999,0.06404494218750001,0.132812225
/kaggle/working/denguewatch_yolov8s_workspace/raw_data/roboflow_mosquito-breeding-expanded_v3_yolov8/train/images/old_20240701_124436_jpg.rf.07e8ada95ead50bc51d92c369e35e793.jpg,/kaggle/working/denguewatch_yolov8s_workspace/raw_data/roboflow_mosquito-breeding-expanded_v3_yolov8/train/labels/old_20240701_124436_jpg.rf.07e8ada95ead50bc51d92c369e35e793.txt,train,0,Artificial Container,0.56242512578125,0.07218055703125001,0.031209717187499986,0.07044822343750001
/kaggle/working/denguewatch_yolov8s_workspace/raw_data/roboflow_mosquito-breeding-expanded_v3_yolov8/train/images/old_20240701_124436_jpg.rf.07e8ada95ead50bc51d92c369e35e793.jpg,/kaggle/working/denguewatch_yolov8s_workspace/raw_data/roboflow_mosquito-breeding-expanded_v3_yolov8/train/labels/old_20240701_124436_jpg.rf.07e8ada95ead50bc51d92c369e35e793.txt,train,0,Artificial Container,0.58274395234375,0.04388577890625,0.02308218593749989,0.055434667187499995
/kaggle/working/denguewatch_yolov8s_workspace/raw_data/roboflow_mosquito-breeding-expanded_v3_yolov8/train/images/old_20240701_124436_jpg.rf.07e8ada95ead50bc51d92c369e35e793.jpg,/kaggle/working/denguewatch_yolov8s_workspace/raw_data/roboflow_mosquito-breeding-expanded_v3_yolov8/train/labels/old_20240701_124436_jpg.rf.07e8ada95ead50bc51d92c369e35e793.txt,train,0,Artificial Container,0.58989617890625,0.03551283359375,0.018530770312500056,0.0502376671875
/kaggle/working/denguewatch_yolov8s_workspace/raw_data/roboflow_mosquito-breeding-expanded_v3_yolov8/train/images/old_20240701_124436_jpg.rf.5733a9fcfcf3339295b2a3c851100855.jpg,/kaggle/working/denguewatch_yolov8s_workspace/raw_data/roboflow_mosquito-breeding-expanded_v3_yolov8/train/labels/old_20240701_124436_jpg.rf.5733a9fcfcf3339295b2a3c851100855.txt,train,0,Artificial Container,0.35725675703125004,0.29610973359375,0.1361801796875,0.30772132656249995
/kaggle/working/denguewatch_yolov8s_workspace/raw_data/roboflow_mosquito-breeding-expanded_v3_yolov8/train/images/old_20240701_124436_jpg.rf.5733a9fcfcf3339295b2a3c851100855.jpg,/kaggle/working/denguewatch_yolov8s_workspace/raw_data/roboflow_mosquito-breeding-expanded_v3_yolov8/train/labels/old_20240701_124436_jpg.rf.5733a9fcfcf3339295b2a3c851100855.txt,train,0,Artificial Container,0.53332856484375,0.11491144687499999,0.06404494218750001,0.132812225
/kaggle/working/denguewatch_yolov8s_workspace/raw_data/roboflow_mosquito-breeding-expanded_v3_yolov8/train/images/old_20240701_124436_jpg.rf.5733a9fcfcf3339295b2a3c851100855.jpg,/kaggle/working/denguewatch_yolov8s_workspace/raw_data/roboflow_mosquito-breeding-expanded_v3_yolov8/train/labels/old_20240701_124436_jpg.rf.5733a9fcfcf3339295b2a3c851100855.txt,train,0,Artificial Container,0.56242512578125,0.07218055703125001,0.031209717187499986,0.07044822343750001
/kaggle/working/denguewatch_yolov8s_workspace/raw_data/roboflow_mosquito-breeding-expanded_v3_yolov8/train/images/old_20240701_124436_jpg.rf.5733a9fcfcf3339295b2a3c851100855.jpg,/kaggle/working/denguewatch_yolov8s_workspace/raw_data/roboflow_mosquito-breeding-expanded_v3_yolov8/train/labels/old_20240701_124436_jpg.rf.5733a9fcfcf3339295b2a3c851100855.txt,train,0,Artificial Container,0.58274395234375,0.04388577890625,0.02308218593749989,0.055434667187499995
/kaggle/working/denguewatch_yolov8s_workspace/raw_data/roboflow_mosquito-breeding-expanded_v3_yolov8/train/images/old_20240701_124436_jpg.rf.5733a9fcfcf3339295b2a3c851100855.jpg,/kaggle/working/denguewatch_yolov8s_workspace/raw_data/roboflow_mosquito-breeding-expanded_v3_yolov8/train/labels/old_20240701_124436_jpg.rf.5733a9fcfcf3339295b2a3c851100855.txt,train,0,Artificial Container,0.58989617890625,0.03551283359375,0.018530770312500056,0.0502376671875
/kaggle/working/denguewatch_yolov8s_workspace/raw_data/roboflow_mosquito-breeding-expanded_v3_yolov8/train/images/old_20240701_124436_jpg.rf.c486586e8b6a0f66c854d339e6f84213.jpg,/kaggle/working/denguewatch_yolov8s_workspace/raw_data/roboflow_mosquito-breeding-expanded_v3_yolov8/train/labels/old_20240701_124436_jpg.rf.c486586e8b6a0f66c854d339e6f84213.txt,train,0,Artificial Container,0.35725675703125004,0.29610973359375,0.1361801796875,0.30772132656249995
/kaggle/working/denguewatch_yolov8s_workspace/raw_data/roboflow_mosquito-breeding-expanded_v3_yolov8/train/images/old_20240701_124436_jpg.rf.c486586e8b6a0f66c854d339e6f84213.jpg,/kaggle/working/denguewatch_yolov8s_workspace/raw_data/roboflow_mosquito-breeding-expanded_v3_yolov8/train/labels/old_20240701_124436_jpg.rf.c486586e8b6a0f66c854d339e6f84213.txt,train,0,Artificial Container,0.53332856484375,0.11491144687499999,0.06404494218750001,0.132812225
/kaggle/working/denguewatch_yolov8s_workspace/raw_data/roboflow_mosquito-breeding-expanded_v3_yolov8/train/images/old_20240701_124436_jpg.rf.c486586e8b6a0f66c854d339e6f84213.jpg,/kaggle/working/denguewatch_yolov8s_workspace/raw_data/roboflow_mosquito-breeding-expanded_v3_yolov8/train/labels/old_20240701_124436_jpg.rf.c486586e8b6a0f66c854d339e6f84213.txt,train,0,Artificial Container,0.56242512578125,0.07218055703125001,0.031209717187499986,0.07044822343750001
/kaggle/working/denguewatch_yolov8s_workspace/raw_data/roboflow_mosquito-breeding-expanded_v3_yolov8/train/images/old_20240701_124436_jpg.rf.c486586e8b6a0f66c854d339e6f84213.jpg,/kaggle/working/denguewatch_yolov8s_workspace/raw_data/roboflow_mosquito-breeding-expanded_v3_yolov8/train/labels/old_20240701_124436_jpg.rf.c486586e8b6a0f66c854d339e6f84213.txt,train,0,Artificial Container,0.58274395234375,0.04388577890625,0.02308218593749989,0.055434667187499995
/kaggle/working/denguewatch_yolov8s_workspace/raw_data/roboflow_mosquito-breeding-expanded_v3_yolov8/train/images/old_20240701_124436_jpg.rf.c486586e8b6a0f66c854d339e6f84213.jpg,/kaggle/working/denguewatch_yolov8s_workspace/raw_data/roboflow_mosquito-breeding-expanded_v3_yolov8/train/labels/old_20240701_124436_jpg.rf.c486586e8b6a0f66c854d339e6f84213.txt,train,0,Artificial Container,0.58989617890625,0.03551283359375,0.018530770312500056,0.0502376671875
/kaggle/working/denguewatch_yolov8s_workspace/raw_data/roboflow_mosquito-breeding-expanded_v3_yolov8/train/images/old_20240701_124615_jpg.rf.10f4b971298cf5d84c9441465569e8e3.jpg,/kaggle/working/denguewatch_yolov8s_workspace/raw_data/roboflow_mosquito-breeding-expanded_v3_yolov8/train/labels/old_20240701_124615_jpg.rf.10f4b971298cf5d84c9441465569e8e3.txt,train,0,Artificial Container,0.017736191406249997,0.48083491874999995,0.035472382812499995,0.27574875312499997
/kaggle/working/denguewatch_yolov8s_workspace/raw_data/roboflow_mosquito-breeding-expanded_v3_yolov8/train/images/old_20240701_124615_jpg.rf.10f4b971298cf5d84c9441465569e8e3.jpg,/kaggle/working/denguewatch_yolov8s_workspace/raw_data/roboflow_mosquito-breeding-expanded_v3_yolov8/train/labels/old_20240701_124615_jpg.rf.10f4b971298cf5d84c9441465569e8e3.txt,train,0,Artificial Container,0.49678404453124997,0.279329515625,0.1010515890625,0.242677396875
/kaggle/working/denguewatch_yolov8s_workspace/raw_data/roboflow_mosquito-breeding-expanded_v3_yolov8/train/images/old_20240701_124615_jpg.rf.10f4b971298cf5d84c9441465569e8e3.jpg,/kaggle/working/denguewatch_yolov8s_workspace/raw_data/roboflow_mosquito-breeding-expanded_v3_yolov8/train/labels/old_20240701_124615_jpg.rf.10f4b971298cf5d84c9441465569e8e3.txt,train,0,Artificial Container,0.54391895390625,0.17306970234375,0.03247941406249999,0.0521579921875
/kaggle/working/denguewatch_yolov8s_workspace/raw_data/roboflow_mosquito-breeding-expanded_v3_yolov8/train/images/old_20240701_124615_jpg.rf.10f4b971298cf5d84c9441465569e8e3.jpg,/kaggle/working/denguewatch_yolov8s_workspace/raw_data/roboflow_mosquito-breeding-expanded_v3_yolov8/train/labels/old_20240701_124615_jpg.rf.10f4b971298cf5d84c9441465569e8e3.txt,train,0,Artificial Container,0.6533701296875001,0.1224922546875,0.07430222187500002,0.1612156125
/kaggle/working/denguewatch_yolov8s_workspace/raw_data/roboflow_mosquito-breeding-expanded_v3_yolov8/train/images/old_20240701_124615_jpg.rf.10f4b971298cf5d84c9441465569e8e3.jpg,/kaggle/working/denguewatch_yolov8s_workspace/raw_data/roboflow_mosquito-breeding-expanded_v3_yolov8/train/labels/old_20240701_124615_jpg.rf.10f4b971298cf5d84c9441465569e8e3.txt,train,0,Artificial Container,0.7127856906250001,0.05605993359375,0.05175341562500002,0.1121198671875
/kaggle/working/denguewatch_yolov8s_workspace/raw_data/roboflow_mosquito-breeding-expanded_v3_yolov8/train/images/old_20240701_124615_jpg.rf.33f441e4edc94cc10920b8114065c83c.jpg,/kaggle/working/denguewatch_yolov8s_workspace/raw_data/roboflow_mosquito-breeding-expanded_v3_yolov8/train/labels/old_20240701_124615_jpg.rf.33f441e4edc94cc10920b8114065c83c.txt,train,0,Artificial Container,0.017736191406249997,0.48083491874999995,0.035472382812499995,0.27574875312499997
/kaggle/working/denguewatch_yolov8s_workspace/raw_data/roboflow_mosquito-breeding-expanded_v3_yolov8/train/images/old_20240701_124615_jpg.rf.33f441e4edc94cc10920b8114065c83c.jpg,/kaggle/working/denguewatch_yolov8s_workspace/raw_data/roboflow_mosquito-breeding-expanded_v3_yolov8/train/labels/old_20240701_124615_jpg.rf.33f441e4edc94cc10920b8114065c83c.txt,train,0,Artificial Container,0.49678404453124997,0.279329515625,0.1010515890625,0.242677396875
/kaggle/working/denguewatch_yolov8s_workspace/raw_data/roboflow_mosquito-breeding-expanded_v3_yolov8/train/images/old_20240701_124615_jpg.rf.33f441e4edc94cc10920b8114065c83c.jpg,/kaggle/working/denguewatch_yolov8s_workspace/raw_data/roboflow_mosquito-breeding-expanded_v3_yolov8/train/labels/old_20240701_124615_jpg.rf.33f441e4edc94cc10920b8114065c83c.txt,train,0,Artificial Container,0.54391895390625,0.17306970234375,0.03247941406249999,0.0521579921875
/kaggle/working/denguewatch_yolov8s_workspace/raw_data/roboflow_mosquito-breeding-expanded_v3_yolov8/train/images/old_20240701_124615_jpg.rf.33f441e4edc94cc10920b8114065c83c.jpg,/kaggle/working/denguewatch_yolov8s_workspace/raw_data/roboflow_mosquito-breeding-expanded_v3_yolov8/train/labels/old_20240701_124615_jpg.rf.33f441e4edc94cc10920b8114065c83c.txt,train,0,Artificial Container,0.6533701296875001,0.1224922546875,0.07430222187500002,0.1612156125
/kaggle/working/denguewatch_yolov8s_workspace/raw_data/roboflow_mosquito-breeding-expanded_v3_yolov8/train/images/old_20240701_124615_jpg.rf.33f441e4edc94cc10920b8114065c83c.jpg,/kaggle/working/denguewatch_yolov8s_workspace/raw_data/roboflow_mosquito-breeding-expanded_v3_yolov8/train/labels/old_20240701_124615_jpg.rf.33f441e4edc94cc10920b8114065c83c.txt,train,0,Artificial Container,0.7127856906250001,0.05605993359375,0.05175341562500002,0.1121198671875
/kaggle/working/denguewatch_yolov8s_workspace/raw_data/roboflow_mosquito-breeding-expanded_v3_yolov8/train/images/old_20240701_124615_jpg.rf.d9edc94393504cd1fcafc2ac7c3fdb94.jpg,/kaggle/working/denguewatch_yolov8s_workspace/raw_data/roboflow_mosquito-breeding-expanded_v3_yolov8/train/labels/old_20240701_124615_jpg.rf.d9edc94393504cd1fcafc2ac7c3fdb94.txt,train,0,Artificial Container,0.017736191406249997,0.48083491874999995,0.035472382812499995,0.27574875312499997
/kaggle/working/denguewatch_yolov8s_workspace/raw_data/roboflow_mosquito-breeding-expanded_v3_yolov8/train/images/old_20240701_124615_jpg.rf.d9edc94393504cd1fcafc2ac7c3fdb94.jpg,/kaggle/working/denguewatch_yolov8s_workspace/raw_data/roboflow_mosquito-breeding-expanded_v3_yolov8/train/labels/old_20240701_124615_jpg.rf.d9edc94393504cd1fcafc2ac7c3fdb94.txt,train,0,Artificial Container,0.49678404453124997,0.279329515625,0.1010515890625,0.242677396875
/kaggle/working/denguewatch_yolov8s_workspace/raw_data/roboflow_mosquito-breeding-expanded_v3_yolov8/train/images/old_20240701_124615_jpg.rf.d9edc94393504cd1fcafc2ac7c3fdb94.jpg,/kaggle/working/denguewatch_yolov8s_workspace/raw_data/roboflow_mosquito-breeding-expanded_v3_yolov8/train/labels/old_20240701_124615_jpg.rf.d9edc94393504cd1fcafc2ac7c3fdb94.txt,train,0,Artificial Container,0.54391895390625,0.17306970234375,0.03247941406249999,0.0521579921875
/kaggle/working/denguewatch_yolov8s_workspace/raw_data/roboflow_mosquito-breeding-expanded_v3_yolov8/train/images/old_20240701_124615_jpg.rf.d9edc94393504cd1fcafc2ac7c3fdb94.jpg,/kaggle/working/denguewatch_yolov8s_workspace/raw_data/roboflow_mosquito-breeding-expanded_v3_yolov8/train/labels/old_20240701_124615_jpg.rf.d9edc94393504cd1fcafc2ac7c3fdb94.txt,train,0,Artificial Container,0.6533701296875001,0.1224922546875,0.07430222187500002,0.1612156125
/kaggle/working/denguewatch_yolov8s_workspace/raw_data/roboflow_mosquito-breeding-expanded_v3_yolov8/train/images/old_20240701_124615_jpg.rf.d9edc94393504cd1fcafc2ac7c3fdb94.jpg,/kaggle/working/denguewatch_yolov8s_workspace/raw_data/roboflow_mosquito-breeding-expanded_v3_yolov8/train/labels/old_20240701_124615_jpg.rf.d9edc94393504cd1fcafc2ac7c3fdb94.txt,train,0,Artificial Container,0.7127856906250001,0.05605993359375,0.05175341562500002,0.1121198671875
/kaggle/working/denguewatch_yolov8s_workspace/raw_data/roboflow_mosquito-breeding-expanded_v3_yolov8/train/images/old_20240701_124616_jpg.rf.3db04795b041aebea3f49dc22b04b5ca.jpg,/kaggle/working/denguewatch_yolov8s_workspace/raw_data/roboflow_mosquito-breeding-expanded_v3_yolov8/train/labels/old_20240701_124616_jpg.rf.3db04795b041aebea3f49dc22b04b5ca.txt,train,0,Artificial Container,0.65708333359375,0.14135583203125,0.11583333281250008,0.2827116640625
/kaggle/working/denguewatch_yolov8s_workspace/raw_data/roboflow_mosquito-breeding-expanded_v3_yolov8/train/images/old_20240701_124616_jpg.rf.3db04795b041aebea3f49dc22b04b5ca.jpg,/kaggle/working/denguewatch_yolov8s_workspace/raw_data/roboflow_mosquito-breeding-expanded_v3_yolov8/train/labels/old_20240701_124616_jpg.rf.3db04795b041aebea3f49dc22b04b5ca.txt,train,0,Artificial Container,0.15583333359375,0.31009473046875,0.1416666671875,0.2679100046875
/kaggle/working/denguewatch_yolov8s_workspace/raw_data/roboflow_mosquito-breeding-expanded_v3_yolov8/train/images/old_20240701_124616_jpg.rf.3db04795b041aebea3f49dc22b04b5ca.jpg,/kaggle/working/denguewatch_yolov8s_workspace/raw_data/roboflow_mosquito-breeding-expanded_v3_yolov8/train/labels/old_20240701_124616_jpg.rf.3db04795b041aebea3f49dc22b04b5ca.txt,train,0,Artificial Container,0.0975,0.15837773828125,0.10833333437499999,0.2101835390625
/kaggle/working/denguewatch_yolov8s_workspace/raw_data/roboflow_mosquito-breeding-expanded_v3_yolov8/train/images/old_20240701_124616_jpg.rf.3db04795b041aebea3f49dc22b04b5ca.jpg,/kaggle/working/denguewatch_yolov8s_workspace/raw_data/roboflow_mosquito-breeding-expanded_v3_yolov8/train/labels/old_20240701_124616_jpg.rf.3db04795b041aebea3f49dc22b04b5ca.txt,train,0,Artificial Container,0.73208333359375,0.03108348125,0.05416666718750007,0.0621669625
/kaggle/working/denguewatch_yolov8s_workspace/raw_data/roboflow_mosquito-breeding-expanded_v3_yolov8/train/images/old_20240701_124616_jpg.rf.3db04795b041aebea3f49dc22b04b5ca.jpg,/kaggle/working/denguewatch_yolov8s_workspace/raw_data/roboflow_mosquito-breeding-expanded_v3_yolov8/train/labels/old_20240701_124616_jpg.rf.3db04795b041aebea3f49dc22b04b5ca.txt,train,0,Artificial Container,0.8674999999999999,0.026642984375000005,0.08333333437500012,0.050325637500000006
/kaggle/working/denguewatch_yolov8s_workspace/raw_data/roboflow_mosquito-breeding-expanded_v3_yolov8/train/images/old_20240701_124616_jpg.rf.547a604389253c065a16916f046ce8ca.jpg,/kaggle/working/denguewatch_yolov8s_workspace/raw_data/roboflow_mosquito-breeding-expanded_v3_yolov8/train/labels/old_20240701_124616_jpg.rf.547a604389253c065a16916f046ce8ca.txt,train,0,Artificial Container,0.65708333359375,0.14135583203125,0.11583333281250008,0.2827116640625
/kaggle/working/denguewatch_yolov8s_workspace/raw_data/roboflow_mosquito-breeding-expanded_v3_yolov8/train/images/old_20240701_124616_jpg.rf.547a604389253c065a16916f046ce8ca.jpg,/kaggle/working/denguewatch_yolov8s_workspace/raw_data/roboflow_mosquito-breeding-expanded_v3_yolov8/train/labels/old_20240701_124616_jpg.rf.547a604389253c065a16916f046ce8ca.txt,train,0,Artificial Container,0.15583333359375,0.31009473046875,0.1416666671875,0.2679100046875
/kaggle/working/denguewatch_yolov8s_workspace/raw_data/roboflow_mosquito-breeding-expanded_v3_yolov8/train/images/old_20240701_124616_jpg.rf.547a604389253c065a16916f046ce8ca.jpg,/kaggle/working/denguewatch_yolov8s_workspace/raw_data/roboflow_mosquito-breeding-expanded_v3_yolov8/train/labels/old_20240701_124616_jpg.rf.547a604389253c065a16916f046ce8ca.txt,train,0,Artificial Container,0.0975,0.15837773828125,0.10833333437499999,0.2101835390625
/kaggle/working/denguewatch_yolov8s_workspace/raw_data/roboflow_mosquito-breeding-expanded_v3_yolov8/train/images/old_20240701_124616_jpg.rf.547a604389253c065a16916f046ce8ca.jpg,/kaggle/working/denguewatch_yolov8s_workspace/raw_data/roboflow_mosquito-breeding-expanded_v3_yolov8/train/labels/old_20240701_124616_jpg.rf.547a604389253c065a16916f046ce8ca.txt,train,0,Artificial Container,0.73208333359375,0.03108348125,0.05416666718750007,0.0621669625
/kaggle/working/denguewatch_yolov8s_workspace/raw_data/roboflow_mosquito-breeding-expanded_v3_yolov8/train/images/old_20240701_124616_jpg.rf.547a604389253c065a16916f046ce8ca.jpg,/kaggle/working/denguewatch_yolov8s_workspace/raw_data/roboflow_mosquito-breeding-expanded_v3_yolov8/train/labels/old_20240701_124616_jpg.rf.547a604389253c065a16916f046ce8ca.txt,train,0,Artificial Container,0.8674999999999999,0.026642984375000005,0.08333333437500012,0.050325637500000006
/kaggle/working/denguewatch_yolov8s_workspace/raw_data/roboflow_mosquito-breeding-expanded_v3_yolov8/train/images/old_20240701_124616_jpg.rf.9b53063acc0f6d1501f31bc08f802984.jpg,/kaggle/working/denguewatch_yolov8s_workspace/raw_data/roboflow_mosquito-breeding-expanded_v3_yolov8/train/labels/old_20240701_124616_jpg.rf.9b53063acc0f6d1501f31bc08f802984.txt,train,0,Artificial Container,0.65708333359375,0.14135583203125,0.11583333281250008,0.2827116640625
/kaggle/working/denguewatch_yolov8s_workspace/raw_data/roboflow_mosquito-breeding-expanded_v3_yolov8/train/images/old_20240701_124616_jpg.rf.9b53063acc0f6d1501f31bc08f802984.jpg,/kaggle/working/denguewatch_yolov8s_workspace/raw_data/roboflow_mosquito-breeding-expanded_v3_yolov8/train/labels/old_20240701_124616_jpg.rf.9b53063acc0f6d1501f31bc08f802984.txt,train,0,Artificial Container,0.15583333359375,0.31009473046875,0.1416666671875,0.2679100046875
/kaggle/working/denguewatch_yolov8s_workspace/raw_data/roboflow_mosquito-breeding-expanded_v3_yolov8/train/images/old_20240701_124616_jpg.rf.9b53063acc0f6d1501f31bc08f802984.jpg,/kaggle/working/denguewatch_yolov8s_workspace/raw_data/roboflow_mosquito-breeding-expanded_v3_yolov8/train/labels/old_20240701_124616_jpg.rf.9b53063acc0f6d1501f31bc08f802984.txt,train,0,Artificial Container,0.0975,0.15837773828125,0.10833333437499999,0.2101835390625
/kaggle/working/denguewatch_yolov8s_workspace/raw_data/roboflow_mosquito-breeding-expanded_v3_yolov8/train/images/old_20240701_124616_jpg.rf.9b53063acc0f6d1501f31bc08f802984.jpg,/kaggle/working/denguewatch_yolov8s_workspace/raw_data/roboflow_mosquito-breeding-expanded_v3_yolov8/train/labels/old_20240701_124616_jpg.rf.9b53063acc0f6d1501f31bc08f802984.txt,train,0,Artificial Container,0.73208333359375,0.03108348125,0.05416666718750007,0.0621669625
/kaggle/working/denguewatch_yolov8s_workspace/raw_data/roboflow_mosquito-breeding-expanded_v3_yolov8/train/images/old_20240701_124616_jpg.rf.9b53063acc0f6d1501f31bc08f802984.jpg,/kaggle/working/denguewatch_yolov8s_workspace/raw_data/roboflow_mosquito-breeding-expanded_v3_yolov8/train/labels/old_20240701_124616_jpg.rf.9b53063acc0f6d1501f31bc08f802984.txt,train,0,Artificial Container,0.8674999999999999,0.026642984375000005,0.08333333437500012,0.050325637500000006
/kaggle/working/denguewatch_yolov8s_workspace/raw_data/roboflow_mosquito-breeding-expanded_v3_yolov8/train/images/old_20240701_124619-0-_jpg.rf.272c48c0f378797e9d8b33f9e3d96a43.jpg,/kaggle/working/denguewatch_yolov8s_workspace/raw_data/roboflow_mosquito-breeding-expanded_v3_yolov8/train/labels/old_20240701_124619-0-_jpg.rf.272c48c0f378797e9d8b33f9e3d96a43.txt,train,0,Artificial Container,0.6671539757812499,0.32283603359375,0.08118347968750006,0.17393877656249995
/kaggle/working/denguewatch_yolov8s_workspace/raw_data/roboflow_mosquito-breeding-expanded_v3_yolov8/train/images/old_20240701_124619-0-_jpg.rf.272c48c0f378797e9d8b33f9e3d96a43.jpg,/kaggle/working/denguewatch_yolov8s_workspace/raw_data/roboflow_mosquito-breeding-expanded_v3_yolov8/train/labels/old_20240701_124619-0-_jpg.rf.272c48c0f378797e9d8b33f9e3d96a43.txt,train,0,Artificial Container,0.741756,0.19613666640625,0.05340122187499996,0.11017778593750002
/kaggle/working/denguewatch_yolov8s_workspace/raw_data/roboflow_mosquito-breeding-expanded_v3_yolov8/train/images/old_20240701_124619-0-_jpg.rf.272c48c0f378797e9d8b33f9e3d96a43.jpg,/kaggle/working/denguewatch_yolov8s_workspace/raw_data/roboflow_mosquito-breeding-expanded_v3_yolov8/train/labels/old_20240701_124619-0-_jpg.rf.272c48c0f378797e9d8b33f9e3d96a43.txt,train,0,Artificial Container,0.81772755078125,0.12854352421874998,0.04191788593750001,0.0802940703125
/kaggle/working/denguewatch_yolov8s_workspace/raw_data/roboflow_mosquito-breeding-expanded_v3_yolov8/train/images/old_20240701_124619-0-_jpg.rf.272c48c0f378797e9d8b33f9e3d96a43.jpg,/kaggle/working/denguewatch_yolov8s_workspace/raw_data/roboflow_mosquito-breeding-expanded_v3_yolov8/train/labels/old_20240701_124619-0-_jpg.rf.272c48c0f378797e9d8b33f9e3d96a43.txt,train,0,Artificial Container,0.52533454609375,0.40696772109375,0.05554492656250004,0.09152685781249997
/kaggle/working/denguewatch_yolov8s_workspace/raw_data/roboflow_mosquito-breeding-expanded_v3_yolov8/train/images/old_20240701_124619-0-_jpg.rf.7ca0f030568aa561dd21bb2ba2294b08.jpg,/kaggle/working/denguewatch_yolov8s_workspace/raw_data/roboflow_mosquito-breeding-expanded_v3_yolov8/train/labels/old_20240701_124619-0-_jpg.rf.7ca0f030568aa561dd21bb2ba2294b08.txt,train,0,Artificial Container,0.6671539757812499,0.32283603359375,0.08118347968750006,0.17393877656249995
/kaggle/working/denguewatch_yolov8s_workspace/raw_data/roboflow_mosquito-breeding-expanded_v3_yolov8/train/images/old_20240701_124619-0-_jpg.rf.7ca0f030568aa561dd21bb2ba2294b08.jpg,/kaggle/working/denguewatch_yolov8s_workspace/raw_data/roboflow_mosquito-breeding-expanded_v3_yolov8/train/labels/old_20240701_124619-0-_jpg.rf.7ca0f030568aa561dd21bb2ba2294b08.txt,train,0,Artificial Container,0.741756,0.19613666640625,0.05340122187499996,0.11017778593750002
/kaggle/working/denguewatch_yolov8s_workspace/raw_data/roboflow_mosquito-breeding-expanded_v3_yolov8/train/images/old_20240701_124619-0-_jpg.rf.7ca0f030568aa561dd21bb2ba2294b08.jpg,/kaggle/working/denguewatch_yolov8s_workspace/raw_data/roboflow_mosquito-breeding-expanded_v3_yolov8/train/labels/old_20240701_124619-0-_jpg.rf.7ca0f030568aa561dd21bb2ba2294b08.txt,train,0,Artificial Container,0.81772755078125,0.12854352421874998,0.04191788593750001,0.0802940703125
/kaggle/working/denguewatch_yolov8s_workspace/raw_data/roboflow_mosquito-breeding-expanded_v3_yolov8/train/images/old_20240701_124619-0-_jpg.rf.7ca0f030568aa561dd21bb2ba2294b08.jpg,/kaggle/working/denguewatch_yolov8s_workspace/raw_data/roboflow_mosquito-breeding-expanded_v3_yolov8/train/labels/old_20240701_124619-0-_jpg.rf.7ca0f030568aa561dd21bb2ba2294b08.txt,train,0,Artificial Container,0.52533454609375,0.40696772109375,0.05554492656250004,0.09152685781249997
/kaggle/working/denguewatch_yolov8s_workspace/raw_data/roboflow_mosquito-breeding-expanded_v3_yolov8/train/images/old_20240701_124619-0-_jpg.rf.7f1b7d259648d70817f56b0d7cba5f79.jpg,/kaggle/working/denguewatch_yolov8s_workspace/raw_data/roboflow_mosquito-breeding-expanded_v3_yolov8/train/labels/old_20240701_124619-0-_jpg.rf.7f1b7d259648d70817f56b0d7cba5f79.txt,train,0,Artificial Container,0.6671539757812499,0.32283603359375,0.08118347968750006,0.17393877656249995
/kaggle/working/denguewatch_yolov8s_workspace/raw_data/roboflow_mosquito-breeding-expanded_v3_yolov8/train/images/old_20240701_124619-0-_jpg.rf.7f1b7d259648d70817f56b0d7cba5f79.jpg,/kaggle/working/denguewatch_yolov8s_workspace/raw_data/roboflow_mosquito-breeding-expanded_v3_yolov8/train/labels/old_20240701_124619-0-_jpg.rf.7f1b7d259648d70817f56b0d7cba5f79.txt,train,0,Artificial Container,0.741756,0.19613666640625,0.05340122187499996,0.11017778593750002
/kaggle/working/denguewatch_yolov8s_workspace/raw_data/roboflow_mosquito-breeding-expanded_v3_yolov8/train/images/old_20240701_124619-0-_jpg.rf.7f1b7d259648d70817f56b0d7cba5f79.jpg,/kaggle/working/denguewatch_yolov8s_workspace/raw_data/roboflow_mosquito-breeding-expanded_v3_yolov8/train/labels/old_20240701_124619-0-_jpg.rf.7f1b7d259648d70817f56b0d7cba5f79.txt,train,0,Artificial Container,0.81772755078125,0.12854352421874998,0.04191788593750001,0.0802940703125
/kaggle/working/denguewatch_yolov8s_workspace/raw_data/roboflow_mosquito-breeding-expanded_v3_yolov8/train/images/old_20240701_124619-0-_jpg.rf.7f1b7d259648d70817f56b0d7cba5f79.jpg,/kaggle/working/denguewatch_yolov8s_workspace/raw_data/roboflow_mosquito-breeding-expanded_v3_yolov8/train/labels/old_20240701_124619-0-_jpg.rf.7f1b7d259648d70817f56b0d7cba5f79.txt,train,0,Artificial Container,0.52533454609375,0.40696772109375,0.05554492656250004,0.09152685781249997
/kaggle/working/denguewatch_yolov8s_workspace/raw_data/roboflow_mosquito-breeding-expanded_v3_yolov8/train/images/old_20240701_124619-1-_jpg.rf.41fe946197130718942e557a04f4d7c4.jpg,/kaggle/working/denguewatch_yolov8s_workspace/raw_data/roboflow_mosquito-breeding-expanded_v3_yolov8/train/labels/old_20240701_124619-1-_jpg.rf.41fe946197130718942e557a04f4d7c4.txt,train,0,Artificial Container,0.36541666640625003,0.75784487890625,0.17083333281250007,0.4322084078124999
/kaggle/working/denguewatch_yolov8s_workspace/raw_data/roboflow_mosquito-breeding-expanded_v3_yolov8/train/images/old_20240701_124619-1-_jpg.rf.41fe946197130718942e557a04f4d7c4.jpg,/kaggle/working/denguewatch_yolov8s_workspace/raw_data/roboflow_mosquito-breeding-expanded_v3_yolov8/train/labels/old_20240701_124619-1-_jpg.rf.41fe946197130718942e557a04f4d7c4.txt,train,0,Artificial Container,0.49710108281250004,0.43392522578125003,0.06353587187499998,0.09218924218749996
/kaggle/working/denguewatch_yolov8s_workspace/raw_data/roboflow_mosquito-breeding-expanded_v3_yolov8/train/images/old_20240701_124619-1-_jpg.rf.41fe946197130718942e557a04f4d7c4.jpg,/kaggle/working/denguewatch_yolov8s_workspace/raw_data/roboflow_mosquito-breeding-expanded_v3_yolov8/train/labels/old_20240701_124619-1-_jpg.rf.41fe946197130718942e557a04f4d7c4.txt,train,0,Artificial Container,0.6944202351562501,0.26941511328125,0.026846142187500033,0.03337886406250001
/kaggle/working/denguewatch_yolov8s_workspace/raw_data/roboflow_mosquito-breeding-expanded_v3_yolov8/train/images/old_20240701_124619-1-_jpg.rf.41fe946197130718942e557a04f4d7c4.jpg,/kaggle/working/denguewatch_yolov8s_workspace/raw_data/roboflow_mosquito-breeding-expanded_v3_yolov8/train/labels/old_20240701_124619-1-_jpg.rf.41fe946197130718942e557a04f4d7c4.txt,train,0,Artificial Container,0.6425176921875,0.3496833328125,0.07874868749999997,0.17802060625000005
/kaggle/working/denguewatch_yolov8s_workspace/raw_data/roboflow_mosquito-breeding-expanded_v3_yolov8/train/images/old_20240701_124619-1-_jpg.rf.41fe946197130718942e557a04f4d7c4.jpg,/kaggle/working/denguewatch_yolov8s_workspace/raw_data/roboflow_mosquito-breeding-expanded_v3_yolov8/train/labels/old_20240701_124619-1-_jpg.rf.41fe946197130718942e557a04f4d7c4.txt,train,0,Artificial Container,0.72523947421875,0.19496943046874998,0.0627724046875,0.1347495140625
/kaggle/working/denguewatch_yolov8s_workspace/raw_data/roboflow_mosquito-breeding-expanded_v3_yolov8/train/images/old_20240701_124619-1-_jpg.rf.b01982f957479fcc0947d44ec592f130.jpg,/kaggle/working/denguewatch_yolov8s_workspace/raw_data/roboflow_mosquito-breeding-expanded_v3_yolov8/train/labels/old_20240701_124619-1-_jpg.rf.b01982f957479fcc0947d44ec592f130.txt,train,0,Artificial Container,0.36541666640625003,0.75784487890625,0.17083333281250007,0.4322084078124999
/kaggle/working/denguewatch_yolov8s_workspace/raw_data/roboflow_mosquito-breeding-expanded_v3_yolov8/train/images/old_20240701_124619-1-_jpg.rf.b01982f957479fcc0947d44ec592f130.jpg,/kaggle/working/denguewatch_yolov8s_workspace/raw_data/roboflow_mosquito-breeding-expanded_v3_yolov8/train/labels/old_20240701_124619-1-_jpg.rf.b01982f957479fcc0947d44ec592f130.txt,train,0,Artificial Container,0.49710108281250004,0.43392522578125003,0.06353587187499998,0.09218924218749996
/kaggle/working/denguewatch_yolov8s_workspace/raw_data/roboflow_mosquito-breeding-expanded_v3_yolov8/train/images/old_20240701_124619-1-_jpg.rf.b01982f957479fcc0947d44ec592f130.jpg,/kaggle/working/denguewatch_yolov8s_workspace/raw_data/roboflow_mosquito-breeding-expanded_v3_yolov8/train/labels/old_20240701_124619-1-_jpg.rf.b01982f957479fcc0947d44ec592f130.txt,train,0,Artificial Container,0.6944202351562501,0.26941511328125,0.026846142187500033,0.03337886406250001
/kaggle/working/denguewatch_yolov8s_workspace/raw_data/roboflow_mosquito-breeding-expanded_v3_yolov8/train/images/old_20240701_124619-1-_jpg.rf.b01982f957479fcc0947d44ec592f130.jpg,/kaggle/working/denguewatch_yolov8s_workspace/raw_data/roboflow_mosquito-breeding-expanded_v3_yolov8/train/labels/old_20240701_124619-1-_jpg.rf.b01982f957479fcc0947d44ec592f130.txt,train,0,Artificial Container,0.6425176921875,0.3496833328125,0.07874868749999997,0.17802060625000005
/kaggle/working/denguewatch_yolov8s_workspace/raw_data/roboflow_mosquito-breeding-expanded_v3_yolov8/train/images/old_20240701_124619-1-_jpg.rf.b01982f957479fcc0947d44ec592f130.jpg,/kaggle/working/denguewatch_yolov8s_workspace/raw_data/roboflow_mosquito-breeding-expanded_v3_yolov8/train/labels/old_20240701_124619-1-_jpg.rf.b01982f957479fcc0947d44ec592f130.txt,train,0,Artificial Container,0.72523947421875,0.19496943046874998,0.0627724046875,0.1347495140625
/kaggle/working/denguewatch_yolov8s_workspace/raw_data/roboflow_mosquito-breeding-expanded_v3_yolov8/train/images/old_20240701_124619-1-_jpg.rf.b238093f12f192759efe5853c608de01.jpg,/kaggle/working/denguewatch_yolov8s_workspace/raw_data/roboflow_mosquito-breeding-expanded_v3_yolov8/train/labels/old_20240701_124619-1-_jpg.rf.b238093f12f192759efe5853c608de01.txt,train,0,Artificial Container,0.36541666640625003,0.75784487890625,0.17083333281250007,0.4322084078124999
/kaggle/working/denguewatch_yolov8s_workspace/raw_data/roboflow_mosquito-breeding-expanded_v3_yolov8/train/images/old_20240701_124619-1-_jpg.rf.b238093f12f192759efe5853c608de01.jpg,/kaggle/working/denguewatch_yolov8s_workspace/raw_data/roboflow_mosquito-breeding-expanded_v3_yolov8/train/labels/old_20240701_124619-1-_jpg.rf.b238093f12f192759efe5853c608de01.txt,train,0,Artificial Container,0.49710108281250004,0.43392522578125003,0.06353587187499998,0.09218924218749996
/kaggle/working/denguewatch_yolov8s_workspace/raw_data/roboflow_mosquito-breeding-expanded_v3_yolov8/train/images/old_20240701_124619-1-_jpg.rf.b238093f12f192759efe5853c608de01.jpg,/kaggle/working/denguewatch_yolov8s_workspace/raw_data/roboflow_mosquito-breeding-expanded_v3_yolov8/train/labels/old_20240701_124619-1-_jpg.rf.b238093f12f192759efe5853c608de01.txt,train,0,Artificial Container,0.6944202351562501,0.26941511328125,0.026846142187500033,0.03337886406250001
/kaggle/working/denguewatch_yolov8s_workspace/raw_data/roboflow_mosquito-breeding-expanded_v3_yolov8/train/images/old_20240701_124619-1-_jpg.rf.b238093f12f192759efe5853c608de01.jpg,/kaggle/working/denguewatch_yolov8s_workspace/raw_data/roboflow_mosquito-breeding-expanded_v3_yolov8/train/labels/old_20240701_124619-1-_jpg.rf.b238093f12f192759efe5853c608de01.txt,train,0,Artificial Container,0.6425176921875,0.3496833328125,0.07874868749999997,0.17802060625000005
/kaggle/working/denguewatch_yolov8s_workspace/raw_data/roboflow_mosquito-breeding-expanded_v3_yolov8/train/images/old_20240701_124619-1-_jpg.rf.b238093f12f192759efe5853c608de01.jpg,/kaggle/working/denguewatch_yolov8s_workspace/raw_data/roboflow_mosquito-breeding-expanded_v3_yolov8/train/labels/old_20240701_124619-1-_jpg.rf.b238093f12f192759efe5853c608de01.txt,train,0,Artificial Container,0.72523947421875,0.19496943046874998,0.0627724046875,0.1347495140625
/kaggle/working/denguewatch_yolov8s_workspace/raw_data/roboflow_mosquito-breeding-expanded_v3_yolov8/train/images/old_20240701_124619_jpg.rf.7764e651063c2b977852a0d8e95387cf.jpg,/kaggle/working/denguewatch_yolov8s_workspace/raw_data/roboflow_mosquito-breeding-expanded_v3_yolov8/train/labels/old_20240701_124619_jpg.rf.7764e651063c2b977852a0d8e95387cf.txt,train,0,Artificial Container,0.43166666640625007,0.47143280000000004,0.1383333328125001,0.33599763125000004
/kaggle/working/denguewatch_yolov8s_workspace/raw_data/roboflow_mosquito-breeding-expanded_v3_yolov8/train/images/old_20240701_124619_jpg.rf.7764e651063c2b977852a0d8e95387cf.jpg,/kaggle/working/denguewatch_yolov8s_workspace/raw_data/roboflow_mosquito-breeding-expanded_v3_yolov8/train/labels/old_20240701_124619_jpg.rf.7764e651063c2b977852a0d8e95387cf.txt,train,0,Artificial Container,0.5229166671875,0.258288928125,0.052499999999999936,0.08140911874999998
/kaggle/working/denguewatch_yolov8s_workspace/raw_data/roboflow_mosquito-breeding-expanded_v3_yolov8/train/images/old_20240701_124619_jpg.rf.7764e651063c2b977852a0d8e95387cf.jpg,/kaggle/working/denguewatch_yolov8s_workspace/raw_data/roboflow_mosquito-breeding-expanded_v3_yolov8/train/labels/old_20240701_124619_jpg.rf.7764e651063c2b977852a0d8e95387cf.txt,train,0,Artificial Container,0.659260553125,0.18511018125,0.08313943125,0.18719007187500003
/kaggle/working/denguewatch_yolov8s_workspace/raw_data/roboflow_mosquito-breeding-expanded_v3_yolov8/train/images/old_20240701_124619_jpg.rf.9f62134c0d4d7c1f505acce847f10955.jpg,/kaggle/working/denguewatch_yolov8s_workspace/raw_data/roboflow_mosquito-breeding-expanded_v3_yolov8/train/labels/old_20240701_124619_jpg.rf.9f62134c0d4d7c1f505acce847f10955.txt,train,0,Artificial Container,0.43166666640625007,0.47143280000000004,0.1383333328125001,0.33599763125000004
/kaggle/working/denguewatch_yolov8s_workspace/raw_data/roboflow_mosquito-breeding-expanded_v3_yolov8/train/images/old_20240701_124619_jpg.rf.9f62134c0d4d7c1f505acce847f10955.jpg,/kaggle/working/denguewatch_yolov8s_workspace/raw_data/roboflow_mosquito-breeding-expanded_v3_yolov8/train/labels/old_20240701_124619_jpg.rf.9f62134c0d4d7c1f505acce847f10955.txt,train,0,Artificial Container,0.5229166671875,0.258288928125,0.052499999999999936,0.08140911874999998
/kaggle/working/denguewatch_yolov8s_workspace/raw_data/roboflow_mosquito-breeding-expanded_v3_yolov8/train/images/old_20240701_124619_jpg.rf.9f62134c0d4d7c1f505acce847f10955.jpg,/kaggle/working/denguewatch_yolov8s_workspace/raw_data/roboflow_mosquito-breeding-expanded_v3_yolov8/train/labels/old_20240701_124619_jpg.rf.9f62134c0d4d7c1f505acce847f10955.txt,train,0,Artificial Container,0.659260553125,0.18511018125,0.08313943125,0.18719007187500003
/kaggle/working/denguewatch_yolov8s_workspace/raw_data/roboflow_mosquito-breeding-expanded_v3_yolov8/train/images/old_20240701_124619_jpg.rf.f2f82814ff0aed65f8467ca7d53d7e46.jpg,/kaggle/working/denguewatch_yolov8s_workspace/raw_data/roboflow_mosquito-breeding-expanded_v3_yolov8/train/labels/old_20240701_124619_jpg.rf.f2f82814ff0aed65f8467ca7d53d7e46.txt,train,0,Artificial Container,0.43166666640625007,0.47143280000000004,0.1383333328125001,0.33599763125000004
/kaggle/working/denguewatch_yolov8s_workspace/raw_data/roboflow_mosquito-breeding-expanded_v3_yolov8/train/images/old_20240701_124619_jpg.rf.f2f82814ff0aed65f8467ca7d53d7e46.jpg,/kaggle/working/denguewatch_yolov8s_workspace/raw_data/roboflow_mosquito-breeding-expanded_v3_yolov8/train/labels/old_20240701_124619_jpg.rf.f2f82814ff0aed65f8467ca7d53d7e46.txt,train,0,Artificial Container,0.5229166671875,0.258288928125,0.052499999999999936,0.08140911874999998
/kaggle/working/denguewatch_yolov8s_workspace/raw_data/roboflow_mosquito-breeding-expanded_v3_yolov8/train/images/old_20240701_124619_jpg.rf.f2f82814ff0aed65f8467ca7d53d7e46.jpg,/kaggle/working/denguewatch_yolov8s_workspace/raw_data/roboflow_mosquito-breeding-expanded_v3_yolov8/train/labels/old_20240701_124619_jpg.rf.f2f82814ff0aed65f8467ca7d53d7e46.txt,train,0,Artificial Container,0.659260553125,0.18511018125,0.08313943125,0.18719007187500003
/kaggle/working/denguewatch_yolov8s_workspace/raw_data/roboflow_mosquito-breeding-expanded_v3_yolov8/train/images/old_20240701_124621-0-_jpg.rf.7c22e28b19ebbe16c406627ea94b633d.jpg,/kaggle/working/denguewatch_yolov8s_workspace/raw_data/roboflow_mosquito-breeding-expanded_v3_yolov8/train/labels/old_20240701_124621-0-_jpg.rf.7c22e28b19ebbe16c406627ea94b633d.txt,train,0,Artificial Container,0.6690964640625,0.32503761640624995,0.12149833437500002,0.2689966140624999
/kaggle/working/denguewatch_yolov8s_workspace/raw_data/roboflow_mosquito-breeding-expanded_v3_yolov8/train/images/old_20240701_124621-0-_jpg.rf.7c22e28b19ebbe16c406627ea94b633d.jpg,/kaggle/working/denguewatch_yolov8s_workspace/raw_data/roboflow_mosquito-breeding-expanded_v3_yolov8/train/labels/old_20240701_124621-0-_jpg.rf.7c22e28b19ebbe16c406627ea94b633d.txt,train,0,Artificial Container,0.460110771875,0.38582781718750003,0.10139121562499998,0.10942233750000002
/kaggle/working/denguewatch_yolov8s_workspace/raw_data/roboflow_mosquito-breeding-expanded_v3_yolov8/train/images/old_20240701_124621-0-_jpg.rf.7c22e28b19ebbe16c406627ea94b633d.jpg,/kaggle/working/denguewatch_yolov8s_workspace/raw_data/roboflow_mosquito-breeding-expanded_v3_yolov8/train/labels/old_20240701_124621-0-_jpg.rf.7c22e28b19ebbe16c406627ea94b633d.txt,train,0,Artificial Container,0.7595784976562501,0.2505696203125,0.06716633281249995,0.03951365312499999
/kaggle/working/denguewatch_yolov8s_workspace/raw_data/roboflow_mosquito-breeding-expanded_v3_yolov8/train/images/old_20240701_124621-0-_jpg.rf.7c22e28b19ebbe16c406627ea94b633d.jpg,/kaggle/working/denguewatch_yolov8s_workspace/raw_data/roboflow_mosquito-breeding-expanded_v3_yolov8/train/labels/old_20240701_124621-0-_jpg.rf.7c22e28b19ebbe16c406627ea94b633d.txt,train,0,Artificial Container,0.7795837523437499,0.1584035078125,0.045692826562499955,0.131943596875
/kaggle/working/denguewatch_yolov8s_workspace/raw_data/roboflow_mosquito-breeding-expanded_v3_yolov8/train/images/old_20240701_124621-0-_jpg.rf.7c22e28b19ebbe16c406627ea94b633d.jpg,/kaggle/working/denguewatch_yolov8s_workspace/raw_data/roboflow_mosquito-breeding-expanded_v3_yolov8/train/labels/old_20240701_124621-0-_jpg.rf.7c22e28b19ebbe16c406627ea94b633d.txt,train,0,Artificial Container,0.83449530625,0.16789585937499998,0.08604146250000011,0.156623678125
/kaggle/working/denguewatch_yolov8s_workspace/raw_data/roboflow_mosquito-breeding-expanded_v3_yolov8/train/images/old_20240701_124621-0-_jpg.rf.932457c274ed40409db54795a9efa0bd.jpg,/kaggle/working/denguewatch_yolov8s_workspace/raw_data/roboflow_mosquito-breeding-expanded_v3_yolov8/train/labels/old_20240701_124621-0-_jpg.rf.932457c274ed40409db54795a9efa0bd.txt,train,0,Artificial Container,0.6690964640625,0.32503761640624995,0.12149833437500002,0.2689966140624999
/kaggle/working/denguewatch_yolov8s_workspace/raw_data/roboflow_mosquito-breeding-expanded_v3_yolov8/train/images/old_20240701_124621-0-_jpg.rf.932457c274ed40409db54795a9efa0bd.jpg,/kaggle/working/denguewatch_yolov8s_workspace/raw_data/roboflow_mosquito-breeding-expanded_v3_yolov8/train/labels/old_20240701_124621-0-_jpg.rf.932457c274ed40409db54795a9efa0bd.txt,train,0,Artificial Container,0.460110771875,0.38582781718750003,0.10139121562499998,0.10942233750000002
/kaggle/working/denguewatch_yolov8s_workspace/raw_data/roboflow_mosquito-breeding-expanded_v3_yolov8/train/images/old_20240701_124621-0-_jpg.rf.932457c274ed40409db54795a9efa0bd.jpg,/kaggle/working/denguewatch_yolov8s_workspace/raw_data/roboflow_mosquito-breeding-expanded_v3_yolov8/train/labels/old_20240701_124621-0-_jpg.rf.932457c274ed40409db54795a9efa0bd.txt,train,0,Artificial Container,0.7595784976562501,0.2505696203125,0.06716633281249995,0.03951365312499999
/kaggle/working/denguewatch_yolov8s_workspace/raw_data/roboflow_mosquito-breeding-expanded_v3_yolov8/train/images/old_20240701_124621-0-_jpg.rf.932457c274ed40409db54795a9efa0bd.jpg,/kaggle/working/denguewatch_yolov8s_workspace/raw_data/roboflow_mosquito-breeding-expanded_v3_yolov8/train/labels/old_20240701_124621-0-_jpg.rf.932457c274ed40409db54795a9efa0bd.txt,train,0,Artificial Container,0.7795837523437499,0.1584035078125,0.045692826562499955,0.131943596875
/kaggle/working/denguewatch_yolov8s_workspace/raw_data/roboflow_mosquito-breeding-expanded_v3_yolov8/train/images/old_20240701_124621-0-_jpg.rf.932457c274ed40409db54795a9efa0bd.jpg,/kaggle/working/denguewatch_yolov8s_workspace/raw_data/roboflow_mosquito-breeding-expanded_v3_yolov8/train/labels/old_20240701_124621-0-_jpg.rf.932457c274ed40409db54795a9efa0bd.txt,train,0,Artificial Container,0.83449530625,0.16789585937499998,0.08604146250000011,0.156623678125
/kaggle/working/denguewatch_yolov8s_workspace/raw_data/roboflow_mosquito-breeding-expanded_v3_yolov8/train/images/old_20240701_124621-0-_jpg.rf.c0b137413eb49c6f6f36f2cc02ce39e8.jpg,/kaggle/working/denguewatch_yolov8s_workspace/raw_data/roboflow_mosquito-breeding-expanded_v3_yolov8/train/labels/old_20240701_124621-0-_jpg.rf.c0b137413eb49c6f6f36f2cc02ce39e8.txt,train,0,Artificial Container,0.08,0.772350503125,0.16,0.45529899374999994
/kaggle/working/denguewatch_yolov8s_workspace/raw_data/roboflow_mosquito-breeding-expanded_v3_yolov8/train/images/old_20240701_124621-0-_jpg.rf.c0b137413eb49c6f6f36f2cc02ce39e8.jpg,/kaggle/working/denguewatch_yolov8s_workspace/raw_data/roboflow_mosquito-breeding-expanded_v3_yolov8/train/labels/old_20240701_124621-0-_jpg.rf.c0b137413eb49c6f6f36f2cc02ce39e8.txt,train,0,Artificial Container,0.6690964640625,0.32503761640624995,0.12149833437500002,0.2689966140624999
/kaggle/working/denguewatch_yolov8s_workspace/raw_data/roboflow_mosquito-breeding-expanded_v3_yolov8/train/images/old_20240701_124621-0-_jpg.rf.c0b137413eb49c6f6f36f2cc02ce39e8.jpg,/kaggle/working/denguewatch_yolov8s_workspace/raw_data/roboflow_mosquito-breeding-expanded_v3_yolov8/train/labels/old_20240701_124621-0-_jpg.rf.c0b137413eb49c6f6f36f2cc02ce39e8.txt,train,0,Artificial Container,0.460110771875,0.38582781718750003,0.10139121562499998,0.10942233750000002
/kaggle/working/denguewatch_yolov8s_workspace/raw_data/roboflow_mosquito-breeding-expanded_v3_yolov8/train/images/old_20240701_124621-0-_jpg.rf.c0b137413eb49c6f6f36f2cc02ce39e8.jpg,/kaggle/working/denguewatch_yolov8s_workspace/raw_data/roboflow_mosquito-breeding-expanded_v3_yolov8/train/labels/old_20240701_124621-0-_jpg.rf.c0b137413eb49c6f6f36f2cc02ce39e8.txt,train,0,Artificial Container,0.7595784976562501,0.2505696203125,0.06716633281249995,0.03951365312499999
/kaggle/working/denguewatch_yolov8s_workspace/raw_data/roboflow_mosquito-breeding-expanded_v3_yolov8/train/images/old_20240701_124621-0-_jpg.rf.c0b137413eb49c6f6f36f2cc02ce39e8.jpg,/kaggle/working/denguewatch_yolov8s_workspace/raw_data/roboflow_mosquito-breeding-expanded_v3_yolov8/train/labels/old_20240701_124621-0-_jpg.rf.c0b137413eb49c6f6f36f2cc02ce39e8.txt,train,0,Artificial Container,0.7795837523437499,0.1584035078125,0.045692826562499955,0.131943596875
/kaggle/working/denguewatch_yolov8s_workspace/raw_data/roboflow_mosquito-breeding-expanded_v3_yolov8/train/images/old_20240701_124621-0-_jpg.rf.c0b137413eb49c6f6f36f2cc02ce39e8.jpg,/kaggle/working/denguewatch_yolov8s_workspace/raw_data/roboflow_mosquito-breeding-expanded_v3_yolov8/train/labels/old_20240701_124621-0-_jpg.rf.c0b137413eb49c6f6f36f2cc02ce39e8.txt,train,0,Artificial Container,0.83449530625,0.16789585937499998,0.08604146250000011,0.156623678125
/kaggle/working/denguewatch_yolov8s_workspace/raw_data/roboflow_mosquito-breeding-expanded_v3_yolov8/train/images/old_20240701_124621-1-_jpg.rf.7575f7d601e85311f0c02a179b8d201d.jpg,/kaggle/working/denguewatch_yolov8s_workspace/raw_data/roboflow_mosquito-breeding-expanded_v3_yolov8/train/labels/old_20240701_124621-1-_jpg.rf.7575f7d601e85311f0c02a179b8d201d.txt,train,0,Artificial Container,0.30708335859375,0.46514211875,0.12083338281249995,0.13173470937500004
/kaggle/working/denguewatch_yolov8s_workspace/raw_data/roboflow_mosquito-breeding-expanded_v3_yolov8/train/images/old_20240701_124621-1-_jpg.rf.7575f7d601e85311f0c02a179b8d201d.jpg,/kaggle/working/denguewatch_yolov8s_workspace/raw_data/roboflow_mosquito-breeding-expanded_v3_yolov8/train/labels/old_20240701_124621-1-_jpg.rf.7575f7d601e85311f0c02a179b8d201d.txt,train,0,Artificial Container,0.52833333359375,0.39483424453125004,0.11833333281250002,0.2723504578125
/kaggle/working/denguewatch_yolov8s_workspace/raw_data/roboflow_mosquito-breeding-expanded_v3_yolov8/train/images/old_20240701_124621-1-_jpg.rf.7575f7d601e85311f0c02a179b8d201d.jpg,/kaggle/working/denguewatch_yolov8s_workspace/raw_data/roboflow_mosquito-breeding-expanded_v3_yolov8/train/labels/old_20240701_124621-1-_jpg.rf.7575f7d601e85311f0c02a179b8d201d.txt,train,0,Artificial Container,0.6156604515625,0.3174556421875,0.06095648125000008,0.05108162500000002
/kaggle/working/denguewatch_yolov8s_workspace/raw_data/roboflow_mosquito-breeding-expanded_v3_yolov8/train/images/old_20240701_124621-1-_jpg.rf.7575f7d601e85311f0c02a179b8d201d.jpg,/kaggle/working/denguewatch_yolov8s_workspace/raw_data/roboflow_mosquito-breeding-expanded_v3_yolov8/train/labels/old_20240701_124621-1-_jpg.rf.7575f7d601e85311f0c02a179b8d201d.txt,train,0,Artificial Container,0.63222811015625,0.228895653125,0.03657388906250003,0.11937553125
/kaggle/working/denguewatch_yolov8s_workspace/raw_data/roboflow_mosquito-breeding-expanded_v3_yolov8/train/images/old_20240701_124621-1-_jpg.rf.7575f7d601e85311f0c02a179b8d201d.jpg,/kaggle/working/denguewatch_yolov8s_workspace/raw_data/roboflow_mosquito-breeding-expanded_v3_yolov8/train/labels/old_20240701_124621-1-_jpg.rf.7575f7d601e85311f0c02a179b8d201d.txt,train,0,Artificial Container,0.67864883359375,0.242290696875,0.0725226203124999,0.1536613
/kaggle/working/denguewatch_yolov8s_workspace/raw_data/roboflow_mosquito-breeding-expanded_v3_yolov8/train/images/old_20240701_124621-1-_jpg.rf.8ab188957ecd5d4a0ddf4a32fc752cbf.jpg,/kaggle/working/denguewatch_yolov8s_workspace/raw_data/roboflow_mosquito-breeding-expanded_v3_yolov8/train/labels/old_20240701_124621-1-_jpg.rf.8ab188957ecd5d4a0ddf4a32fc752cbf.txt,train,0,Artificial Container,0.30708335859375,0.46514211875,0.12083338281249995,0.13173470937500004
/kaggle/working/denguewatch_yolov8s_workspace/raw_data/roboflow_mosquito-breeding-expanded_v3_yolov8/train/images/old_20240701_124621-1-_jpg.rf.8ab188957ecd5d4a0ddf4a32fc752cbf.jpg,/kaggle/working/denguewatch_yolov8s_workspace/raw_data/roboflow_mosquito-breeding-expanded_v3_yolov8/train/labels/old_20240701_124621-1-_jpg.rf.8ab188957ecd5d4a0ddf4a32fc752cbf.txt,train,0,Artificial Container,0.52833333359375,0.39483424453125004,0.11833333281250002,0.2723504578125
/kaggle/working/denguewatch_yolov8s_workspace/raw_data/roboflow_mosquito-breeding-expanded_v3_yolov8/train/images/old_20240701_124621-1-_jpg.rf.8ab188957ecd5d4a0ddf4a32fc752cbf.jpg,/kaggle/working/denguewatch_yolov8s_workspace/raw_data/roboflow_mosquito-breeding-expanded_v3_yolov8/train/labels/old_20240701_124621-1-_jpg.rf.8ab188957ecd5d4a0ddf4a32fc752cbf.txt,train,0,Artificial Container,0.6156604515625,0.3174556421875,0.06095648125000008,0.05108162500000002
/kaggle/working/denguewatch_yolov8s_workspace/raw_data/roboflow_mosquito-breeding-expanded_v3_yolov8/train/images/old_20240701_124621-1-_jpg.rf.8ab188957ecd5d4a0ddf4a32fc752cbf.jpg,/kaggle/working/denguewatch_yolov8s_workspace/raw_data/roboflow_mosquito-breeding-expanded_v3_yolov8/train/labels/old_20240701_124621-1-_jpg.rf.8ab188957ecd5d4a0ddf4a32fc752cbf.txt,train,0,Artificial Container,0.63222811015625,0.228895653125,0.03657388906250003,0.11937553125
/kaggle/working/denguewatch_yolov8s_workspace/raw_data/roboflow_mosquito-breeding-expanded_v3_yolov8/train/images/old_20240701_124621-1-_jpg.rf.8ab188957ecd5d4a0ddf4a32fc752cbf.jpg,/kaggle/working/denguewatch_yolov8s_workspace/raw_data/roboflow_mosquito-breeding-expanded_v3_yolov8/train/labels/old_20240701_124621-1-_jpg.rf.8ab188957ecd5d4a0ddf4a32fc752cbf.txt,train,0,Artificial Container,0.67864883359375,0.242290696875,0.0725226203124999,0.1536613
/kaggle/working/denguewatch_yolov8s_workspace/raw_data/roboflow_mosquito-breeding-expanded_v3_yolov8/train/images/old_20240701_124621-1-_jpg.rf.ae194f5ad1d3068ddebd88fd629f76cc.jpg,/kaggle/working/denguewatch_yolov8s_workspace/raw_data/roboflow_mosquito-breeding-expanded_v3_yolov8/train/labels/old_20240701_124621-1-_jpg.rf.ae194f5ad1d3068ddebd88fd629f76cc.txt,train,0,Artificial Container,0.30708335859375,0.46514211875,0.12083338281249995,0.13173470937500004
/kaggle/working/denguewatch_yolov8s_workspace/raw_data/roboflow_mosquito-breeding-expanded_v3_yolov8/train/images/old_20240701_124621-1-_jpg.rf.ae194f5ad1d3068ddebd88fd629f76cc.jpg,/kaggle/working/denguewatch_yolov8s_workspace/raw_data/roboflow_mosquito-breeding-expanded_v3_yolov8/train/labels/old_20240701_124621-1-_jpg.rf.ae194f5ad1d3068ddebd88fd629f76cc.txt,train,0,Artificial Container,0.52833333359375,0.39483424453125004,0.11833333281250002,0.2723504578125
/kaggle/working/denguewatch_yolov8s_workspace/raw_data/roboflow_mosquito-breeding-expanded_v3_yolov8/train/images/old_20240701_124621-1-_jpg.rf.ae194f5ad1d3068ddebd88fd629f76cc.jpg,/kaggle/working/denguewatch_yolov8s_workspace/raw_data/roboflow_mosquito-breeding-expanded_v3_yolov8/train/labels/old_20240701_124621-1-_jpg.rf.ae194f5ad1d3068ddebd88fd629f76cc.txt,train,0,Artificial Container,0.6156604515625,0.3174556421875,0.06095648125000008,0.05108162500000002
/kaggle/working/denguewatch_yolov8s_workspace/raw_data/roboflow_mosquito-breeding-expanded_v3_yolov8/train/images/old_20240701_124621-1-_jpg.rf.ae194f5ad1d3068ddebd88fd629f76cc.jpg,/kaggle/working/denguewatch_yolov8s_workspace/raw_data/roboflow_mosquito-breeding-expanded_v3_yolov8/train/labels/old_20240701_124621-1-_jpg.rf.ae194f5ad1d3068ddebd88fd629f76cc.txt,train,0,Artificial Container,0.63222811015625,0.228895653125,0.03657388906250003,0.11937553125
/kaggle/working/denguewatch_yolov8s_workspace/raw_data/roboflow_mosquito-breeding-expanded_v3_yolov8/train/images/old_20240701_124621-1-_jpg.rf.ae194f5ad1d3068ddebd88fd629f76cc.jpg,/kaggle/working/denguewatch_yolov8s_workspace/raw_data/roboflow_mosquito-breeding-expanded_v3_yolov8/train/labels/old_20240701_124621-1-_jpg.rf.ae194f5ad1d3068ddebd88fd629f76cc.txt,train,0,Artificial Container,0.67864883359375,0.242290696875,0.0725226203124999,0.1536613
/kaggle/working/denguewatch_yolov8s_workspace/raw_data/roboflow_mosquito-breeding-expanded_v3_yolov8/train/images/old_20240701_124621_jpg.rf.a6b0671364235b2e012b2addeb432845.jpg,/kaggle/working/denguewatch_yolov8s_workspace/raw_data/roboflow_mosquito-breeding-expanded_v3_yolov8/train/labels/old_20240701_124621_jpg.rf.a6b0671364235b2e012b2addeb432845.txt,train,0,Artificial Container,0.48046875,0.29314220625,0.00390625,0.010407415624999972
/kaggle/working/denguewatch_yolov8s_workspace/raw_data/roboflow_mosquito-breeding-expanded_v3_yolov8/train/images/old_20240701_124621_jpg.rf.a6b0671364235b2e012b2addeb432845.jpg,/kaggle/working/denguewatch_yolov8s_workspace/raw_data/roboflow_mosquito-breeding-expanded_v3_yolov8/train/labels/old_20240701_124621_jpg.rf.a6b0671364235b2e012b2addeb432845.txt,train,0,Artificial Container,0.431640625,0.29314220703125005,0.0078125,0.05897535468749998
/kaggle/working/denguewatch_yolov8s_workspace/raw_data/roboflow_mosquito-breeding-expanded_v3_yolov8/train/images/old_20240701_124621_jpg.rf.a6b0671364235b2e012b2addeb432845.jpg,/kaggle/working/denguewatch_yolov8s_workspace/raw_data/roboflow_mosquito-breeding-expanded_v3_yolov8/train/labels/old_20240701_124621_jpg.rf.a6b0671364235b2e012b2addeb432845.txt,train,0,Artificial Container,0.4150390625,0.28967306796875,0.005859375,0.01734569218750004
/kaggle/working/denguewatch_yolov8s_workspace/raw_data/roboflow_mosquito-breeding-expanded_v3_yolov8/train/images/old_20240701_124621_jpg.rf.a6b0671364235b2e012b2addeb432845.jpg,/kaggle/working/denguewatch_yolov8s_workspace/raw_data/roboflow_mosquito-breeding-expanded_v3_yolov8/train/labels/old_20240701_124621_jpg.rf.a6b0671364235b2e012b2addeb432845.txt,train,0,Artificial Container,0.4912109375,0.249777975,0.009765625,0.02081483125
/kaggle/working/denguewatch_yolov8s_workspace/raw_data/roboflow_mosquito-breeding-expanded_v3_yolov8/train/images/old_20240701_124621_jpg.rf.b28629fe35c0e01706bc79680dc0fbbe.jpg,/kaggle/working/denguewatch_yolov8s_workspace/raw_data/roboflow_mosquito-breeding-expanded_v3_yolov8/train/labels/old_20240701_124621_jpg.rf.b28629fe35c0e01706bc79680dc0fbbe.txt,train,0,Artificial Container,0.48046875,0.29314220625,0.00390625,0.010407415624999972
/kaggle/working/denguewatch_yolov8s_workspace/raw_data/roboflow_mosquito-breeding-expanded_v3_yolov8/train/images/old_20240701_124621_jpg.rf.b28629fe35c0e01706bc79680dc0fbbe.jpg,/kaggle/working/denguewatch_yolov8s_workspace/raw_data/roboflow_mosquito-breeding-expanded_v3_yolov8/train/labels/old_20240701_124621_jpg.rf.b28629fe35c0e01706bc79680dc0fbbe.txt,train,0,Artificial Container,0.431640625,0.29314220703125005,0.0078125,0.05897535468749998
/kaggle/working/denguewatch_yolov8s_workspace/raw_data/roboflow_mosquito-breeding-expanded_v3_yolov8/train/images/old_20240701_124621_jpg.rf.b28629fe35c0e01706bc79680dc0fbbe.jpg,/kaggle/working/denguewatch_yolov8s_workspace/raw_data/roboflow_mosquito-breeding-expanded_v3_yolov8/train/labels/old_20240701_124621_jpg.rf.b28629fe35c0e01706bc79680dc0fbbe.txt,train,0,Artificial Container,0.4150390625,0.28967306796875,0.005859375,0.01734569218750004
/kaggle/working/denguewatch_yolov8s_workspace/raw_data/roboflow_mosquito-breeding-expanded_v3_yolov8/train/images/old_20240701_124621_jpg.rf.b28629fe35c0e01706bc79680dc0fbbe.jpg,/kaggle/working/denguewatch_yolov8s_workspace/raw_data/roboflow_mosquito-breeding-expanded_v3_yolov8/train/labels/old_20240701_124621_jpg.rf.b28629fe35c0e01706bc79680dc0fbbe.txt,train,0,Artificial Container,0.4912109375,0.249777975,0.009765625,0.02081483125
/kaggle/working/denguewatch_yolov8s_workspace/raw_data/roboflow_mosquito-breeding-expanded_v3_yolov8/train/images/old_20240701_124621_jpg.rf.da9f4a660c83788bab9e5fd10141217f.jpg,/kaggle/working/denguewatch_yolov8s_workspace/raw_data/roboflow_mosquito-breeding-expanded_v3_yolov8/train/labels/old_20240701_124621_jpg.rf.da9f4a660c83788bab9e5fd10141217f.txt,train,0,Artificial Container,0.48046875,0.29314220625,0.00390625,0.010407415624999972
/kaggle/working/denguewatch_yolov8s_workspace/raw_data/roboflow_mosquito-breeding-expanded_v3_yolov8/train/images/old_20240701_124621_jpg.rf.da9f4a660c83788bab9e5fd10141217f.jpg,/kaggle/working/denguewatch_yolov8s_workspace/raw_data/roboflow_mosquito-breeding-expanded_v3_yolov8/train/labels/old_20240701_124621_jpg.rf.da9f4a660c83788bab9e5fd10141217f.txt,train,0,Artificial Container,0.431640625,0.29314220703125005,0.0078125,0.05897535468749998
/kaggle/working/denguewatch_yolov8s_workspace/raw_data/roboflow_mosquito-breeding-expanded_v3_yolov8/train/images/old_20240701_124621_jpg.rf.da9f4a660c83788bab9e5fd10141217f.jpg,/kaggle/working/denguewatch_yolov8s_workspace/raw_data/roboflow_mosquito-breeding-expanded_v3_yolov8/train/labels/old_20240701_124621_jpg.rf.da9f4a660c83788bab9e5fd10141217f.txt,train,0,Artificial Container,0.4150390625,0.28967306796875,0.005859375,0.01734569218750004
/kaggle/working/denguewatch_yolov8s_workspace/raw_data/roboflow_mosquito-breeding-expanded_v3_yolov8/train/images/old_20240701_124621_jpg.rf.da9f4a660c83788bab9e5fd10141217f.jpg,/kaggle/working/denguewatch_yolov8s_workspace/raw_data/roboflow_mosquito-breeding-expanded_v3_yolov8/train/labels/old_20240701_124621_jpg.rf.da9f4a660c83788bab9e5fd10141217f.txt,train,0,Artificial Container,0.4912109375,0.249777975,0.009765625,0.02081483125
/kaggle/working/denguewatch_yolov8s_workspace/raw_data/roboflow_mosquito-breeding-expanded_v3_yolov8/train/images/old_20240701_124623-1-_jpg.rf.8a824a7a065c2412b5f435a46108e968.jpg,/kaggle/working/denguewatch_yolov8s_workspace/raw_data/roboflow_mosquito-breeding-expanded_v3_yolov8/train/labels/old_20240701_124623-1-_jpg.rf.8a824a7a065c2412b5f435a46108e968.txt,train,0,Artificial Container,0.2454166921875,0.75303433984375,0.185833384375,0.4322084078124999
/kaggle/working/denguewatch_yolov8s_workspace/raw_data/roboflow_mosquito-breeding-expanded_v3_yolov8/train/images/old_20240701_124623-1-_jpg.rf.8a824a7a065c2412b5f435a46108e968.jpg,/kaggle/working/denguewatch_yolov8s_workspace/raw_data/roboflow_mosquito-breeding-expanded_v3_yolov8/train/labels/old_20240701_124623-1-_jpg.rf.8a824a7a065c2412b5f435a46108e968.txt,train,0,Artificial Container,0.44748948593750004,0.390757203125,0.07222340937500005,0.17554535312499997
/kaggle/working/denguewatch_yolov8s_workspace/raw_data/roboflow_mosquito-breeding-expanded_v3_yolov8/train/images/old_20240701_124623-1-_jpg.rf.8a824a7a065c2412b5f435a46108e968.jpg,/kaggle/working/denguewatch_yolov8s_workspace/raw_data/roboflow_mosquito-breeding-expanded_v3_yolov8/train/labels/old_20240701_124623-1-_jpg.rf.8a824a7a065c2412b5f435a46108e968.txt,train,0,Artificial Container,0.38613241640624996,0.506175603125,0.07790863281249999,0.07907495000000009
/kaggle/working/denguewatch_yolov8s_workspace/raw_data/roboflow_mosquito-breeding-expanded_v3_yolov8/train/images/old_20240701_124623-1-_jpg.rf.8a824a7a065c2412b5f435a46108e968.jpg,/kaggle/working/denguewatch_yolov8s_workspace/raw_data/roboflow_mosquito-breeding-expanded_v3_yolov8/train/labels/old_20240701_124623-1-_jpg.rf.8a824a7a065c2412b5f435a46108e968.txt,train,0,Artificial Container,0.39651584140625,0.39242358828125,0.03947216406249998,0.12924395156250001
/kaggle/working/denguewatch_yolov8s_workspace/raw_data/roboflow_mosquito-breeding-expanded_v3_yolov8/train/images/old_20240701_124623-1-_jpg.rf.946f8d3126b542e8def1b415c7af9c0a.jpg,/kaggle/working/denguewatch_yolov8s_workspace/raw_data/roboflow_mosquito-breeding-expanded_v3_yolov8/train/labels/old_20240701_124623-1-_jpg.rf.946f8d3126b542e8def1b415c7af9c0a.txt,train,0,Artificial Container,0.2454166921875,0.75303433984375,0.185833384375,0.4322084078124999
/kaggle/working/denguewatch_yolov8s_workspace/raw_data/roboflow_mosquito-breeding-expanded_v3_yolov8/train/images/old_20240701_124623-1-_jpg.rf.946f8d3126b542e8def1b415c7af9c0a.jpg,/kaggle/working/denguewatch_yolov8s_workspace/raw_data/roboflow_mosquito-breeding-expanded_v3_yolov8/train/labels/old_20240701_124623-1-_jpg.rf.946f8d3126b542e8def1b415c7af9c0a.txt,train,0,Artificial Container,0.44748948593750004,0.390757203125,0.07222340937500005,0.17554535312499997
/kaggle/working/denguewatch_yolov8s_workspace/raw_data/roboflow_mosquito-breeding-expanded_v3_yolov8/train/images/old_20240701_124623-1-_jpg.rf.946f8d3126b542e8def1b415c7af9c0a.jpg,/kaggle/working/denguewatch_yolov8s_workspace/raw_data/roboflow_mosquito-breeding-expanded_v3_yolov8/train/labels/old_20240701_124623-1-_jpg.rf.946f8d3126b542e8def1b415c7af9c0a.txt,train,0,Artificial Container,0.38613241640624996,0.506175603125,0.07790863281249999,0.07907495000000009
/kaggle/working/denguewatch_yolov8s_workspace/raw_data/roboflow_mosquito-breeding-expanded_v3_yolov8/train/images/old_20240701_124623-1-_jpg.rf.946f8d3126b542e8def1b415c7af9c0a.jpg,/kaggle/working/denguewatch_yolov8s_workspace/raw_data/roboflow_mosquito-breeding-expanded_v3_yolov8/train/labels/old_20240701_124623-1-_jpg.rf.946f8d3126b542e8def1b415c7af9c0a.txt,train,0,Artificial Container,0.39651584140625,0.39242358828125,0.03947216406249998,0.12924395156250001
/kaggle/working/denguewatch_yolov8s_workspace/raw_data/roboflow_mosquito-breeding-expanded_v3_yolov8/train/images/old_20240701_124623-1-_jpg.rf.e10deda905deeebdc3c2079a7d8ccba2.jpg,/kaggle/working/denguewatch_yolov8s_workspace/raw_data/roboflow_mosquito-breeding-expanded_v3_yolov8/train/labels/old_20240701_124623-1-_jpg.rf.e10deda905deeebdc3c2079a7d8ccba2.txt,train,0,Artificial Container,0.2454166921875,0.75303433984375,0.185833384375,0.4322084078124999
/kaggle/working/denguewatch_yolov8s_workspace/raw_data/roboflow_mosquito-breeding-expanded_v3_yolov8/train/images/old_20240701_124623-1-_jpg.rf.e10deda905deeebdc3c2079a7d8ccba2.jpg,/kaggle/working/denguewatch_yolov8s_workspace/raw_data/roboflow_mosquito-breeding-expanded_v3_yolov8/train/labels/old_20240701_124623-1-_jpg.rf.e10deda905deeebdc3c2079a7d8ccba2.txt,train,0,Artificial Container,0.44748948593750004,0.390757203125,0.07222340937500005,0.17554535312499997
/kaggle/working/denguewatch_yolov8s_workspace/raw_data/roboflow_mosquito-breeding-expanded_v3_yolov8/train/images/old_20240701_124623-1-_jpg.rf.e10deda905deeebdc3c2079a7d8ccba2.jpg,/kaggle/working/denguewatch_yolov8s_workspace/raw_data/roboflow_mosquito-breeding-expanded_v3_yolov8/train/labels/old_20240701_124623-1-_jpg.rf.e10deda905deeebdc3c2079a7d8ccba2.txt,train,0,Artificial Container,0.38613241640624996,0.506175603125,0.07790863281249999,0.07907495000000009
/kaggle/working/denguewatch_yolov8s_workspace/raw_data/roboflow_mosquito-breeding-expanded_v3_yolov8/train/images/old_20240701_124623-1-_jpg.rf.e10deda905deeebdc3c2079a7d8ccba2.jpg,/kaggle/working/denguewatch_yolov8s_workspace/raw_data/roboflow_mosquito-breeding-expanded_v3_yolov8/train/labels/old_20240701_124623-1-_jpg.rf.e10deda905deeebdc3c2079a7d8ccba2.txt,train,0,Artificial Container,0.39651584140625,0.39242358828125,0.03947216406249998,0.12924395156250001
/kaggle/working/denguewatch_yolov8s_workspace/raw_data/roboflow_mosquito-breeding-expanded_v3_yolov8/train/images/old_IMG_20240701_124014_jpg.rf.68f81ce35e913b29d7880d3715275a54.jpg,/kaggle/working/denguewatch_yolov8s_workspace/raw_data/roboflow_mosquito-breeding-expanded_v3_yolov8/train/labels/old_IMG_20240701_124014_jpg.rf.68f81ce35e913b29d7880d3715275a54.txt,train,2,Tire,0.59453125,0.22265625,0.8078125,0.4078125
/kaggle/working/denguewatch_yolov8s_workspace/raw_data/roboflow_mosquito-breeding-expanded_v3_yolov8/train/images/old_IMG_20240701_124014_jpg.rf.ad2a84c6e336e839c351d7047f73cd7d.jpg,/kaggle/working/denguewatch_yolov8s_workspace/raw_data/roboflow_mosquito-breeding-expanded_v3_yolov8/train/labels/old_IMG_20240701_124014_jpg.rf.ad2a84c6e336e839c351d7047f73cd7d.txt,train,2,Tire,0.596875,0.2234375,0.803125,0.40625
/kaggle/working/denguewatch_yolov8s_workspace/raw_data/roboflow_mosquito-breeding-expanded_v3_yolov8/train/images/old_IMG_20240701_124014_jpg.rf.f8bcefb0057a1558f07574ff5f20ce94.jpg,/kaggle/working/denguewatch_yolov8s_workspace/raw_data/roboflow_mosquito-breeding-expanded_v3_yolov8/train/labels/old_IMG_20240701_124014_jpg.rf.f8bcefb0057a1558f07574ff5f20ce94.txt,train,1,Drain Inlet,0.590625,0.2265625,0.815625,0.43125
/kaggle/working/denguewatch_yolov8s_workspace/raw_data/roboflow_mosquito-breeding-expanded_v3_yolov8/valid/images/26_jpg.rf.90f87a026704ee1e42827b5fde8cd832.jpg,/kaggle/working/denguewatch_yolov8s_workspace/raw_data/roboflow_mosquito-breeding-expanded_v3_yolov8/valid/labels/26_jpg.rf.90f87a026704ee1e42827b5fde8cd832.txt,valid,1,Drain Inlet,0.4821614704891234,0.5209079095690492,0.4085238090615928,0.4680310936045068
/kaggle/working/denguewatch_yolov8s_workspace/raw_data/roboflow_mosquito-breeding-expanded_v3_yolov8/valid/images/9_jpg.rf.5275888a9c66679343cfecf22c4013c4.jpg,/kaggle/working/denguewatch_yolov8s_workspace/raw_data/roboflow_mosquito-breeding-expanded_v3_yolov8/valid/labels/9_jpg.rf.5275888a9c66679343cfecf22c4013c4.txt,valid,1,Drain Inlet,0.46956796963167263,0.5543184135333864,0.29581632414429715,0.3351993237554036
/kaggle/working/denguewatch_yolov8s_workspace/raw_data/roboflow_mosquito-breeding-expanded_v3_yolov8/valid/images/new_20230730_174348_jpg.rf.88bbc7beb62c832eb23a48f417522095.jpg,/kaggle/working/denguewatch_yolov8s_workspace/raw_data/roboflow_mosquito-breeding-expanded_v3_yolov8/valid/labels/new_20230730_174348_jpg.rf.88bbc7beb62c832eb23a48f417522095.txt,valid,0,Artificial Container,0.51765546875,0.45506328125,0.8403953125,0.5554078125
/kaggle/working/denguewatch_yolov8s_workspace/raw_data/roboflow_mosquito-breeding-expanded_v3_yolov8/valid/images/new_24_png_jpg.rf.ad485f8393aa102c595b5afab1e1725f.jpg,/kaggle/working/denguewatch_yolov8s_workspace/raw_data/roboflow_mosquito-breeding-expanded_v3_yolov8/valid/labels/new_24_png_jpg.rf.ad485f8393aa102c595b5afab1e1725f.txt,valid,0,Artificial Container,0.3325359375,0.6947664062500001,0.280884375,0.5341984375000001
/kaggle/working/denguewatch_yolov8s_workspace/raw_data/roboflow_mosquito-breeding-expanded_v3_yolov8/valid/images/new_28_png_jpg.rf.7de29e1f33312fafc478d2e4c758bae3.jpg,/kaggle/working/denguewatch_yolov8s_workspace/raw_data/roboflow_mosquito-breeding-expanded_v3_yolov8/valid/labels/new_28_png_jpg.rf.7de29e1f33312fafc478d2e4c758bae3.txt,valid,0,Artificial Container,0.4966328125,0.50079453125,0.993265625,0.9952859374999999
/kaggle/working/denguewatch_yolov8s_workspace/raw_data/roboflow_mosquito-breeding-expanded_v3_yolov8/valid/images/new_30_png_jpg.rf.4dafb85ef18c348959415b2742eb7feb.jpg,/kaggle/working/denguewatch_yolov8s_workspace/raw_data/roboflow_mosquito-breeding-expanded_v3_yolov8/valid/labels/new_30_png_jpg.rf.4dafb85ef18c348959415b2742eb7feb.txt,valid,0,Artificial Container,0.49943437499999993,0.45759765625,0.9974875,0.7630328125
/kaggle/working/denguewatch_yolov8s_workspace/raw_data/roboflow_mosquito-breeding-expanded_v3_yolov8/valid/images/new_31_png_jpg.rf.0150c7ed135aa55736899110a6026497.jpg,/kaggle/working/denguewatch_yolov8s_workspace/raw_data/roboflow_mosquito-breeding-expanded_v3_yolov8/valid/labels/new_31_png_jpg.rf.0150c7ed135aa55736899110a6026497.txt,valid,0,Artificial Container,0.32584765625,0.5014953125,0.5944515625,0.9938843749999999
/kaggle/working/denguewatch_yolov8s_workspace/raw_data/roboflow_mosquito-breeding-expanded_v3_yolov8/valid/images/new_31_png_jpg.rf.0150c7ed135aa55736899110a6026497.jpg,/kaggle/working/denguewatch_yolov8s_workspace/raw_data/roboflow_mosquito-breeding-expanded_v3_yolov8/valid/labels/new_31_png_jpg.rf.0150c7ed135aa55736899110a6026497.txt,valid,0,Artificial Container,0.821396875,0.49921875,0.35408125,0.9984375
/kaggle/working/denguewatch_yolov8s_workspace/raw_data/roboflow_mosquito-breeding-expanded_v3_yolov8/valid/images/new_32_png_jpg.rf.b417f3640993ac7a1fd5d03e12065f57.jpg,/kaggle/working/denguewatch_yolov8s_workspace/raw_data/roboflow_mosquito-breeding-expanded_v3_yolov8/valid/labels/new_32_png_jpg.rf.b417f3640993ac7a1fd5d03e12065f57.txt,valid,2,Tire,0.36226640624999995,0.511415625,0.5991546875,0.9680375
/kaggle/working/denguewatch_yolov8s_workspace/raw_data/roboflow_mosquito-breeding-expanded_v3_yolov8/valid/images/new_50_png_jpg.rf.a3be1f2dc340a1ecc491dda7ea08d632.jpg,/kaggle/working/denguewatch_yolov8s_workspace/raw_data/roboflow_mosquito-breeding-expanded_v3_yolov8/valid/labels/new_50_png_jpg.rf.a3be1f2dc340a1ecc491dda7ea08d632.txt,valid,1,Drain Inlet,0.49921875,0.49921875,0.9984375,0.9984375
/kaggle/working/denguewatch_yolov8s_workspace/raw_data/roboflow_mosquito-breeding-expanded_v3_yolov8/valid/images/new_5_jpg.rf.bb39194203f7a2b7ec7cc81d1c1a7de0.jpg,/kaggle/working/denguewatch_yolov8s_workspace/raw_data/roboflow_mosquito-breeding-expanded_v3_yolov8/valid/labels/new_5_jpg.rf.bb39194203f7a2b7ec7cc81d1c1a7de0.txt,valid,0,Artificial Container,0.46735625,0.52035390625,0.7380375,0.9561671875
/kaggle/working/denguewatch_yolov8s_workspace/raw_data/roboflow_mosquito-breeding-expanded_v3_yolov8/valid/images/new_73_png_jpg.rf.ad9eda298bb9b0de268ac9277adbb033.jpg,/kaggle/working/denguewatch_yolov8s_workspace/raw_data/roboflow_mosquito-breeding-expanded_v3_yolov8/valid/labels/new_73_png_jpg.rf.ad9eda298bb9b0de268ac9277adbb033.txt,valid,0,Artificial Container,0.58168203125,0.6158445312499999,0.5257609375000001,0.7414046875
/kaggle/working/denguewatch_yolov8s_workspace/raw_data/roboflow_mosquito-breeding-expanded_v3_yolov8/valid/images/new_73_png_jpg.rf.ad9eda298bb9b0de268ac9277adbb033.jpg,/kaggle/working/denguewatch_yolov8s_workspace/raw_data/roboflow_mosquito-breeding-expanded_v3_yolov8/valid/labels/new_73_png_jpg.rf.ad9eda298bb9b0de268ac9277adbb033.txt,valid,0,Artificial Container,0.28841953125,0.36098671875,0.44297656250000006,0.7219734375
/kaggle/working/denguewatch_yolov8s_workspace/raw_data/roboflow_mosquito-breeding-expanded_v3_yolov8/valid/images/new_WhatsApp-Image-2023-07-30-at-5-42-32-PM_jpeg_jpg.rf.68a401ec16ed51502c59cfcd1d19846d.jpg,/kaggle/working/denguewatch_yolov8s_workspace/raw_data/roboflow_mosquito-breeding-expanded_v3_yolov8/valid/labels/new_WhatsApp-Image-2023-07-30-at-5-42-32-PM_jpeg_jpg.rf.68a401ec16ed51502c59cfcd1d19846d.txt,valid,0,Artificial Container,0.40249999999999997,0.53205703125,0.69,0.8975859375
/kaggle/working/denguewatch_yolov8s_workspace/raw_data/roboflow_mosquito-breeding-expanded_v3_yolov8/valid/images/new_WhatsApp-Image-2023-07-30-at-6-03-23-PM_jpeg_jpg.rf.883a3f5aa31fa5d933a95dbe77bab3fd.jpg,/kaggle/working/denguewatch_yolov8s_workspace/raw_data/roboflow_mosquito-breeding-expanded_v3_yolov8/valid/labels/new_WhatsApp-Image-2023-07-30-at-6-03-23-PM_jpeg_jpg.rf.883a3f5aa31fa5d933a95dbe77bab3fd.txt,valid,0,Artificial Container,0.5227335937500001,0.5596265625000001,0.6244796875,0.478125
/kaggle/working/denguewatch_yolov8s_workspace/raw_data/roboflow_mosquito-breeding-expanded_v3_yolov8/valid/images/new_photo_2023-07-31_13-45-21_jpg.rf.bd922695e16ac7874207db6561577aeb.jpg,/kaggle/working/denguewatch_yolov8s_workspace/raw_data/roboflow_mosquito-breeding-expanded_v3_yolov8/valid/labels/new_photo_2023-07-31_13-45-21_jpg.rf.bd922695e16ac7874207db6561577aeb.txt,valid,0,Artificial Container,0.440278125,0.72578125,0.775,0.4359375
/kaggle/working/denguewatch_yolov8s_workspace/raw_data/roboflow_mosquito-breeding-expanded_v3_yolov8/valid/images/new_photo_2023-07-31_13-45-21_jpg.rf.bd922695e16ac7874207db6561577aeb.jpg,/kaggle/working/denguewatch_yolov8s_workspace/raw_data/roboflow_mosquito-breeding-expanded_v3_yolov8/valid/labels/new_photo_2023-07-31_13-45-21_jpg.rf.bd922695e16ac7874207db6561577aeb.txt,valid,0,Artificial Container,0.55694453125,0.37421875000000004,0.7027765625,0.42968750000000006
/kaggle/working/denguewatch_yolov8s_workspace/raw_data/roboflow_mosquito-breeding-expanded_v3_yolov8/valid/images/new_received_1490635745006700_jpeg_jpg.rf.5d7902f987212a204746d4d7670f27d4.jpg,/kaggle/working/denguewatch_yolov8s_workspace/raw_data/roboflow_mosquito-breeding-expanded_v3_yolov8/valid/labels/new_received_1490635745006700_jpeg_jpg.rf.5d7902f987212a204746d4d7670f27d4.txt,valid,0,Artificial Container,0.49804687499999994,0.52571640625,0.9006062499999999,0.6998703125000001
/kaggle/working/denguewatch_yolov8s_workspace/raw_data/roboflow_mosquito-breeding-expanded_v3_yolov8/valid/images/old_20240701_124038_jpg.rf.620ac22f929ce51784bdff433f29a128.jpg,/kaggle/working/denguewatch_yolov8s_workspace/raw_data/roboflow_mosquito-breeding-expanded_v3_yolov8/valid/labels/old_20240701_124038_jpg.rf.620ac22f929ce51784bdff433f29a128.txt,valid,1,Drain Inlet,0.48333269453125,0.64990591640625,0.5592666640625,0.14220390156250007
/kaggle/working/denguewatch_yolov8s_workspace/raw_data/roboflow_mosquito-breeding-expanded_v3_yolov8/valid/images/old_20240701_124331_jpg.rf.a65a6c5d19b1dc4360cee1c1fc7f96bb.jpg,/kaggle/working/denguewatch_yolov8s_workspace/raw_data/roboflow_mosquito-breeding-expanded_v3_yolov8/valid/labels/old_20240701_124331_jpg.rf.a65a6c5d19b1dc4360cee1c1fc7f96bb.txt,valid,0,Artificial Container,0.35377602265624997,0.20581068593750002,0.0991895390625,0.21088254375000004
/kaggle/working/denguewatch_yolov8s_workspace/raw_data/roboflow_mosquito-breeding-expanded_v3_yolov8/valid/images/old_20240701_124453_jpg.rf.aaf9a3a2a8309f3507d9b9020aa9d99e.jpg,/kaggle/working/denguewatch_yolov8s_workspace/raw_data/roboflow_mosquito-breeding-expanded_v3_yolov8/valid/labels/old_20240701_124453_jpg.rf.aaf9a3a2a8309f3507d9b9020aa9d99e.txt,valid,0,Artificial Container,0.695,0.44923031328125,0.073333334375,0.22054470156250006
/kaggle/working/denguewatch_yolov8s_workspace/raw_data/roboflow_mosquito-breeding-expanded_v3_yolov8/valid/images/old_20240701_124453_jpg.rf.aaf9a3a2a8309f3507d9b9020aa9d99e.jpg,/kaggle/working/denguewatch_yolov8s_workspace/raw_data/roboflow_mosquito-breeding-expanded_v3_yolov8/valid/labels/old_20240701_124453_jpg.rf.aaf9a3a2a8309f3507d9b9020aa9d99e.txt,valid,0,Artificial Container,0.53167495,0.27977342578125003,0.03348689687499995,0.06849141718749999
/kaggle/working/denguewatch_yolov8s_workspace/raw_data/roboflow_mosquito-breeding-expanded_v3_yolov8/valid/images/old_20240701_124453_jpg.rf.aaf9a3a2a8309f3507d9b9020aa9d99e.jpg,/kaggle/working/denguewatch_yolov8s_workspace/raw_data/roboflow_mosquito-breeding-expanded_v3_yolov8/valid/labels/old_20240701_124453_jpg.rf.aaf9a3a2a8309f3507d9b9020aa9d99e.txt,valid,0,Artificial Container,0.514536875,0.26555444687499996,0.0059757750000000165,0.031241699999999983
/kaggle/working/denguewatch_yolov8s_workspace/raw_data/roboflow_mosquito-breeding-expanded_v3_yolov8/valid/images/old_20240701_124453_jpg.rf.aaf9a3a2a8309f3507d9b9020aa9d99e.jpg,/kaggle/working/denguewatch_yolov8s_workspace/raw_data/roboflow_mosquito-breeding-expanded_v3_yolov8/valid/labels/old_20240701_124453_jpg.rf.aaf9a3a2a8309f3507d9b9020aa9d99e.txt,valid,0,Artificial Container,0.50320545078125,0.24662918671875,0.015334067187499967,0.03744998593749996
/kaggle/working/denguewatch_yolov8s_workspace/raw_data/roboflow_mosquito-breeding-expanded_v3_yolov8/valid/images/old_20240701_124453_jpg.rf.aaf9a3a2a8309f3507d9b9020aa9d99e.jpg,/kaggle/working/denguewatch_yolov8s_workspace/raw_data/roboflow_mosquito-breeding-expanded_v3_yolov8/valid/labels/old_20240701_124453_jpg.rf.aaf9a3a2a8309f3507d9b9020aa9d99e.txt,valid,0,Artificial Container,0.49322703203125,0.24142223671875002,0.010485795312500046,0.027036085937499982
/kaggle/working/denguewatch_yolov8s_workspace/raw_data/roboflow_mosquito-breeding-expanded_v3_yolov8/test/images/20240701_124037_jpg.rf.7d9d2c1d2d77dec50449367c861de9eb.jpg,/kaggle/working/denguewatch_yolov8s_workspace/raw_data/roboflow_mosquito-breeding-expanded_v3_yolov8/test/labels/20240701_124037_jpg.rf.7d9d2c1d2d77dec50449367c861de9eb.txt,test,1,Drain Inlet,0.5292308510064339,0.6341012599700512,0.5164669275151832,0.12054054393785463
/kaggle/working/denguewatch_yolov8s_workspace/raw_data/roboflow_mosquito-breeding-expanded_v3_yolov8/test/images/5_jpg.rf.814c1ce857df028f04f9f625af79d1b9.jpg,/kaggle/working/denguewatch_yolov8s_workspace/raw_data/roboflow_mosquito-breeding-expanded_v3_yolov8/test/labels/5_jpg.rf.814c1ce857df028f04f9f625af79d1b9.txt,test,1,Drain Inlet,0.4899639423076923,0.5208329326923077,0.7497548076923076,0.9583341346153846
/kaggle/working/denguewatch_yolov8s_workspace/raw_data/roboflow_mosquito-breeding-expanded_v3_yolov8/test/images/81_jpg.rf.0c948675247240e26aa211d5406ca375.jpg,/kaggle/working/denguewatch_yolov8s_workspace/raw_data/roboflow_mosquito-breeding-expanded_v3_yolov8/test/labels/81_jpg.rf.0c948675247240e26aa211d5406ca375.txt,test,1,Drain Inlet,0.5037117832219419,0.6268374472151672,0.5331626414617721,0.18874361078331836
/kaggle/working/denguewatch_yolov8s_workspace/raw_data/roboflow_mosquito-breeding-expanded_v3_yolov8/test/images/new_20230729_125857_jpg.rf.88be982bb6567bb0a3d584be235a26b4.jpg,/kaggle/working/denguewatch_yolov8s_workspace/raw_data/roboflow_mosquito-breeding-expanded_v3_yolov8/test/labels/new_20230729_125857_jpg.rf.88be982bb6567bb0a3d584be235a26b4.txt,test,0,Artificial Container,0.7591664062499999,0.77304921875,0.27166718749999996,0.4507765625
/kaggle/working/denguewatch_yolov8s_workspace/raw_data/roboflow_mosquito-breeding-expanded_v3_yolov8/test/images/new_20230729_125923_jpg.rf.c13c9c2bd00b38d53942d66d91005e1e.jpg,/kaggle/working/denguewatch_yolov8s_workspace/raw_data/roboflow_mosquito-breeding-expanded_v3_yolov8/test/labels/new_20230729_125923_jpg.rf.c13c9c2bd00b38d53942d66d91005e1e.txt,test,0,Artificial Container,0.45785390624999994,0.16972343750000002,0.7231796875,0.33944687500000004
/kaggle/working/denguewatch_yolov8s_workspace/raw_data/roboflow_mosquito-breeding-expanded_v3_yolov8/test/images/new_20230729_125954_jpg.rf.c01653f72995b685040a632568240072.jpg,/kaggle/working/denguewatch_yolov8s_workspace/raw_data/roboflow_mosquito-breeding-expanded_v3_yolov8/test/labels/new_20230729_125954_jpg.rf.c01653f72995b685040a632568240072.txt,test,0,Artificial Container,0.343028125,0.9531109375,0.68605625,0.090653125
/kaggle/working/denguewatch_yolov8s_workspace/raw_data/roboflow_mosquito-breeding-expanded_v3_yolov8/test/images/new_20230729_125954_jpg.rf.fdedf15159e72a47eadf3a07b41b822e.jpg,/kaggle/working/denguewatch_yolov8s_workspace/raw_data/roboflow_mosquito-breeding-expanded_v3_yolov8/test/labels/new_20230729_125954_jpg.rf.fdedf15159e72a47eadf3a07b41b822e.txt,test,0,Artificial Container,0.34695546875,0.034540625000000005,0.6308828125,0.06908125000000001
/kaggle/working/denguewatch_yolov8s_workspace/raw_data/roboflow_mosquito-breeding-expanded_v3_yolov8/test/images/new_20230729_131008-0-_jpg.rf.d421b89f93bbc4c5c72abff878e41140.jpg,/kaggle/working/denguewatch_yolov8s_workspace/raw_data/roboflow_mosquito-breeding-expanded_v3_yolov8/test/labels/new_20230729_131008-0-_jpg.rf.d421b89f93bbc4c5c72abff878e41140.txt,test,0,Artificial Container,0.8111640625000001,0.76276171875,0.37454687499999995,0.4089328124999998
/kaggle/working/denguewatch_yolov8s_workspace/raw_data/roboflow_mosquito-breeding-expanded_v3_yolov8/test/images/new_20230729_131015_jpg.rf.461dddf99bcb28bba1e07cb6cd1a5db2.jpg,/kaggle/working/denguewatch_yolov8s_workspace/raw_data/roboflow_mosquito-breeding-expanded_v3_yolov8/test/labels/new_20230729_131015_jpg.rf.461dddf99bcb28bba1e07cb6cd1a5db2.txt,test,0,Artificial Container,0.7945117187499999,0.64875,0.4078515625,0.3500000000000001
/kaggle/working/denguewatch_yolov8s_workspace/raw_data/roboflow_mosquito-breeding-expanded_v3_yolov8/test/images/new_20230731_115206-1-_jpg.rf.ffc0f2529ff13e8a974ca1e6e33d3963.jpg,/kaggle/working/denguewatch_yolov8s_workspace/raw_data/roboflow_mosquito-breeding-expanded_v3_yolov8/test/labels/new_20230731_115206-1-_jpg.rf.ffc0f2529ff13e8a974ca1e6e33d3963.txt,test,0,Artificial Container,0.081875,0.7866671875,0.16375,0.30000000000000004
/kaggle/working/denguewatch_yolov8s_workspace/raw_data/roboflow_mosquito-breeding-expanded_v3_yolov8/test/images/new_20230731_120603-1-_jpg.rf.1a6cb20f7054c53c311990391d0ce5ec.jpg,/kaggle/working/denguewatch_yolov8s_workspace/raw_data/roboflow_mosquito-breeding-expanded_v3_yolov8/test/labels/new_20230731_120603-1-_jpg.rf.1a6cb20f7054c53c311990391d0ce5ec.txt,test,0,Artificial Container,0.5349999999999999,0.49583359375,0.7699999999999999,0.9916671875
/kaggle/working/denguewatch_yolov8s_workspace/raw_data/roboflow_mosquito-breeding-expanded_v3_yolov8/test/images/new_36_png_jpg.rf.be93cd1ed3e7a43f918f6ba24f3382d1.jpg,/kaggle/working/denguewatch_yolov8s_workspace/raw_data/roboflow_mosquito-breeding-expanded_v3_yolov8/test/labels/new_36_png_jpg.rf.be93cd1ed3e7a43f918f6ba24f3382d1.txt,test,0,Artificial Container,0.34324765625000003,0.5566203125,0.6864953125000001,0.883634375
/kaggle/working/denguewatch_yolov8s_workspace/raw_data/roboflow_mosquito-breeding-expanded_v3_yolov8/test/images/new_39_png_jpg.rf.aa1f7f622af1f7c1a4f124d8906676ad.jpg,/kaggle/working/denguewatch_yolov8s_workspace/raw_data/roboflow_mosquito-breeding-expanded_v3_yolov8/test/labels/new_39_png_jpg.rf.aa1f7f622af1f7c1a4f124d8906676ad.txt,test,1,Drain Inlet,0.5758242187499999,0.45254843749999996,0.8065921874999998,0.9050968749999999
/kaggle/working/denguewatch_yolov8s_workspace/raw_data/roboflow_mosquito-breeding-expanded_v3_yolov8/test/images/new_3_png_jpg.rf.6c5543f2256f8458d9ea135b2bea08db.jpg,/kaggle/working/denguewatch_yolov8s_workspace/raw_data/roboflow_mosquito-breeding-expanded_v3_yolov8/test/labels/new_3_png_jpg.rf.6c5543f2256f8458d9ea135b2bea08db.txt,test,0,Artificial Container,0.49921875,0.5096890625,0.9984375,0.7925000000000001
/kaggle/working/denguewatch_yolov8s_workspace/raw_data/roboflow_mosquito-breeding-expanded_v3_yolov8/test/images/new_4_png_jpg.rf.fe996c2ec5784dc21d1127a6957fedf8.jpg,/kaggle/working/denguewatch_yolov8s_workspace/raw_data/roboflow_mosquito-breeding-expanded_v3_yolov8/test/labels/new_4_png_jpg.rf.fe996c2ec5784dc21d1127a6957fedf8.txt,test,0,Artificial Container,0.52056171875,0.52249296875,0.9557515624999999,0.8200546875
/kaggle/working/denguewatch_yolov8s_workspace/raw_data/roboflow_mosquito-breeding-expanded_v3_yolov8/test/images/new_55_png_jpg.rf.33432bf0a9c435e7e8ae9cdebc4d74d3.jpg,/kaggle/working/denguewatch_yolov8s_workspace/raw_data/roboflow_mosquito-breeding-expanded_v3_yolov8/test/labels/new_55_png_jpg.rf.33432bf0a9c435e7e8ae9cdebc4d74d3.txt,test,1,Drain Inlet,0.49921875,0.5531078125,0.9984375,0.890659375
/kaggle/working/denguewatch_yolov8s_workspace/raw_data/roboflow_mosquito-breeding-expanded_v3_yolov8/test/images/new_80_png_jpg.rf.1b6a4cf08cf2564117b7bf70de968f20.jpg,/kaggle/working/denguewatch_yolov8s_workspace/raw_data/roboflow_mosquito-breeding-expanded_v3_yolov8/test/labels/new_80_png_jpg.rf.1b6a4cf08cf2564117b7bf70de968f20.txt,test,0,Artificial Container,0.53285234375,0.50147890625,0.8024265625,0.9939171875
/kaggle/working/denguewatch_yolov8s_workspace/raw_data/roboflow_mosquito-breeding-expanded_v3_yolov8/test/images/new_81_png_jpg.rf.a3a7dacef468398a3379c9f3fe17763f.jpg,/kaggle/working/denguewatch_yolov8s_workspace/raw_data/roboflow_mosquito-breeding-expanded_v3_yolov8/test/labels/new_81_png_jpg.rf.a3a7dacef468398a3379c9f3fe17763f.txt,test,0,Artificial Container,0.48151640625000003,0.59508046875,0.7821671875,0.8067140625
/kaggle/working/denguewatch_yolov8s_workspace/raw_data/roboflow_mosquito-breeding-expanded_v3_yolov8/test/images/new_8_png_jpg.rf.c38e8b0a4f75bc425039918ddd50260d.jpg,/kaggle/working/denguewatch_yolov8s_workspace/raw_data/roboflow_mosquito-breeding-expanded_v3_yolov8/test/labels/new_8_png_jpg.rf.c38e8b0a4f75bc425039918ddd50260d.txt,test,0,Artificial Container,0.55927265625,0.49921875,0.8673703125000001,0.9984375
/kaggle/working/denguewatch_yolov8s_workspace/raw_data/roboflow_mosquito-breeding-expanded_v3_yolov8/test/images/new_91_png_jpg.rf.5fe7c3549d8ca33ed16a1ed770c0f4db.jpg,/kaggle/working/denguewatch_yolov8s_workspace/raw_data/roboflow_mosquito-breeding-expanded_v3_yolov8/test/labels/new_91_png_jpg.rf.5fe7c3549d8ca33ed16a1ed770c0f4db.txt,test,1,Drain Inlet,0.49921875,0.65255703125,0.9984375,0.6917609375
/kaggle/working/denguewatch_yolov8s_workspace/raw_data/roboflow_mosquito-breeding-expanded_v3_yolov8/test/images/new_WhatsApp-Image-2023-07-30-at-5-43-49-PM_jpeg_jpg.rf.b3fcde8d712658a6374abb46ba42dcb7.jpg,/kaggle/working/denguewatch_yolov8s_workspace/raw_data/roboflow_mosquito-breeding-expanded_v3_yolov8/test/labels/new_WhatsApp-Image-2023-07-30-at-5-43-49-PM_jpeg_jpg.rf.b3fcde8d712658a6374abb46ba42dcb7.txt,test,0,Artificial Container,0.56501328125,0.44797031249999997,0.5074578125,0.727546875
/kaggle/working/denguewatch_yolov8s_workspace/raw_data/roboflow_mosquito-breeding-expanded_v3_yolov8/test/images/new_received_1456859361768842_jpeg_jpg.rf.a06320c45a38f3550a8b61377755d3b5.jpg,/kaggle/working/denguewatch_yolov8s_workspace/raw_data/roboflow_mosquito-breeding-expanded_v3_yolov8/test/labels/new_received_1456859361768842_jpeg_jpg.rf.a06320c45a38f3550a8b61377755d3b5.txt,test,1,Drain Inlet,0.5789078125,0.45166015625,0.785590625,0.5745453125
/kaggle/working/denguewatch_yolov8s_workspace/raw_data/roboflow_mosquito-breeding-expanded_v3_yolov8/test/images/old_20240701_124016_jpg.rf.98a93402ff400a72722f82d0997998db.jpg,/kaggle/working/denguewatch_yolov8s_workspace/raw_data/roboflow_mosquito-breeding-expanded_v3_yolov8/test/labels/old_20240701_124016_jpg.rf.98a93402ff400a72722f82d0997998db.txt,test,1,Drain Inlet,0.3565543890625,0.37381657734374996,0.48010882499999996,0.38743721093749994
/kaggle/working/denguewatch_yolov8s_workspace/raw_data/roboflow_mosquito-breeding-expanded_v3_yolov8/test/images/old_20240701_124037_jpg.rf.8f529a82cd8d84869acd934e71fa7539.jpg,/kaggle/working/denguewatch_yolov8s_workspace/raw_data/roboflow_mosquito-breeding-expanded_v3_yolov8/test/labels/old_20240701_124037_jpg.rf.8f529a82cd8d84869acd934e71fa7539.txt,test,1,Drain Inlet,0.52923085078125,0.634101259375,0.5164669265625,0.12054054375000012
/kaggle/working/denguewatch_yolov8s_workspace/raw_data/roboflow_mosquito-breeding-expanded_v3_yolov8/test/images/old_20240701_124448_jpg.rf.4799e0b22179ce259b7d72708adf9e5d.jpg,/kaggle/working/denguewatch_yolov8s_workspace/raw_data/roboflow_mosquito-breeding-expanded_v3_yolov8/test/labels/old_20240701_124448_jpg.rf.4799e0b22179ce259b7d72708adf9e5d.txt,test,0,Artificial Container,0.4467565640625,0.452446875,0.08560327812499996,0.18656755937500002
/kaggle/working/denguewatch_yolov8s_workspace/raw_data/roboflow_mosquito-breeding-expanded_v3_yolov8/test/images/old_20240701_124451_jpg.rf.da18ae5de58407b823f820efe15b16ea.jpg,/kaggle/working/denguewatch_yolov8s_workspace/raw_data/roboflow_mosquito-breeding-expanded_v3_yolov8/test/labels/old_20240701_124451_jpg.rf.da18ae5de58407b823f820efe15b16ea.txt,test,0,Artificial Container,0.5122315039062499,0.17834872265624999,0.0971712890625,0.2202647828125
